AIRPORT_SEQ_ID,AIRPORT_ID,AIRPORT,DISPLAY_AIRPORT_NAME,DISPLAY_AIRPORT_CITY_NAME_FULL,AIRPORT_WAC,AIRPORT_COUNTRY_NAME,AIRPORT_COUNTRY_CODE_ISO,AIRPORT_STATE_NAME,AIRPORT_STATE_CODE,AIRPORT_STATE_FIPS,CITY_MARKET_ID,DISPLAY_CITY_MARKET_NAME_FULL,CITY_MARKET_WAC,LAT_DEGREES,LAT_HEMISPHERE,LAT_MINUTES,LAT_SECONDS,LATITUDE,LON_DEGREES,LON_HEMISPHERE,LON_MINUTES,LON_SECONDS,LONGITUDE,AIRPORT_START_DATE,AIRPORT_THRU_DATE,AIRPORT_IS_CLOSED,AIRPORT_IS_LATEST
1000101,10001,01A,Afognak Lake Airport,"Afognak Lake, AK",1,United States,US,Alaska,AK,2.0,30001,"Afognak Lake, AK",1,58.0,N,6.0,34.0,58.10944444,152.0,W,54.0,24.0,-152.90666667,7/1/2007 12:00:00 AM,,0,1
1000301,10003,03A,Bear Creek Mining Strip,"Granite Mountain, AK",1,United States,US,Alaska,AK,2.0,30003,"Granite Mountain, AK",1,65.0,N,32.0,53.0,65.54805556,161.0,W,4.0,18.0,-161.07166667,7/1/2007 12:00:00 AM,,0,1
1000401,10004,04A,Lik Mining Camp,"Lik, AK",1,United States,US,Alaska,AK,2.0,30004,"Lik, AK",1,68.0,N,5.0,0.0,68.08333333,163.0,W,10.0,0.0,-163.16666667,7/1/2007 12:00:00 AM,,0,1
1000501,10005,05A,Little Squaw Airport,"Little Squaw, AK",1,United States,US,Alaska,AK,2.0,30005,"Little Squaw, AK",1,67.0,N,34.0,12.0,67.57,148.0,W,11.0,2.0,-148.18388889,8/1/2007 12:00:00 AM,,0,1
1000601,10006,06A,Kizhuyak Bay,"Kizhuyak, AK",1,United States,US,Alaska,AK,2.0,30006,"Kizhuyak, AK",1,57.0,N,44.0,43.0,57.74527778,152.0,W,52.0,58.0,-152.88277778,10/1/2007 12:00:00 AM,,0,1
1000701,10007,07A,Klawock Seaplane Base,"Klawock, AK",1,United States,US,Alaska,AK,2.0,30007,"Klawock, AK",1,55.0,N,33.0,17.0,55.55472222,133.0,W,6.0,6.0,-133.10166667,4/1/2008 12:00:00 AM,,0,1
1000801,10008,08A,Elizabeth Island Airport,"Elizabeth Island, AK",1,United States,US,Alaska,AK,2.0,30008,"Elizabeth Island, AK",1,59.0,N,9.0,25.0,59.15694444,151.0,W,49.0,45.0,-151.82916667,6/1/2008 12:00:00 AM,,0,1
1000901,10009,09A,Augustin Island,"Homer, AK",1,United States,US,Alaska,AK,2.0,30009,"Homer, AK",1,59.0,N,21.0,46.0,59.36277778,153.0,W,25.0,50.0,-153.43055556,6/1/2008 12:00:00 AM,,0,1
1001001,10010,1B1,Columbia County,"Hudson, NY",22,United States,US,New York,NY,36.0,30010,"Hudson, NY",22,42.0,N,17.0,20.0,42.28888889,73.0,W,42.0,37.0,-73.71027778,4/1/2009 12:00:00 AM,6/30/2011 12:00:00 AM,0,0
1001101,10011,1G4,Grand Canyon West,"Peach Springs, AZ",81,United States,US,Arizona,AZ,4.0,30011,"Peach Springs, AZ",81,35.0,N,59.0,25.0,35.99027778,113.0,W,48.0,59.0,-113.81638889,7/1/2008 12:00:00 AM,9/30/2011 12:00:00 AM,0,0
1001201,10012,1N7,Blairstown Airport,"Blairstown, NJ",21,United States,US,New Jersey,NJ,34.0,30012,"Blairstown, NJ",21,40.0,N,58.0,16.0,40.97111111,74.0,W,59.0,51.0,-74.9975,7/1/2008 12:00:00 AM,,0,1
1001301,10013,8F3,Crosbyton Municipal,"Crosbyton, TX",74,United States,US,Texas,TX,48.0,30013,"Crosbyton, TX",74,33.0,N,37.0,26.0,33.62388889,101.0,W,14.0,27.0,-101.24083333,1/1/2009 12:00:00 AM,,0,1
1001401,10014,A01,Blair Lake,"Fairbanks/Ft. Wainwright, AK",1,United States,US,Alaska,AK,2.0,31517,"Fairbanks, AK",1,64.0,N,21.0,51.0,64.36416667,147.0,W,21.0,41.0,-147.36138889,10/1/2002 12:00:00 AM,6/30/2011 12:00:00 AM,0,0
1001501,10015,A02,Deadmans Bay Airport,"Deadmans Bay, AK",1,United States,US,Alaska,AK,2.0,30015,"Deadmans Bay, AK",1,57.0,N,4.0,0.0,57.06666667,153.0,W,56.0,16.0,-153.93777778,6/1/2002 12:00:00 AM,,0,1
1001601,10016,A03,Hallo Bay Airport,"Hallo Bay, AK",1,United States,US,Alaska,AK,2.0,30016,"Hallo Bay, AK",1,58.0,N,27.0,27.0,58.4575,154.0,W,1.0,24.0,-154.02333333,4/1/2002 12:00:00 AM,,0,1
1001701,10017,A04,Red Lake Airport,"Red Lake, AK",1,United States,US,Alaska,AK,2.0,30017,"Red Lake, AK",1,57.0,N,16.0,38.0,57.27722222,154.0,W,20.0,32.0,-154.34222222,9/1/2002 12:00:00 AM,,0,1
1001801,10018,A05,Shell Lake Airport,"Shell Lake, AK",1,United States,US,Alaska,AK,2.0,30018,"Shell Lake, AK",1,61.0,N,57.0,50.0,61.96388889,151.0,W,33.0,21.0,-151.55583333,11/1/2002 12:00:00 AM,,0,1
1001901,10019,A06,Navigator Airstrip,"Kougarok, AK",1,United States,US,Alaska,AK,2.0,30019,"Kougarok, AK",1,65.0,N,39.0,20.0,65.65555556,165.0,W,21.0,23.0,-165.35638889,6/1/2002 12:00:00 AM,,0,1
1002001,10020,A07,Roland Norton Memorial Airstrip,"Selawik, AK",1,United States,US,Alaska,AK,2.0,30020,"Selawik, AK",1,66.0,N,45.0,57.0,66.76583333,160.0,W,9.0,9.0,-160.1525,12/1/2002 12:00:00 AM,6/30/2011 12:00:00 AM,0,0
1002101,10021,A08,Pillar Bay Airport,"Pillar Bay, AK",1,United States,US,Alaska,AK,2.0,30021,"Pillar Bay, AK",1,56.0,N,35.0,53.0,56.59805556,134.0,W,14.0,34.0,-134.24277778,1/1/1950 12:00:00 AM,,0,1
1002201,10022,JOH,Johnstone Point Airport,"Johnstone Point, AK",1,United States,US,Alaska,AK,2.0,30022,"Johnstone Point, AK",1,60.0,N,28.0,53.0,60.48138889,146.0,W,34.0,56.0,-146.58222222,7/1/1974 12:00:00 AM,12/31/2002 12:00:00 AM,0,0
1002202,10022,A09,Johnstone Point Airport,"Johnstone Point, AK",1,United States,US,Alaska,AK,2.0,30022,"Johnstone Point, AK",1,60.0,N,28.0,56.0,60.48222222,146.0,W,34.0,56.0,-146.58222222,1/1/2003 12:00:00 AM,11/30/2013 12:00:00 AM,0,0
1002301,10023,TLK,Tikchik Lodge Airport,"Tikchik Lodge, AK",1,United States,US,Alaska,AK,2.0,30023,"Tikchik Lodge, AK",1,59.0,N,57.0,20.0,59.95555556,158.0,W,28.0,50.0,-158.48055556,1/1/1950 12:00:00 AM,11/30/2002 12:00:00 AM,0,0
1002302,10023,KTH,Tikchik Lodge Airport,"Tikchik Lodge, AK",1,United States,US,Alaska,AK,2.0,30023,"Tikchik Lodge, AK",1,59.0,N,57.0,20.0,59.95555556,158.0,W,28.0,50.0,-158.48055556,12/1/2002 12:00:00 AM,,0,1
1002401,10024,A11,Bell Creek Airport,"Bell Creek, AK",1,United States,US,Alaska,AK,2.0,30024,"Bell Creek, AK",1,60.0,N,47.0,2.0,60.78388889,159.0,W,32.0,25.0,-159.54027778,12/1/2002 12:00:00 AM,,0,1
1002501,10025,A12,Cinnabar Airport,"Cinnabar, AK",1,United States,US,Alaska,AK,2.0,30025,"Cinnabar, AK",1,60.0,N,47.0,7.0,60.78527778,158.0,W,51.0,52.0,-158.86444444,12/1/2002 12:00:00 AM,,0,1
1002601,10026,A13,Mountaintop Mine Airport,"Mountaintop Mine, AK",1,United States,US,Alaska,AK,2.0,30026,"Mountaintop Mine, AK",1,61.0,N,23.0,25.0,61.39027778,157.0,W,59.0,44.0,-157.99555556,12/1/2002 12:00:00 AM,,0,1
1002701,10027,A14,Whitebear Airport,"Whitebear, AK",1,United States,US,Alaska,AK,2.0,30027,"Whitebear, AK",1,61.0,N,11.0,20.0,61.18888889,159.0,W,51.0,30.0,-159.85833333,12/1/2002 12:00:00 AM,,0,1
1002801,10028,A15,Puviaq Airport,"Puviaq, AK",1,United States,US,Alaska,AK,2.0,30028,"Puviaq, AK",1,70.0,N,43.0,7.0,70.71861111,154.0,W,23.0,18.0,-154.38833333,2/1/2003 12:00:00 AM,6/30/2011 12:00:00 AM,0,0
1002901,10029,A16,Arley Lake Airport,"Arley Lake, AK",1,United States,US,Alaska,AK,2.0,30029,"Arley Lake, AK",1,70.0,N,44.0,49.0,70.74694444,155.0,W,21.0,39.0,-155.36083333,3/1/2003 12:00:00 AM,,0,1
1003001,10030,A17,Port Vita Airport,"Port Vita, AK",1,United States,US,Alaska,AK,2.0,30030,"Port Vita, AK",1,58.0,N,3.0,56.0,58.06555556,153.0,W,4.0,21.0,-153.0725,9/1/2002 12:00:00 AM,,0,1
1003101,10031,A18,Kantishna Airport,"Kantishna, AK",1,United States,US,Alaska,AK,2.0,30031,"Kantishna, AK",1,63.0,N,32.0,30.0,63.54166667,150.0,W,59.0,38.0,-150.99388889,1/1/1950 12:00:00 AM,11/30/2015 12:00:00 AM,0,0
1003301,10033,A20,Alpine Airstrip,"Alpine, AK",1,United States,US,Alaska,AK,2.0,30033,"Alpine, AK",1,70.0,N,20.0,39.0,70.34416667,150.0,W,56.0,41.0,-150.94472222,8/1/2002 12:00:00 AM,,0,1
1003401,10034,A21,Serpentine Airport,"Serpentine, AK",1,United States,US,Alaska,AK,2.0,30034,"Serpentine, AK",1,65.0,N,51.0,5.0,65.85138889,164.0,W,42.0,10.0,-164.70277778,5/1/2003 12:00:00 AM,,0,1
1003501,10035,A22,Driftwood Bay Airport,"Driftwood Bay, AK",1,United States,US,Alaska,AK,2.0,30035,"Driftwood Bay, AK",1,53.0,N,58.0,22.0,53.97277778,166.0,W,51.0,25.0,-166.85694444,1/1/2003 12:00:00 AM,,0,1
1003601,10036,A23,Bradley Lake Airport,"Bradley Lake, AK",1,United States,US,Alaska,AK,2.0,30036,"Bradley Lake, AK",1,59.0,N,46.0,34.0,59.77611111,151.0,W,57.0,49.0,-151.96361111,1/1/2003 12:00:00 AM,,0,1
1003701,10037,A24,Chilkat Lake Airport,"Chilkat Lake, AK",1,United States,US,Alaska,AK,2.0,30037,"Chilkat Lake, AK",1,59.0,N,19.0,54.0,59.33166667,135.0,W,53.0,48.0,-135.89666667,8/1/2002 12:00:00 AM,,0,1
1003801,10038,A25,Nugget Creek Airport,"Nugget Creek, AK",1,United States,US,Alaska,AK,2.0,30038,"Nugget Creek, AK",1,59.0,N,17.0,18.0,59.28833333,136.0,W,10.0,26.0,-136.17388889,8/1/2002 12:00:00 AM,,0,1
1003901,10039,A26,Ivotuk Airstrip,"Ivotuk, AK",1,United States,US,Alaska,AK,2.0,30039,"Ivotuk, AK",1,68.0,N,29.0,0.0,68.48333333,155.0,W,44.0,0.0,-155.73333333,5/1/2003 12:00:00 AM,,0,1
1004001,10040,A27,Pogo Mines Airport,"Pogo Mines, AK",1,United States,US,Alaska,AK,2.0,30040,"Pogo Mines, AK",1,64.0,N,26.0,24.0,64.44,144.0,W,56.0,11.0,-144.93638889,10/1/2003 12:00:00 AM,,0,1
1004101,10041,A28,Ayakulik River Airport,"Ayakulik River, AK",1,United States,US,Alaska,AK,2.0,30041,"Ayakulik River, AK",1,57.0,N,15.0,14.0,57.25388889,154.0,W,25.0,20.0,-154.42222222,1/1/2001 12:00:00 AM,,0,1
1004201,10042,A29,Kiluda Bay Airport,"Kiluda Bay, AK",1,United States,US,Alaska,AK,2.0,30042,"Kiluda Bay, AK",1,57.0,N,19.0,23.0,57.32305556,153.0,W,8.0,58.0,-153.14944444,1/1/2001 12:00:00 AM,,0,1
1004301,10043,A30,Terror Lake Airport,"Terror Lake, AK",1,United States,US,Alaska,AK,2.0,30043,"Terror Lake, AK",1,57.0,N,57.0,50.0,57.96388889,153.0,W,3.0,30.0,-153.05833333,1/1/2001 12:00:00 AM,,0,1
1004401,10044,A31,Selief Bay Airport,"Selief Bay, AK",1,United States,US,Alaska,AK,2.0,30044,"Selief Bay, AK",1,58.0,N,58.0,58.0,58.98277778,153.0,W,11.0,0.0,-153.18333333,1/1/2001 12:00:00 AM,,0,1
1004701,10047,A34,Laura Lake Airport,"Laura Lake, AK",1,United States,US,Alaska,AK,2.0,30047,"Laura Lake, AK",1,58.0,N,21.0,43.0,58.36194444,152.0,W,18.0,44.0,-152.31222222,7/1/2002 12:00:00 AM,,0,1
1004901,10049,A36,Deep Bay Airport,"Deep Bay, AK",1,United States,US,Alaska,AK,2.0,30049,"Deep Bay, AK",1,55.0,N,33.0,37.0,55.56027778,131.0,W,39.0,20.0,-131.65555556,1/1/2001 12:00:00 AM,,0,1
1005001,10050,A37,Kako Airport,"Kako, AK",1,United States,US,Alaska,AK,2.0,30050,"Kako, AK",1,61.0,N,53.0,56.0,61.89888889,161.0,W,26.0,17.0,-161.43805556,1/1/2003 12:00:00 AM,6/30/2011 12:00:00 AM,0,0
1005101,10051,A38,Molly Creek Airport,"Molly Creek, AK",1,United States,US,Alaska,AK,2.0,30051,"Molly Creek, AK",1,64.0,N,5.0,50.0,64.09722222,143.0,W,16.0,0.0,-143.26666667,1/1/2003 12:00:00 AM,,0,1
1005201,10052,A39,Ptarmigan Lake Airport,"Ptarmigan Lake, AK",1,United States,US,Alaska,AK,2.0,30052,"Ptarmigan Lake, AK",1,61.0,N,51.0,58.0,61.86611111,141.0,W,9.0,35.0,-141.15972222,1/1/2003 12:00:00 AM,,0,1
1005301,10053,A40,Cape Simpson Airport,"Cape Simpson, AK",1,United States,US,Alaska,AK,2.0,30053,"Cape Simpson, AK",1,71.0,N,3.0,25.0,71.05694444,154.0,W,43.0,42.0,-154.72833333,7/1/2002 12:00:00 AM,,0,1
1005401,10054,A41,Kogru River Airport,"Kogru River, AK",1,United States,US,Alaska,AK,2.0,30054,"Kogru River, AK",1,70.0,N,34.0,34.0,70.57611111,152.0,W,16.0,16.0,-152.27111111,7/1/2002 12:00:00 AM,6/30/2011 12:00:00 AM,0,0
1005501,10055,A42,Teshepkuk Lake Airport,"Teshepkuk Lake, AK",1,United States,US,Alaska,AK,2.0,30055,"Teshepkuk Lake, AK",1,70.0,N,21.0,30.0,70.35833333,153.0,W,11.0,48.0,-153.19666667,1/1/2004 12:00:00 AM,,0,1
1005601,10056,A43,Trident Basin Seaplane Base,"Kodiak Island, AK",1,United States,US,Alaska,AK,2.0,30056,"Kodiak Island, AK",1,57.0,N,46.0,51.0,57.78083333,152.0,W,23.0,28.0,-152.39111111,4/1/2003 12:00:00 AM,,0,1
1005801,10058,A45,Lake Florence Airport,"Lake Florence, AK",1,United States,US,Alaska,AK,2.0,30058,"Lake Florence, AK",1,57.0,N,49.0,0.0,57.81666667,134.0,W,35.0,0.0,-134.58333333,7/1/2004 12:00:00 AM,,0,1
1005901,10059,A46,Lake Hasselborg Airport,"Lake Hasselborg, AK",1,United States,US,Alaska,AK,2.0,30059,"Lake Hasselborg, AK",1,57.0,N,42.0,0.0,57.7,134.0,W,16.0,0.0,-134.26666667,7/1/2004 12:00:00 AM,,0,1
1006001,10060,A47,Distin Lake Airport,"Distin Lake, AK",1,United States,US,Alaska,AK,2.0,30060,"Distin Lake, AK",1,57.0,N,37.0,0.0,57.61666667,134.0,W,22.0,0.0,-134.36666667,7/1/2004 12:00:00 AM,,0,1
1006101,10061,A48,Port Hobron Airport,"Port Hobron, AK",1,United States,US,Alaska,AK,2.0,30061,"Port Hobron, AK",1,57.0,N,9.0,0.0,57.15,153.0,W,9.0,0.0,-153.15,7/1/2004 12:00:00 AM,,0,1
1006201,10062,A49,Mooseville Airstrip Airport,"Mooseville Airstrip, AK",1,United States,US,Alaska,AK,2.0,30062,"Mooseville Airstrip, AK",1,70.0,N,17.0,4.0,70.28444444,152.0,W,12.0,43.0,-152.21194444,1/1/2005 12:00:00 AM,,0,1
1006301,10063,A50,Big Bay Airport,"Big Bay, AK",1,United States,US,Alaska,AK,2.0,30063,"Big Bay, AK",1,58.0,N,33.0,45.0,58.5625,152.0,W,35.0,46.0,-152.59611111,1/1/2005 12:00:00 AM,,0,1
1006401,10064,A51,Wien Lake Airport,"Wien Lake, AK",1,United States,US,Alaska,AK,2.0,30064,"Wien Lake, AK",1,64.0,N,21.0,10.0,64.35277778,151.0,W,16.0,30.0,-151.275,1/1/2005 12:00:00 AM,,0,1
1006501,10065,A52,Silver Salmon Creek Airport,"Silver Salmon Creek, AK",1,United States,US,Alaska,AK,2.0,30065,"Silver Salmon Creek, AK",1,59.0,N,57.0,50.0,59.96388889,152.0,W,40.0,56.0,-152.68222222,4/1/2003 12:00:00 AM,,0,1
1006601,10066,A53,Blear Lake Airport,"Blear Lake, AK",1,United States,US,Alaska,AK,2.0,30066,"Blear Lake, AK",1,64.0,N,20.0,0.0,64.33333333,147.0,W,30.0,0.0,-147.5,6/1/2005 12:00:00 AM,,0,1
1006701,10067,A54,Cannery Bay Airport,"Cannery Bay, AK",1,United States,US,Alaska,AK,2.0,30067,"Cannery Bay, AK",1,53.0,N,41.0,0.0,53.68333333,166.0,W,45.0,0.0,-166.75,1/1/2005 12:00:00 AM,,0,1
1006901,10069,A56,Johnsons Landing,"Bear Lake, AK",1,United States,US,Alaska,AK,2.0,30069,"Bear Lake, AK",1,56.0,N,2.0,12.0,56.03666667,160.0,W,15.0,58.0,-160.26611111,3/1/2005 12:00:00 AM,,0,1
1007001,10070,VZK,International Seafoods Airport,"International Seafoods, AK",1,United States,US,Alaska,AK,2.0,36440,"International Seafoods, AK",1,58.0,N,16.0,0.0,58.26666667,157.0,W,32.0,0.0,-157.53333333,4/1/1999 12:00:00 AM,9/30/2001 12:00:00 AM,0,0
1007002,10070,A57,International Seafoods Airport,"International Seafoods, AK",1,United States,US,Alaska,AK,2.0,36440,"International Seafoods, AK",1,58.0,N,16.0,0.0,58.26666667,157.0,W,32.0,0.0,-157.53333333,10/1/2001 12:00:00 AM,,0,1
1007101,10071,A58,Cosna River Airport,"Cosna River, AK",1,United States,US,Alaska,AK,2.0,30071,"Cosna River, AK",1,64.0,N,30.0,0.0,64.5,151.0,W,40.0,0.0,-151.66666667,4/1/2005 12:00:00 AM,,0,1
1007201,10072,A59,Ivatuk Airport,"Ivatuk, AK",1,United States,US,Alaska,AK,2.0,30072,"Ivatuk, AK",1,68.0,N,29.0,16.0,68.48777778,155.0,W,45.0,27.0,-155.7575,4/1/2005 12:00:00 AM,,0,1
1007401,10074,A61,Cape Sarichef AFS,"Cape Sarichef, AK",1,United States,US,Alaska,AK,2.0,30074,"Cape Sarichef, AK",1,54.0,N,35.0,0.0,54.58333333,164.0,W,54.0,45.0,-164.9125,3/1/1999 12:00:00 AM,6/30/2011 12:00:00 AM,0,0
1007501,10075,A62,Taylor Mountain,"Taylor Mountain Mine, AK",1,United States,US,Alaska,AK,2.0,30075,"Taylor Mountain Mine, AK",1,60.0,N,52.0,4.0,60.86777778,157.0,W,23.0,31.0,-157.39194444,4/1/2005 12:00:00 AM,,0,1
1007601,10076,A63,Coal Creek,"Yukon Charley Rivvers, AK",1,United States,US,Alaska,AK,2.0,30076,"Yukon Charley Rivvers, AK",1,65.0,N,18.0,40.0,65.31111111,143.0,W,8.0,7.0,-143.13527778,6/1/2005 12:00:00 AM,6/30/2011 12:00:00 AM,0,0
1007801,10078,A65,Karluk Portage Airport,"Karluk Portage, AK",1,United States,US,Alaska,AK,2.0,30078,"Karluk Portage, AK",1,57.0,N,32.0,18.0,57.53833333,154.0,W,9.0,52.0,-154.16444444,6/1/2005 12:00:00 AM,,0,1
1007901,10079,A66,Hope Airport,"Hope, AK",1,United States,US,Alaska,AK,2.0,30079,"Hope, AK",1,60.0,N,54.0,20.0,60.90555556,149.0,W,37.0,26.0,-149.62388889,8/1/2005 12:00:00 AM,6/30/2011 12:00:00 AM,0,0
1008001,10080,A67,Viekoda Bay Airport,"Viekoda Bay, AK",1,United States,US,Alaska,AK,2.0,30080,"Viekoda Bay, AK",1,57.0,N,50.0,58.0,57.84944444,153.0,W,6.0,55.0,-153.11527778,7/1/2005 12:00:00 AM,,0,1
1008201,10082,A69,Cathedral Strip,"Cold Bay, AK",1,United States,US,Alaska,AK,2.0,30082,"Cold Bay, AK",1,55.0,N,44.0,24.0,55.74,162.0,W,7.0,31.0,-162.12527778,7/1/2005 12:00:00 AM,,0,1
1008301,10083,A70,Village Islands Airport,"Village Islands, AK",1,United States,US,Alaska,AK,2.0,30083,"Village Islands, AK",1,57.0,N,46.0,27.0,57.77416667,153.0,W,32.0,41.0,-153.54472222,10/1/2005 12:00:00 AM,,0,1
1008401,10084,A71,Bear Cove Farm,"Homer, AK",1,United States,US,Alaska,AK,2.0,30009,"Homer, AK",1,59.0,N,44.0,18.0,59.73833333,151.0,W,1.0,48.0,-151.03,4/1/2005 12:00:00 AM,,0,1
1008501,10085,A72,Chinitna Bay Airport,"Chinitna Bay, AK",1,United States,US,Alaska,AK,2.0,30085,"Chinitna Bay, AK",1,59.0,N,50.0,0.0,59.83333333,152.0,W,35.0,5.0,-152.58472222,4/1/2005 12:00:00 AM,,0,1
1008601,10086,A73,McKinley National Park,"McKinley Park, AK",1,United States,US,Alaska,AK,2.0,30086,"McKinley Park, AK",1,63.0,N,43.0,57.0,63.7325,148.0,W,54.0,38.0,-148.91055556,1/1/1950 12:00:00 AM,,0,1
1008701,10087,A74,Dog Fish Bay,"Nanwalek, AK",1,United States,US,Alaska,AK,2.0,32649,"Nanwalek, AK",1,59.0,N,14.0,28.0,59.24111111,151.0,W,52.0,38.0,-151.87722222,4/1/2005 12:00:00 AM,,0,1
1008801,10088,A75,Malina Bay Airport,"Malina Bay, AK",1,United States,US,Alaska,AK,2.0,30088,"Malina Bay, AK",1,58.0,N,10.0,19.0,58.17194444,152.0,W,53.0,39.0,-152.89416667,10/1/2005 12:00:00 AM,,0,1
1008901,10089,A76,Red Fox Bay Airport,"Red Fox Bay, AK",1,United States,US,Alaska,AK,2.0,30089,"Red Fox Bay, AK",1,58.0,N,27.0,52.0,58.46444444,152.0,W,35.0,35.0,-152.59305556,10/1/2005 12:00:00 AM,,0,1
1009001,10090,A77,Shearwater Airport,"Shearwater, AK",1,United States,US,Alaska,AK,2.0,30090,"Shearwater, AK",1,57.0,N,20.0,36.0,57.34333333,152.0,W,53.0,50.0,-152.89722222,10/1/2005 12:00:00 AM,,0,1
1009101,10091,A78,Lake,"Cape Simpson, AK",1,United States,US,Alaska,AK,2.0,30053,"Cape Simpson, AK",1,71.0,N,1.0,48.0,71.03,154.0,W,26.0,37.0,-154.44361111,10/1/2005 12:00:00 AM,,0,1
1009201,10092,A79,Cape Simpson No. 1,"Cape Simpson, AK",1,United States,US,Alaska,AK,2.0,30053,"Cape Simpson, AK",1,71.0,N,30.0,6.0,71.50166667,154.0,W,2.0,2.0,-154.03388889,10/1/2005 12:00:00 AM,,0,1
1009301,10093,A80,Cape Simpson No. 7,"Cape Simpson, AK",1,United States,US,Alaska,AK,2.0,30053,"Cape Simpson, AK",1,70.0,N,34.0,26.0,70.57388889,155.0,W,19.0,17.0,-155.32138889,10/1/2005 12:00:00 AM,,0,1
1009401,10094,A81,Cape Simpson #1,"Aglaq, AK",1,United States,US,Alaska,AK,2.0,30094,"Aglaq, AK",1,70.0,N,39.0,46.0,70.66277778,154.0,W,50.0,12.0,-154.83666667,1/1/2006 12:00:00 AM,,0,1
1009501,10095,A82,Nikiski Private Airstrip,"Nikiski, AK",1,United States,US,Alaska,AK,2.0,30095,"Nikiski, AK",1,60.0,N,41.0,25.0,60.69027778,151.0,W,17.0,20.0,-151.28888889,1/1/2006 12:00:00 AM,,0,1
1009601,10096,A83,Petrof Point Airport,"Petrof Point, AK",1,United States,US,Alaska,AK,2.0,30096,"Petrof Point, AK",1,59.0,N,22.0,35.0,59.37638889,150.0,W,45.0,54.0,-150.765,3/1/2006 12:00:00 AM,,0,1
1009701,10097,A84,Denali West Lodge Private,"Denali, AK",1,United States,US,Alaska,AK,2.0,30097,"Denali, AK",1,63.0,N,45.0,20.0,63.75555556,147.0,W,55.0,48.0,-147.93,6/1/2006 12:00:00 AM,,0,1
1009801,10098,A85,Big River Airport,"Big River, AK",1,United States,US,Alaska,AK,2.0,30098,"Big River, AK",1,61.0,N,51.0,34.0,61.85944444,154.0,W,16.0,36.0,-154.27666667,10/1/2002 12:00:00 AM,,0,1
1010001,10100,A87,Carry Inlet Airport,"Carry Inlet, AK",1,United States,US,Alaska,AK,2.0,30100,"Carry Inlet, AK",1,58.0,N,34.0,59.0,58.58305556,152.0,W,26.0,45.0,-152.44583333,7/1/2006 12:00:00 AM,,0,1
1010201,10102,A89,Montague Island Airport,"Montague Island, AK",1,United States,US,Alaska,AK,2.0,30102,"Montague Island, AK",1,59.0,N,55.0,30.0,59.925,147.0,W,31.0,0.0,-147.51666667,10/1/2006 12:00:00 AM,,0,1
1010301,10103,A90,Shannon Pond Airport,"Shannon Pond, AK",1,United States,US,Alaska,AK,2.0,30103,"Shannon Pond, AK",1,59.0,N,2.0,21.0,59.03916667,158.0,W,27.0,50.0,-158.46388889,1/1/2007 12:00:00 AM,,0,1
1010401,10104,A91,Omalik Lagoon Airport,"Omalik Lagoon, AK",1,United States,US,Alaska,AK,2.0,30104,"Omalik Lagoon, AK",1,69.0,N,9.0,20.0,69.15555556,163.0,W,29.0,50.0,-163.49722222,1/1/2007 12:00:00 AM,,0,1
1010501,10105,A92,Omolik Lagoon Airport,"Omolik Lagoon, AK",1,United States,US,Alaska,AK,2.0,30105,"Omolik Lagoon, AK",1,69.0,N,8.0,53.0,69.14805556,163.0,W,30.0,37.0,-163.51027778,4/1/2007 12:00:00 AM,,0,1
1010601,10106,A93,Bradley Lake Project Airport,"Bradley Lake Project, AK",1,United States,US,Alaska,AK,2.0,30106,"Bradley Lake Project, AK",1,59.0,N,47.0,30.0,59.79166667,151.0,W,16.0,0.0,-151.26666667,4/1/2007 12:00:00 AM,,0,1
1010701,10107,A94,Ice Strip,"Barrow, AK",1,United States,US,Alaska,AK,2.0,30107,"Barrow, AK",1,70.0,N,34.0,27.0,70.57416667,155.0,W,19.0,5.0,-155.31805556,1/1/2007 12:00:00 AM,,0,1
1010801,10108,A95,Ice Strip,"Barrow, AK",1,United States,US,Alaska,AK,2.0,30107,"Barrow, AK",1,70.0,N,18.0,43.0,70.31194444,153.0,W,14.0,57.0,-153.24916667,3/1/2007 12:00:00 AM,,0,1
1010901,10109,A96,Ice Strip,"Barrow, AK",1,United States,US,Alaska,AK,2.0,30107,"Barrow, AK",1,70.0,N,58.0,51.0,70.98083333,157.0,W,5.0,42.0,-157.095,3/1/2007 12:00:00 AM,,0,1
1011001,10110,A97,Akulik Air Strip,"Akulik, AK",1,United States,US,Alaska,AK,2.0,30110,"Akulik, AK",1,68.0,N,59.0,8.0,68.98555556,163.0,W,28.0,47.0,-163.47972222,6/1/2007 12:00:00 AM,,0,1
1011101,10111,A98,Deadfall Air Strip,"Deadfall, AK",1,United States,US,Alaska,AK,2.0,30111,"Deadfall, AK",1,69.0,N,10.0,15.0,69.17083333,163.0,W,15.0,23.0,-163.25638889,7/1/2007 12:00:00 AM,,0,1
1011201,10112,A99,Eagle Creek Airport,"Eagle Creek, AK",1,United States,US,Alaska,AK,2.0,30112,"Eagle Creek, AK",1,68.0,N,40.0,36.0,68.67666667,162.0,W,38.0,49.0,-162.64694444,7/1/2007 12:00:00 AM,,0,1
1011301,10113,AA1,Ice Kong,"Bethel, AK",1,United States,US,Alaska,AK,2.0,30113,"Bethel, AK",1,59.0,N,57.0,10.0,59.95277778,162.0,W,37.0,1.0,-162.61694444,3/1/2009 12:00:00 AM,,0,1
1011601,10116,AA4,Glacier Split,"Kachemak Bay, AK",1,United States,US,Alaska,AK,2.0,30116,"Kachemak Bay, AK",1,59.0,N,38.0,0.0,59.63333333,151.0,W,12.0,30.0,-151.20833333,6/1/2009 12:00:00 AM,,0,1
1011701,10117,AA5,Selby Lake Airport,"Selby Lake, AK",1,United States,US,Alaska,AK,2.0,30117,"Selby Lake, AK",1,66.0,N,57.0,21.0,66.95583333,155.0,W,36.0,54.0,-155.615,1/1/2010 12:00:00 AM,,0,1
1012201,10122,AAF,Apalachicola Regional,"Apalachicola, FL",33,United States,US,Florida,FL,12.0,30122,"Apalachicola, FL",33,29.0,N,43.0,39.0,29.7275,85.0,W,1.0,39.0,-85.0275,1/1/2003 12:00:00 AM,5/31/2014 12:00:00 AM,0,0
1013501,10135,ABE,Lehigh Valley International,"Allentown/Bethlehem/Easton, PA",23,United States,US,Pennsylvania,PA,42.0,30135,"Allentown/Bethlehem/Easton, PA",23,40.0,N,39.0,17.0,40.65472222,75.0,W,26.0,18.0,-75.43833333,1/1/1950 12:00:00 AM,6/30/2011 12:00:00 AM,0,0
1013601,10136,ABI,Abilene Regional,"Abilene, TX",74,United States,US,Texas,TX,48.0,30136,"Abilene, TX",74,32.0,N,24.0,34.0,32.40944444,99.0,W,40.0,47.0,-99.67972222,1/1/1950 12:00:00 AM,8/31/1990 12:00:00 AM,0,0
1013901,10139,ABL,Ambler River,"Ambler, AK",1,United States,US,Alaska,AK,2.0,30139,"Ambler, AK",1,67.0,N,5.0,15.0,67.0875,157.0,W,50.0,45.0,-157.84583333,1/1/1950 12:00:00 AM,,0,1
1014001,10140,ABQ,Albuquerque International Sunport,"Albuquerque, NM",86,United States,US,New Mexico,NM,35.0,30140,"Albuquerque, NM",86,35.0,N,2.0,30.0,35.04166667,106.0,W,36.0,23.0,-106.60638889,1/1/1950 12:00:00 AM,6/30/2011 12:00:00 AM,0,0
1014101,10141,ABR,Aberdeen Regional,"Aberdeen, SD",67,United States,US,South Dakota,SD,46.0,30141,"Aberdeen, SD",67,45.0,N,26.0,59.0,45.44972222,98.0,W,25.0,18.0,-98.42166667,1/1/1950 12:00:00 AM,6/30/2011 12:00:00 AM,0,0
1014601,10146,ABY,Southwest Georgia Regional,"Albany, GA",34,United States,US,Georgia,GA,13.0,30146,"Albany, GA",34,31.0,N,31.0,56.0,31.53222222,84.0,W,11.0,46.0,-84.19611111,1/1/1950 12:00:00 AM,6/30/2011 12:00:00 AM,0,0
1014901,10149,ACB,Antrim County,"Bellaire, MI",43,United States,US,Michigan,MI,26.0,30149,"Bellaire, MI",43,44.0,N,59.0,5.0,44.98472222,85.0,W,11.0,57.0,-85.19916667,1/1/1950 12:00:00 AM,6/30/2011 12:00:00 AM,0,0
1015401,10154,ACK,Nantucket Memorial,"Nantucket, MA",13,United States,US,Massachusetts,MA,25.0,30154,"Nantucket, MA",13,41.0,N,15.0,24.0,41.25666667,70.0,W,3.0,35.0,-70.05972222,1/1/1950 12:00:00 AM,6/30/2011 12:00:00 AM,0,0
1015501,10155,ACT,Waco Regional,"Waco, TX",74,United States,US,Texas,TX,48.0,30155,"Waco, TX",74,31.0,N,36.0,41.0,31.61138889,97.0,W,13.0,43.0,-97.22861111,1/1/1950 12:00:00 AM,6/30/2011 12:00:00 AM,0,0
1015701,10157,ACV,Arcata,"Arcata/Eureka, CA",91,United States,US,California,CA,6.0,30157,"Eureka/Arcata, CA",91,40.0,N,58.0,45.0,40.97916667,124.0,W,6.0,27.0,-124.1075,1/1/1950 12:00:00 AM,6/30/2011 12:00:00 AM,0,0
1015801,10158,ACY,Nafec Atlantic City,"Atlantic City, NJ",21,United States,US,New Jersey,NJ,34.0,30158,"Atlantic City, NJ",21,39.0,N,27.0,22.0,39.45611111,74.0,W,34.0,41.0,-74.57805556,1/1/1950 12:00:00 AM,5/31/1976 12:00:00 AM,0,0
1016501,10165,ADK,Adak NS,"Adak Island, AK",1,United States,US,Alaska,AK,2.0,30165,"Adak Island, AK",1,51.0,N,52.0,58.0,51.88277778,176.0,W,38.0,41.0,-176.64472222,1/1/1950 12:00:00 AM,6/30/2011 12:00:00 AM,0,0
1016701,10167,ADM,Ardmore Municipal,"Ardmore, OK",73,United States,US,Oklahoma,OK,40.0,30167,"Ardmore, OK",73,34.0,N,18.0,11.0,34.30305556,97.0,W,1.0,11.0,-97.01972222,1/1/1950 12:00:00 AM,6/30/2011 12:00:00 AM,0,0
1017001,10170,ADQ,Kodiak Airport,"Kodiak, AK",1,United States,US,Alaska,AK,2.0,30070,"Kodiak, AK",1,57.0,N,45.0,0.0,57.75,152.0,W,29.0,38.0,-152.49388889,1/1/1950 12:00:00 AM,8/31/2017 12:00:00 AM,0,0
1017101,10171,ADS,Addison,"Dallas, TX",74,United States,US,Texas,TX,48.0,30194,"Dallas/Fort Worth, TX",74,32.0,N,58.0,6.0,32.96833333,96.0,W,50.0,10.0,-96.83611111,4/1/1976 12:00:00 AM,6/30/2011 12:00:00 AM,0,0
1017201,10172,ADW,Andrews AFB,"Camp Springs, MD",35,United States,US,Maryland,MD,24.0,30172,"Camp Springs, MD",35,38.0,N,48.0,39.0,38.81083333,76.0,W,52.0,2.0,-76.86722222,1/1/1950 12:00:00 AM,6/30/2011 12:00:00 AM,0,0
1017601,10176,AED,Aleneva Airport,"Aleneva, AK",1,United States,US,Alaska,AK,2.0,30176,"Aleneva, AK",1,58.0,N,2.0,0.0,58.03333333,152.0,W,54.0,0.0,-152.9,3/1/1996 12:00:00 AM,,0,1
1018401,10184,AET,Allakaket Airport,"Allakaket, AK",1,United States,US,Alaska,AK,2.0,30184,"Allakaket, AK",1,66.0,N,33.0,42.0,66.56166667,152.0,W,39.0,30.0,-152.65833333,1/1/1950 12:00:00 AM,6/30/2011 12:00:00 AM,0,0
1018501,10185,AEX,England AFB,"Alexandria, LA",72,United States,US,Louisiana,LA,22.0,30185,"Alexandria, LA",72,31.0,N,19.0,27.0,31.32416667,92.0,W,32.0,49.0,-92.54694444,1/1/1950 12:00:00 AM,12/31/2002 12:00:00 AM,0,0
1018901,10189,AFF,USAF Academy Airfield,"Colorado Springs, CO",82,United States,US,Colorado,CO,8.0,30189,"Colorado Springs, CO",82,38.0,N,58.0,11.0,38.96972222,104.0,W,48.0,45.0,-104.8125,3/1/1985 12:00:00 AM,6/30/2011 12:00:00 AM,0,0
1019001,10190,AFK,Nebraska City Municipal,"Nebraska, NE",65,United States,US,Nebraska,NE,31.0,30190,"Nebraska, NE",65,40.0,N,36.0,25.0,40.60694444,95.0,W,51.0,57.0,-95.86583333,1/1/2009 12:00:00 AM,6/30/2011 12:00:00 AM,0,0
1019101,10191,AFO,Afton Municipal,"Afton, WY",88,United States,US,Wyoming,WY,56.0,30191,"Afton, WY",88,42.0,N,43.0,0.0,42.71666667,110.0,W,56.0,0.0,-110.93333333,3/1/2003 12:00:00 AM,6/30/2011 12:00:00 AM,0,0
1019201,10192,AFP,Anson County,"Wadesboro, NC",36,United States,US,North Carolina,NC,37.0,30192,"Wadesboro, NC",36,35.0,N,1.0,26.0,35.02388889,80.0,W,4.0,53.0,-80.08138889,7/1/2009 12:00:00 AM,6/30/2011 12:00:00 AM,0,0
1019401,10194,AFW,Fort Worth Alliance,"Dallas/Fort Worth, TX",74,United States,US,Texas,TX,48.0,30194,"Dallas/Fort Worth, TX",74,32.0,N,59.0,12.0,32.98666667,97.0,W,19.0,3.0,-97.3175,3/1/1990 12:00:00 AM,6/30/2011 12:00:00 AM,0,0
1019801,10198,AGC,Allegheny County,"Pittsburgh, PA",23,United States,US,Pennsylvania,PA,42.0,30198,"Pittsburgh, PA",23,40.0,N,21.0,17.0,40.35472222,79.0,W,55.0,48.0,-79.93,1/1/1950 12:00:00 AM,11/30/1999 12:00:00 AM,0,0
1020401,10204,AGN,Angoon Seaplane Base,"Angoon, AK",1,United States,US,Alaska,AK,2.0,30204,"Angoon, AK",1,57.0,N,30.0,14.0,57.50388889,134.0,W,35.0,0.0,-134.58333333,1/1/1950 12:00:00 AM,,0,1
1020801,10208,AGS,Bush Field,"Augusta, GA",34,United States,US,Georgia,GA,13.0,30208,"Augusta, GA",34,33.0,N,22.0,9.0,33.36916667,81.0,W,57.0,52.0,-81.96444444,1/1/1950 12:00:00 AM,6/30/2000 12:00:00 AM,0,0
1021501,10215,AHD,Ardmore Airport,"Ardmore, OK",73,United States,US,Oklahoma,OK,40.0,30167,"Ardmore, OK",73,34.0,N,8.0,49.0,34.14694444,97.0,W,7.0,22.0,-97.12277778,9/1/1980 12:00:00 AM,12/31/1991 12:00:00 AM,0,0
1021601,10216,AHN,Athens Municipal,"Athens, GA",34,United States,US,Georgia,GA,13.0,30216,"Athens, GA",34,33.0,N,56.0,54.0,33.94833333,83.0,W,19.0,37.0,-83.32694444,1/1/1950 12:00:00 AM,6/30/2011 12:00:00 AM,0,0
1021901,10219,AHT,Amchitka,"Amchitka Island, AK",1,United States,US,Alaska,AK,2.0,30219,"Amchitka Island, AK",1,51.0,N,22.0,43.0,51.37861111,179.0,E,15.0,31.0,179.25861111,1/1/1950 12:00:00 AM,,0,1
1022101,10221,AIA,Alliance Municipal,"Alliance, NE",65,United States,US,Nebraska,NE,31.0,30221,"Alliance, NE",65,42.0,N,3.0,6.0,42.05166667,102.0,W,48.0,24.0,-102.80666667,1/1/1950 12:00:00 AM,6/30/2011 12:00:00 AM,0,0
1022201,10222,AIB,Anita Bay Airport,"Anita Bay, AK",1,United States,US,Alaska,AK,2.0,30222,"Anita Bay, AK",1,56.0,N,11.0,24.0,56.19,132.0,W,26.0,45.0,-132.44583333,6/1/1988 12:00:00 AM,,0,1
1022301,10223,AID,Anderson Municipal-Darlington Field,"Anderson, IN",42,United States,US,Indiana,IN,18.0,30223,"Anderson, IN",42,40.0,N,6.0,31.0,40.10861111,85.0,W,36.0,47.0,-85.61305556,1/1/1950 12:00:00 AM,12/31/2005 12:00:00 AM,0,0
1022401,10224,AIK,Aiken Municipal,"Aiken, SC",37,United States,US,South Carolina,SC,45.0,30224,"Aiken, SC",37,33.0,N,39.0,0.0,33.65,81.0,W,41.0,5.0,-81.68472222,6/1/1976 12:00:00 AM,6/30/2011 12:00:00 AM,0,0
1022501,10225,AIN,Wainwright Airport,"Wainwright, AK",1,United States,US,Alaska,AK,2.0,30225,"Wainwright, AK",1,70.0,N,37.0,50.0,70.63055556,160.0,W,2.0,35.0,-160.04305556,1/1/1950 12:00:00 AM,6/30/2011 12:00:00 AM,0,0
1022701,10227,AIY,Bader Field,"Atlantic City, NJ",21,United States,US,New Jersey,NJ,34.0,30158,"Atlantic City, NJ",21,39.0,N,21.0,36.0,39.36,74.0,W,27.0,36.0,-74.46,1/1/1950 12:00:00 AM,3/31/1974 12:00:00 AM,0,0
1022801,10228,AIZ,Lee C Fine Memorial,"Lake of the Ozarks, MO",64,United States,US,Missouri,MO,29.0,30228,"Lake of the Ozarks, MO",64,38.0,N,5.0,54.0,38.09833333,92.0,W,32.0,50.0,-92.54722222,1/1/1950 12:00:00 AM,6/30/2011 12:00:00 AM,0,0
1023701,10237,AKB,Atka Airport,"Atka, AK",1,United States,US,Alaska,AK,2.0,30237,"Atka, AK",1,52.0,N,13.0,13.0,52.22027778,174.0,W,12.0,25.0,-174.20694444,6/1/1984 12:00:00 AM,6/30/2011 12:00:00 AM,0,0
1023801,10238,AKC,Akron Fulton International,"Akron, OH",44,United States,US,Ohio,OH,39.0,30647,"Cleveland, OH (Metropolitan Area)",44,41.0,N,2.0,15.0,41.0375,81.0,W,28.0,1.0,-81.46694444,10/1/2009 12:00:00 AM,9/30/2022 12:00:00 AM,0,0
1024101,10241,AKI,Akiak Airport,"Akiak, AK",1,United States,US,Alaska,AK,2.0,30241,"Akiak, AK",1,60.0,N,54.0,20.0,60.90555556,161.0,W,13.0,24.0,-161.22333333,1/1/1950 12:00:00 AM,6/30/2011 12:00:00 AM,0,0
1024301,10243,AKK,Akhiok Airport,"Akhiok, AK",1,United States,US,Alaska,AK,2.0,30243,"Akhiok, AK",1,56.0,N,56.0,42.0,56.945,154.0,W,10.0,0.0,-154.16666667,1/1/1950 12:00:00 AM,6/30/2011 12:00:00 AM,0,0
1024501,10245,AKN,King Salmon Airport,"King Salmon, AK",1,United States,US,Alaska,AK,2.0,30245,"King Salmon, AK",1,58.0,N,40.0,40.0,58.67777778,156.0,W,39.0,6.0,-156.65166667,1/1/1950 12:00:00 AM,6/30/2011 12:00:00 AM,0,0
1024601,10246,AKO,Akron Washington County,"Akron, CO",82,United States,US,Colorado,CO,8.0,30246,"Akron, CO",82,40.0,N,10.0,32.0,40.17555556,103.0,W,13.0,20.0,-103.22222222,12/1/1989 12:00:00 AM,6/30/2011 12:00:00 AM,0,0
1024701,10247,AKP,Anaktuvuk Pass Airport,"Anaktuvuk Pass, AK",1,United States,US,Alaska,AK,2.0,30247,"Anaktuvuk Pass, AK",1,68.0,N,8.0,15.0,68.1375,151.0,W,44.0,24.0,-151.74,1/1/1950 12:00:00 AM,6/30/2011 12:00:00 AM,0,0
1025301,10253,AL1,Albertville Regional-Thomas J Brumlik Field,"Albertville, AL",51,United States,US,Alabama,AL,1.0,30253,"Albertville, AL",51,34.0,N,13.0,45.0,34.22916667,86.0,W,15.0,21.0,-86.25583333,1/1/2003 12:00:00 AM,,0,1
1025401,10254,AL2,Shelby County,"Alabaster, AL",51,United States,US,Alabama,AL,1.0,30254,"Alabaster, AL",51,33.0,N,10.0,37.0,33.17694444,86.0,W,46.0,58.0,-86.78277778,6/1/2008 12:00:00 AM,6/30/2011 12:00:00 AM,0,0
1025501,10255,AL3,Madison County Executive/Tom Sharp Jr. Field,"Huntsville, AL",51,United States,US,Alabama,AL,1.0,30255,"Huntsville, AL",51,34.0,N,51.0,41.0,34.86138889,86.0,W,33.0,27.0,-86.5575,7/1/2008 12:00:00 AM,1/31/2014 12:00:00 AM,0,0
1025701,10257,ALB,Albany International,"Albany, NY",22,United States,US,New York,NY,36.0,30257,"Albany, NY",22,42.0,N,44.0,45.0,42.74583333,73.0,W,48.0,19.0,-73.80527778,1/1/1950 12:00:00 AM,6/30/2011 12:00:00 AM,0,0
1025901,10259,ALE,Alpine Casparis Municipal,"Alpine, TX",74,United States,US,Texas,TX,48.0,30259,"Alpine, TX",74,30.0,N,23.0,3.0,30.38416667,103.0,W,40.0,59.0,-103.68305556,9/1/1977 12:00:00 AM,6/30/2011 12:00:00 AM,0,0
1026301,10263,ALI,Alice International,"Alice, TX",74,United States,US,Texas,TX,48.0,30263,"Alice, TX",74,27.0,N,44.0,27.0,27.74083333,98.0,W,1.0,38.0,-98.02722222,12/1/1996 12:00:00 AM,6/30/2011 12:00:00 AM,0,0
1026601,10266,ALM,Alamogordo White Sands Regional,"Alamogordo, NM",86,United States,US,New Mexico,NM,35.0,30266,"Alamogordo, NM",86,32.0,N,50.0,23.0,32.83972222,105.0,W,59.0,24.0,-105.99,1/1/1950 12:00:00 AM,6/30/2011 12:00:00 AM,0,0
1026701,10267,ALN,St. Louis Regional,"Alton, IL",41,United States,US,Illinois,IL,17.0,31123,"St. Louis, MO",64,38.0,N,53.0,30.0,38.89166667,90.0,W,2.0,54.0,-90.04833333,1/1/1950 12:00:00 AM,6/30/2011 12:00:00 AM,0,0
1026801,10268,ALO,Waterloo Regional,"Waterloo, IA",61,United States,US,Iowa,IA,19.0,30268,"Waterloo, IA",61,42.0,N,33.0,22.0,42.55611111,92.0,W,23.0,59.0,-92.39972222,1/1/1950 12:00:00 AM,6/30/2011 12:00:00 AM,0,0
1027201,10272,ALS,Alamosa Municipal,"Alamosa, CO",82,United States,US,Colorado,CO,8.0,30272,"Alamosa, CO",82,37.0,N,26.0,12.0,37.43666667,105.0,W,52.0,0.0,-105.86666667,1/1/1950 12:00:00 AM,6/30/2011 12:00:00 AM,0,0
1027501,10275,ALW,Walla Walla Regional,"Walla Walla, WA",93,United States,US,Washington,WA,53.0,30275,"Walla Walla, WA",93,46.0,N,5.0,41.0,46.09472222,118.0,W,17.0,28.0,-118.29111111,1/1/1950 12:00:00 AM,6/30/2011 12:00:00 AM,0,0
1027601,10276,ALX,Thomas C. Russell Field,"Alexander City, AL",51,United States,US,Alabama,AL,1.0,30276,"Alexander City, AL",51,32.0,N,55.0,0.0,32.91666667,85.0,W,58.0,0.0,-85.96666667,1/1/1950 12:00:00 AM,6/30/2011 12:00:00 AM,0,0
1027801,10278,ALZ,Alitak Seaplane Base,"Lazy Bay, AK",1,United States,US,Alaska,AK,2.0,30278,"Lazy Bay, AK",1,56.0,N,53.0,45.0,56.89583333,154.0,W,14.0,45.0,-154.24583333,1/1/1950 12:00:00 AM,,0,1
1027901,10279,AMA,Amarillo International,"Amarillo, TX",74,United States,US,Texas,TX,48.0,30279,"Amarillo, TX",74,35.0,N,13.0,38.0,35.22722222,101.0,W,43.0,19.0,-101.72194444,1/1/1950 12:00:00 AM,1/31/2003 12:00:00 AM,0,0
1028501,10285,AMK,Animas Air Park,"Durango, CO",82,United States,US,Colorado,CO,8.0,30285,"Durango, CO",82,37.0,N,12.0,14.0,37.20388889,107.0,W,52.0,7.0,-107.86861111,9/1/1977 12:00:00 AM,6/30/2011 12:00:00 AM,0,0
1028801,10288,AMN,Gratiot Community,"Alma, MI",43,United States,US,Michigan,MI,26.0,30288,"Alma, MI",43,43.0,N,19.0,15.0,43.32083333,84.0,W,41.0,12.0,-84.68666667,12/1/1986 12:00:00 AM,6/30/2011 12:00:00 AM,0,0
1029401,10294,AMW,Ames Municipal,"Ames, IA",61,United States,US,Iowa,IA,19.0,30294,"Ames, IA",61,41.0,N,59.0,39.0,41.99416667,93.0,W,37.0,6.0,-93.61833333,1/1/1950 12:00:00 AM,6/30/2011 12:00:00 AM,0,0
1029701,10297,ANA,Anaheim-Disneyland HP,"Anaheim, CA",91,United States,US,California,CA,6.0,30297,"Anaheim, CA",91,33.0,N,49.0,0.0,33.81666667,117.0,W,56.0,0.0,-117.93333333,1/1/1950 12:00:00 AM,,0,1
1029801,10298,ANB,Anniston/Calhoun County,"Anniston, AL",51,United States,US,Alabama,AL,1.0,30298,"Anniston, AL",51,33.0,N,35.0,25.0,33.59027778,85.0,W,51.0,21.0,-85.85583333,1/1/1950 12:00:00 AM,6/30/2011 12:00:00 AM,0,0
1029901,10299,ANC,Anchorage International,"Anchorage, AK",1,United States,US,Alaska,AK,2.0,30299,"Anchorage, AK",1,61.0,N,10.0,9.0,61.16916667,149.0,W,59.0,7.0,-149.98527778,1/1/1950 12:00:00 AM,12/31/1999 12:00:00 AM,0,0
1030001,10300,AND,Anderson Regional,"Anderson, SC",37,United States,US,South Carolina,SC,45.0,30300,"Anderson, SC",37,34.0,N,29.0,37.0,34.49361111,82.0,W,42.0,36.0,-82.71,1/1/1950 12:00:00 AM,6/30/2011 12:00:00 AM,0,0
1030401,10304,ANI,Aniak Airport,"Aniak, AK",1,United States,US,Alaska,AK,2.0,30304,"Aniak, AK",1,61.0,N,34.0,54.0,61.58166667,159.0,W,32.0,35.0,-159.54305556,1/1/1950 12:00:00 AM,9/30/2022 12:00:00 AM,0,0
1030701,10307,ANN,Annette Island,"Annette, AK",1,United States,US,Alaska,AK,2.0,30307,"Annette, AK",1,55.0,N,2.0,13.0,55.03694444,131.0,W,34.0,14.0,-131.57055556,1/1/1950 12:00:00 AM,6/30/2011 12:00:00 AM,0,0
1030901,10309,ANP,Lee,"Annapolis, MD",35,United States,US,Maryland,MD,24.0,30309,"Annapolis, MD",35,38.0,N,56.0,34.0,38.94277778,76.0,W,34.0,8.0,-76.56888889,12/1/1989 12:00:00 AM,6/30/2011 12:00:00 AM,0,0
1031301,10313,ANV,Anvik Airport,"Anvik, AK",1,United States,US,Alaska,AK,2.0,30313,"Anvik, AK",1,62.0,N,38.0,52.0,62.64777778,160.0,W,11.0,20.0,-160.18888889,1/1/1950 12:00:00 AM,6/30/2011 12:00:00 AM,0,0
1031701,10317,AOH,Lima Allen County,"Lima, OH",44,United States,US,Ohio,OH,39.0,30317,"Lima, OH",44,40.0,N,42.0,30.0,40.70833333,84.0,W,1.0,36.0,-84.02666667,1/1/1950 12:00:00 AM,6/30/2011 12:00:00 AM,0,0
1032201,10322,AOO,Altoona-Blair County,"Altoona, PA",23,United States,US,Pennsylvania,PA,42.0,30322,"Altoona, PA",23,40.0,N,17.0,50.0,40.29722222,78.0,W,19.0,12.0,-78.32,1/1/1950 12:00:00 AM,6/30/2011 12:00:00 AM,0,0
1032401,10324,AOS,Amook Bay Airport,"Amook Bay, AK",1,United States,US,Alaska,AK,2.0,30324,"Amook Bay, AK",1,57.0,N,27.0,17.0,57.45472222,153.0,W,48.0,47.0,-153.81305556,12/1/1981 12:00:00 AM,,0,1
1032501,10325,APA,Arapahoe County,"Denver, CO",82,United States,US,Colorado,CO,8.0,30325,"Denver, CO",82,39.0,N,34.0,22.0,39.57277778,104.0,W,50.0,52.0,-104.84777778,1/1/1950 12:00:00 AM,6/30/1984 12:00:00 AM,0,0
1032701,10327,APC,Napa County,"Napa, CA",91,United States,US,California,CA,6.0,30327,"Napa, CA",91,38.0,N,12.0,44.0,38.21222222,122.0,W,16.0,48.0,-122.28,1/1/1950 12:00:00 AM,6/30/2011 12:00:00 AM,0,0
1032901,10329,APF,Naples Municipal,"Naples, FL",33,United States,US,Florida,FL,12.0,30329,"Naples, FL",33,26.0,N,9.0,10.0,26.15277778,81.0,W,46.0,31.0,-81.77527778,1/1/1950 12:00:00 AM,6/30/2011 12:00:00 AM,0,0
1033001,10330,APG,Phillips AAF,"Aberdeen, MD",35,United States,US,Maryland,MD,24.0,30330,"Aberdeen, MD",35,39.0,N,27.0,58.0,39.46611111,76.0,W,10.0,11.0,-76.16972222,9/1/1976 12:00:00 AM,6/30/2011 12:00:00 AM,0,0
1033301,10333,APN,Phelps/Collins,"Alpena, MI",43,United States,US,Michigan,MI,26.0,30333,"Alpena, MI",43,45.0,N,4.0,54.0,45.08166667,83.0,W,33.0,21.0,-83.55583333,1/1/1950 12:00:00 AM,6/30/2011 12:00:00 AM,0,0
1033601,10336,APT,Marion County Brown Field,"Jasper, TN",54,United States,US,Tennessee,TN,47.0,30336,"Jasper, TN",54,35.0,N,3.0,38.0,35.06055556,85.0,W,35.0,7.0,-85.58527778,1/1/1950 12:00:00 AM,,0,1
1033701,10337,APV,Calf Apple Valley,"Apple Valley, CA",91,United States,US,California,CA,6.0,30337,"Apple Valley, CA",91,34.0,N,31.0,35.0,34.52638889,117.0,W,12.0,46.0,-117.21277778,1/1/1950 12:00:00 AM,2/28/1979 12:00:00 AM,0,0
1034401,10344,AQY,Girdwood Airport,"Girdwood, AK",1,United States,US,Alaska,AK,2.0,30344,"Girdwood, AK",1,60.0,N,58.0,0.0,60.96666667,149.0,W,7.0,25.0,-149.12361111,1/1/1950 12:00:00 AM,6/30/2011 12:00:00 AM,0,0
1034501,10345,AR1,Russellville Regional,"Russellville, AR",71,United States,US,Arkansas,AR,5.0,30345,"Russellville, AR",71,35.0,N,15.0,53.0,35.26472222,93.0,W,5.0,38.0,-93.09388889,2/1/2004 12:00:00 AM,6/30/2011 12:00:00 AM,0,0
1034601,10346,AR2,Dennis F Cantrell Field,"Conway, AR",71,United States,US,Arkansas,AR,5.0,30346,"Conway, AR",71,35.0,N,4.0,51.0,35.08083333,92.0,W,25.0,30.0,-92.425,5/1/2005 12:00:00 AM,9/30/2011 12:00:00 AM,0,0
1034701,10347,ARA,Acadiana Reg,"New Iberia, LA",72,United States,US,Louisiana,LA,22.0,30347,"New Iberia, LA",72,30.0,N,2.0,16.0,30.03777778,91.0,W,53.0,2.0,-91.88388889,9/1/1974 12:00:00 AM,5/31/1978 12:00:00 AM,0,0
1034801,10348,ARB,Ann Arbor Municipal,"Ann Arbor, MI",43,United States,US,Michigan,MI,26.0,30348,"Ann Arbor, MI",43,42.0,N,13.0,22.0,42.22277778,83.0,W,44.0,40.0,-83.74444444,1/1/1950 12:00:00 AM,6/30/2011 12:00:00 AM,0,0
1034901,10349,ARC,Wien Arctic Village,"Arctic Village, AK",1,United States,US,Alaska,AK,2.0,30349,"Arctic Village, AK",1,68.0,N,8.0,15.0,68.1375,145.0,W,31.0,28.0,-145.52444444,1/1/1950 12:00:00 AM,6/30/2011 12:00:00 AM,0,0
1035102,10351,ARE,Antonio/Nery/Juarbe Pol,"Arecibo, PR",3,United States,US,Puerto Rico,PR,72.0,30351,"Arecibo, PR",3,18.0,N,27.0,1.0,18.45027778,66.0,W,40.0,33.0,-66.67583333,1/1/1990 12:00:00 AM,6/30/2011 12:00:00 AM,0,0
1035201,10352,ARG,Walnut Ridge Regional,"Walnut Ridge, AR",71,United States,US,Arkansas,AR,5.0,30352,"Walnut Ridge, AR",71,36.0,N,7.0,30.0,36.125,90.0,W,55.0,35.0,-90.92638889,3/1/1978 12:00:00 AM,6/30/2011 12:00:00 AM,0,0
1036101,10361,ART,Watertown International,"Watertown, NY",22,United States,US,New York,NY,36.0,30361,"Watertown, NY",22,43.0,N,59.0,27.0,43.99083333,76.0,W,1.0,17.0,-76.02138889,1/1/1950 12:00:00 AM,6/30/2011 12:00:00 AM,0,0
1036301,10363,ARV,Lakeland/Noble F. Lee Memorial Field,"Minocqua/Woodruff, WI",45,United States,US,Wisconsin,WI,55.0,30363,"Minocqua/Woodruff, WI",45,45.0,N,55.0,41.0,45.92805556,89.0,W,43.0,51.0,-89.73083333,1/1/1950 12:00:00 AM,,0,1
1037201,10372,ASE,Aspen Pitkin County Sardy Field,"Aspen, CO",82,United States,US,Colorado,CO,8.0,30372,"Aspen, CO",82,39.0,N,13.0,27.0,39.22416667,106.0,W,52.0,8.0,-106.86888889,1/1/1950 12:00:00 AM,6/30/2011 12:00:00 AM,0,0
1037401,10374,ASH,Nashua Airport,"Nashua, NH",14,United States,US,New Hampshire,NH,33.0,30374,"Nashua, NH",14,42.0,N,46.0,44.0,42.77888889,71.0,W,30.0,34.0,-71.50944444,1/1/1950 12:00:00 AM,10/31/1997 12:00:00 AM,0,0
1037801,10378,ASL,Harrison County,"Marshall, TX",74,United States,US,Texas,TX,48.0,30378,"Marshall, TX",74,32.0,N,31.0,18.0,32.52166667,94.0,W,18.0,29.0,-94.30805556,12/1/1986 12:00:00 AM,6/30/2011 12:00:00 AM,0,0
1038001,10380,ASN,Talladega Municipal,"Talladega, AL",51,United States,US,Alabama,AL,1.0,30380,"Talladega, AL",51,33.0,N,34.0,11.0,33.56972222,86.0,W,3.0,3.0,-86.05083333,6/1/1977 12:00:00 AM,6/30/2011 12:00:00 AM,0,0
1038301,10383,ASQ,Austin Airport,"Austin, NV",85,United States,US,Nevada,NV,32.0,30383,"Austin, NV",85,39.0,N,28.0,8.0,39.46888889,117.0,W,11.0,46.0,-117.19611111,6/1/1978 12:00:00 AM,6/30/2011 12:00:00 AM,0,0
1038501,10385,AST,Astoria Regional,"Astoria/Seaside, OR",92,United States,US,Oregon,OR,41.0,30385,"Astoria/Seaside, OR",92,46.0,N,9.0,35.0,46.15972222,123.0,W,52.0,48.0,-123.88,1/1/1950 12:00:00 AM,6/30/2011 12:00:00 AM,0,0
1038801,10388,ASX,John F Kennedy Memorial,"Ashland, WI",45,United States,US,Wisconsin,WI,55.0,30388,"Ashland, WI",45,46.0,N,32.0,55.0,46.54861111,90.0,W,55.0,7.0,-90.91861111,1/1/1950 12:00:00 AM,6/30/2011 12:00:00 AM,0,0
1038901,10389,ASY,Ashley Municipal,"Ashley, ND",66,United States,US,North Dakota,ND,38.0,30389,"Ashley, ND",66,46.0,N,1.0,26.0,46.02388889,99.0,W,21.0,10.0,-99.35277778,12/1/1989 12:00:00 AM,6/30/2011 12:00:00 AM,0,0
1039301,10393,ATE,Antlers Municipal,"Antlers, OK",73,United States,US,Oklahoma,OK,40.0,30393,"Antlers, OK",73,34.0,N,11.0,34.0,34.19277778,95.0,W,38.0,59.0,-95.64972222,1/1/1950 12:00:00 AM,6/30/2011 12:00:00 AM,0,0
1039601,10396,ATK,Atqasuk Edward Burnell Sr. Memorial,"Atqasuk, AK",1,United States,US,Alaska,AK,2.0,30396,"Atqasuk, AK",1,70.0,N,28.0,3.0,70.4675,157.0,W,27.0,7.0,-157.45194444,1/1/1950 12:00:00 AM,6/30/2011 12:00:00 AM,0,0
1039701,10397,ATL,Atlanta Municipal,"Atlanta, GA",34,United States,US,Georgia,GA,13.0,30397,"Atlanta, GA (Metropolitan Area)",34,33.0,N,38.0,27.0,33.64083333,84.0,W,25.0,38.0,-84.42722222,1/1/1950 12:00:00 AM,6/30/1971 12:00:00 AM,0,0
1040001,10400,ATO,Ohio University Snyder Field,"Athens, OH",44,United States,US,Ohio,OH,39.0,30400,"Athens, OH",44,39.0,N,12.0,39.0,39.21083333,82.0,W,13.0,54.0,-82.23166667,3/1/1978 12:00:00 AM,6/30/2011 12:00:00 AM,0,0
1040401,10404,ATS,Artesia Municipal,"Artesia, NM",86,United States,US,New Mexico,NM,35.0,30404,"Artesia, NM",86,32.0,N,50.0,54.0,32.84833333,104.0,W,28.0,1.0,-104.46694444,1/1/1950 12:00:00 AM,6/30/2011 12:00:00 AM,0,0
1040501,10405,ATT,Atmautluak Airport,"Atmautluak, AK",1,United States,US,Alaska,AK,2.0,30405,"Atmautluak, AK",1,60.0,N,52.0,3.0,60.8675,162.0,W,16.0,15.0,-162.27083333,4/1/1981 12:00:00 AM,6/30/2011 12:00:00 AM,0,0
1040601,10406,ATU,Casco Cove,"Attu, AK",1,United States,US,Alaska,AK,2.0,30406,"Attu, AK",1,52.0,N,49.0,33.0,52.82583333,173.0,E,10.0,22.0,173.17277778,1/1/1950 12:00:00 AM,6/30/2011 12:00:00 AM,0,0
1040801,10408,ATW,Outagamie County Regional,"Appleton, WI",45,United States,US,Wisconsin,WI,55.0,30408,"Appleton, WI",45,44.0,N,15.0,28.0,44.25777778,88.0,W,31.0,12.0,-88.52,1/1/1950 12:00:00 AM,6/30/2011 12:00:00 AM,0,0
1040901,10409,ATY,Watertown Municipal,"Watertown, SD",67,United States,US,South Dakota,SD,46.0,30409,"Watertown, SD",67,44.0,N,54.0,32.0,44.90888889,97.0,W,9.0,15.0,-97.15416667,1/1/1950 12:00:00 AM,12/31/2005 12:00:00 AM,0,0
1041401,10414,AUG,Augusta,"Augusta/Waterville, ME",12,United States,US,Maine,ME,23.0,30414,"Augusta/Waterville, ME",12,44.0,N,19.0,5.0,44.31805556,69.0,W,47.0,48.0,-69.79666667,1/1/1950 12:00:00 AM,6/30/2011 12:00:00 AM,0,0
1041601,10416,AUK,Alakanuk New,"Alakanuk, AK",1,United States,US,Alaska,AK,2.0,30416,"Alakanuk, AK",1,62.0,N,41.0,21.0,62.68916667,164.0,W,36.0,39.0,-164.61083333,1/1/1950 12:00:00 AM,6/30/2011 12:00:00 AM,0,0
1041701,10417,AUM,Austin Municipal,"Austin/Albert Lea, MN",63,United States,US,Minnesota,MN,27.0,30417,"Austin/Albert Lea, MN",63,43.0,N,39.0,52.0,43.66444444,92.0,W,56.0,2.0,-92.93388889,1/1/1950 12:00:00 AM,6/30/2011 12:00:00 AM,0,0
1041801,10418,AUN,Auburn Municipal,"Auburn, CA",91,United States,US,California,CA,6.0,30418,"Auburn, CA",91,38.0,N,57.0,10.0,38.95277778,121.0,W,4.0,55.0,-121.08194444,12/1/1989 12:00:00 AM,6/30/2011 12:00:00 AM,0,0
1041901,10419,AUO,Auburn-Opelika,"Auburn, AL",51,United States,US,Alabama,AL,1.0,30419,"Auburn, AL",51,32.0,N,36.0,55.0,32.61527778,85.0,W,25.0,55.0,-85.43194444,1/1/1950 12:00:00 AM,6/30/2011 12:00:00 AM,0,0
1042301,10423,BSM,Austin - Bergstrom International,"Austin, TX",74,United States,US,Texas,TX,48.0,30423,"Austin, TX",74,30.0,N,11.0,40.0,30.19444444,97.0,W,40.0,12.0,-97.67,6/1/1997 12:00:00 AM,5/31/1999 12:00:00 AM,0,0
1042302,10423,AUS,Austin - Bergstrom International,"Austin, TX",74,United States,US,Texas,TX,48.0,30423,"Austin, TX",74,30.0,N,11.0,40.0,30.19444444,97.0,W,40.0,12.0,-97.67,6/1/1999 12:00:00 AM,,0,1
1042401,10424,AUW,Wausau Downtown,"Wausau, WI",45,United States,US,Wisconsin,WI,55.0,30424,"Wausau/Mosinee/Stevens Point, WI",45,44.0,N,55.0,24.0,44.92333333,89.0,W,37.0,23.0,-89.62305556,1/1/1950 12:00:00 AM,6/30/2011 12:00:00 AM,0,0
1042701,10427,AUZ,Aurora Municipal,"Aurora, IL",41,United States,US,Illinois,IL,17.0,30427,"Aurora, IL",41,41.0,N,46.0,15.0,41.77083333,88.0,W,28.0,22.0,-88.47277778,6/1/2001 12:00:00 AM,6/30/2011 12:00:00 AM,0,0
1043101,10431,AVL,Asheville Regional,"Asheville, NC",36,United States,US,North Carolina,NC,37.0,30431,"Asheville, NC",36,35.0,N,26.0,6.0,35.435,82.0,W,32.0,28.0,-82.54111111,1/1/1950 12:00:00 AM,6/30/2011 12:00:00 AM,0,0
1043301,10433,AVO,Avon Park Municipal,"Avon Park, FL",33,United States,US,Florida,FL,12.0,30433,"Avon Park, FL",33,27.0,N,35.0,33.0,27.5925,81.0,W,31.0,37.0,-81.52694444,12/1/1987 12:00:00 AM,6/30/2011 12:00:00 AM,0,0
1043401,10434,AVP,Wilkes Barre Scranton International,"Scranton/Wilkes-Barre, PA",23,United States,US,Pennsylvania,PA,42.0,30434,"Scranton/Wilkes-Barre, PA",23,41.0,N,20.0,21.0,41.33916667,75.0,W,43.0,33.0,-75.72583333,1/1/1950 12:00:00 AM,6/30/2011 12:00:00 AM,0,0
1043601,10436,AVW,Avra Valley,"Tucson, AZ",81,United States,US,Arizona,AZ,4.0,30436,"Tucson, AZ",81,32.0,N,24.0,33.0,32.40916667,111.0,W,13.0,5.0,-111.21805556,1/1/1950 12:00:00 AM,6/30/2011 12:00:00 AM,0,0
1043902,10439,AWK,Wake Island Airfield,"Wake Island, TT",5,United States,US,U.S. Pacific Trust Territories and Possessions,TT,75.0,30439,"Wake Island, TT",5,19.0,N,16.0,48.0,19.28,166.0,E,38.0,25.0,166.64027778,1/1/1990 12:00:00 AM,6/30/2011 12:00:00 AM,0,0
1044001,10440,AWM,West Memphis Municipal,"West Memphis, AR",71,United States,US,Arkansas,AR,5.0,30440,"West Memphis, AR",71,35.0,N,8.0,6.0,35.135,90.0,W,14.0,4.0,-90.23444444,3/1/2003 12:00:00 AM,,0,1
1044201,10442,AWX,Andrews County,"Andrews, TX",74,United States,US,Texas,TX,48.0,30442,"Andrews, TX",74,32.0,N,19.0,46.0,32.32944444,102.0,W,31.0,49.0,-102.53027778,1/1/1950 12:00:00 AM,6/30/2011 12:00:00 AM,0,0
1044501,10445,AXB,Maxson Airfield,"Alexandria Bay, NY",22,United States,US,New York,NY,36.0,30445,"Alexandria Bay, NY",22,44.0,N,19.0,0.0,44.31666667,75.0,W,53.0,59.0,-75.89972222,9/1/1989 12:00:00 AM,,0,1
1044901,10449,AXN,Chandler Field,"Alexandria, MN",63,United States,US,Minnesota,MN,27.0,30449,"Alexandria, MN",63,45.0,N,52.0,2.0,45.86722222,95.0,W,23.0,39.0,-95.39416667,1/1/1950 12:00:00 AM,6/30/2011 12:00:00 AM,0,0
1045101,10451,AXS,Altus Municipal,"Altus, OK",73,United States,US,Oklahoma,OK,40.0,30451,"Altus, OK",73,34.0,N,41.0,53.0,34.69805556,99.0,W,20.0,17.0,-99.33805556,1/1/1950 12:00:00 AM,6/30/2011 12:00:00 AM,0,0
1045401,10454,AXV,Neil Armstrong,"Wapakoneta, OH",44,United States,US,Ohio,OH,39.0,30454,"Wapakoneta, OH",44,40.0,N,29.0,36.0,40.49333333,84.0,W,17.0,56.0,-84.29888889,1/1/1950 12:00:00 AM,6/30/2011 12:00:00 AM,0,0
1045501,10455,AXX,Angel Fire,"Eagle Nest, NM",86,United States,US,New Mexico,NM,35.0,30455,"Eagle Nest, NM",86,36.0,N,25.0,14.0,36.42055556,105.0,W,17.0,22.0,-105.28944444,12/1/1986 12:00:00 AM,6/30/2011 12:00:00 AM,0,0
1046001,10460,AYS,Waycross Ga,"Waycross, GA",34,United States,US,Georgia,GA,13.0,30460,"Waycross, GA",34,31.0,N,14.0,57.0,31.24916667,82.0,W,23.0,44.0,-82.39555556,3/1/1984 12:00:00 AM,11/30/2002 12:00:00 AM,0,0
1046301,10463,AZ1,Valle,"Grand Canyon, AZ",81,United States,US,Arizona,AZ,4.0,30463,"Grand Canyon, AZ",81,35.0,N,39.0,3.0,35.65083333,112.0,W,8.0,53.0,-112.14805556,1/1/2003 12:00:00 AM,6/30/2011 12:00:00 AM,0,0
1046401,10464,AZ2,H. A. Clark Memorial Field,"Williams, AZ",81,United States,US,Arizona,AZ,4.0,30464,"Williams, AZ",81,35.0,N,18.0,8.0,35.30222222,112.0,W,11.0,39.0,-112.19416667,7/1/2005 12:00:00 AM,6/30/2011 12:00:00 AM,0,0
1046501,10465,AZ3,Glendale Municipal,"Glendale, AZ",81,United States,US,Arizona,AZ,4.0,30466,"Phoenix, AZ",81,33.0,N,31.0,38.0,33.52722222,112.0,W,17.0,43.0,-112.29527778,1/1/2007 12:00:00 AM,6/30/2011 12:00:00 AM,0,0
1046601,10466,DQF,Williams Gateway,"Phoenix, AZ",81,United States,US,Arizona,AZ,4.0,30466,"Phoenix, AZ",81,33.0,N,18.0,28.0,33.30777778,111.0,W,39.0,20.0,-111.65555556,1/1/1994 12:00:00 AM,12/31/2007 12:00:00 AM,0,0
1046602,10466,AZA,Phoenix - Mesa Gateway,"Phoenix, AZ",81,United States,US,Arizona,AZ,4.0,30466,"Phoenix, AZ",81,33.0,N,18.0,28.0,33.30777778,111.0,W,39.0,20.0,-111.65555556,1/1/2008 12:00:00 AM,6/30/2025 12:00:00 AM,0,0
1046901,10469,AZO,Kalamazoo/Battle Creek International,"Kalamazoo, MI",43,United States,US,Michigan,MI,26.0,30469,"Kalamazoo, MI",43,42.0,N,14.0,11.0,42.23638889,85.0,W,33.0,13.0,-85.55361111,1/1/1950 12:00:00 AM,6/30/2011 12:00:00 AM,0,0
1047101,10471,B19,Biddeford Municipal,"Biddeford, ME",12,United States,US,Maine,ME,23.0,30471,"Biddeford, ME",12,43.0,N,27.0,51.0,43.46416667,70.0,W,28.0,21.0,-70.4725,7/1/2009 12:00:00 AM,,0,1
1047201,10472,B21,Sugarloaf Regional,"Carrabassett, ME",12,United States,US,Maine,ME,23.0,30472,"Carrabassett, ME",12,45.0,N,5.0,10.0,45.08611111,70.0,W,12.0,58.0,-70.21611111,1/1/2009 12:00:00 AM,6/30/2011 12:00:00 AM,0,0
1047401,10474,BAB,Beale AFB,"Marysville, CA",91,United States,US,California,CA,6.0,30474,"Marysville, CA",91,39.0,N,8.0,10.0,39.13611111,121.0,W,26.0,8.0,-121.43555556,3/1/1988 12:00:00 AM,6/30/2011 12:00:00 AM,0,0
1047601,10476,BAD,Barksdale AFB,"Shreveport, LA",72,United States,US,Louisiana,LA,22.0,30476,"Shreveport, LA",72,32.0,N,30.0,6.0,32.50166667,93.0,W,39.0,45.0,-93.6625,1/1/1950 12:00:00 AM,6/30/2011 12:00:00 AM,0,0
1047801,10478,BAF,Barnes Municipal,"Westfield, MA",13,United States,US,Massachusetts,MA,25.0,30478,"Westfield, MA",13,42.0,N,9.0,36.0,42.16,72.0,W,42.0,59.0,-72.71638889,1/1/1950 12:00:00 AM,6/30/2011 12:00:00 AM,0,0
1048401,10484,BAM,Lander County,"Battle Mountain, NV",85,United States,US,Nevada,NV,32.0,30484,"Battle Mountain, NV",85,40.0,N,35.0,51.0,40.5975,116.0,W,52.0,20.0,-116.87222222,1/1/1950 12:00:00 AM,6/30/2011 12:00:00 AM,0,0
1049401,10494,BBC,Bay City Municipal,"Bay City, TX",74,United States,US,Texas,TX,48.0,30494,"Bay City, TX",74,28.0,N,58.0,23.0,28.97305556,95.0,W,51.0,48.0,-95.86333333,1/1/1950 12:00:00 AM,6/30/2011 12:00:00 AM,0,0
1050401,10504,BBX,Blue Bell Airport,"Blue Bell, PA",23,United States,US,Pennsylvania,PA,42.0,30504,"Blue Bell, PA",23,40.0,N,8.0,12.0,40.13666667,75.0,W,16.0,3.0,-75.2675,3/1/1977 12:00:00 AM,11/30/2002 12:00:00 AM,0,0
1050801,10508,BCB,Virginia Tech/Montgomery Executive,"Blacksburg, VA",38,United States,US,Virginia,VA,51.0,30508,"Blacksburg, VA",38,37.0,N,12.0,26.0,37.20722222,80.0,W,24.0,25.0,-80.40694444,3/1/1990 12:00:00 AM,6/30/2011 12:00:00 AM,0,0
1050901,10509,BCC,Bear Creek Airport,"Bear Creek, AK",1,United States,US,Alaska,AK,2.0,30057,"Bear Creek, AK",1,57.0,N,37.0,3.0,57.6175,155.0,W,52.0,2.0,-155.86722222,4/1/1995 12:00:00 AM,,0,1
1051101,10511,BCE,Bryce Canyon Airport,"Bryce Canyon, UT",87,United States,US,Utah,UT,49.0,30511,"Bryce Canyon, UT",87,37.0,N,42.0,23.0,37.70638889,112.0,W,8.0,41.0,-112.14472222,12/1/1978 12:00:00 AM,6/30/2011 12:00:00 AM,0,0
1051401,10514,BCJ,Baca Grande,"Crestone, CO",82,United States,US,Colorado,CO,8.0,30514,"Crestone, CO",82,37.0,N,58.0,0.0,37.96666667,105.0,W,46.0,0.0,-105.76666667,12/1/1979 12:00:00 AM,,0,1
1051801,10518,BCS,Southern Seaplane,"Belle Chasse, LA",72,United States,US,Louisiana,LA,22.0,30518,"Belle Chasse, LA",72,29.0,N,51.0,58.0,29.86611111,90.0,W,1.0,20.0,-90.02222222,12/1/1979 12:00:00 AM,,0,1
1051901,10519,BCT,Boca Raton Public,"Boca Raton, FL",33,United States,US,Florida,FL,12.0,30519,"Boca Raton, FL",33,26.0,N,22.0,15.0,26.37083333,80.0,W,6.0,30.0,-80.10833333,1/1/1950 12:00:00 AM,,0,1
1052301,10523,BDE,Baudette International,"Baudette, MN",63,United States,US,Minnesota,MN,27.0,30523,"Baudette, MN",63,48.0,N,43.0,15.0,48.72083333,94.0,W,36.0,0.0,-94.6,1/1/1950 12:00:00 AM,6/30/2011 12:00:00 AM,0,0
1052401,10524,BDG,Blanding Municipal,"Blanding, UT",87,United States,US,Utah,UT,49.0,30524,"Blanding, UT",87,37.0,N,34.0,58.0,37.58277778,109.0,W,28.0,57.0,-109.4825,1/1/1950 12:00:00 AM,6/30/2011 12:00:00 AM,0,0
1052901,10529,BDL,Bradley International,"Hartford, CT",11,United States,US,Connecticut,CT,9.0,30529,"Hartford, CT",11,41.0,N,56.0,19.0,41.93861111,72.0,W,41.0,0.0,-72.68333333,1/1/1950 12:00:00 AM,11/30/1979 12:00:00 AM,0,0
1053501,10535,BDR,Igor I Sikorsky Memorial,"Bridgeport, CT",11,United States,US,Connecticut,CT,9.0,30535,"Bridgeport, CT",11,41.0,N,9.0,51.0,41.16416667,73.0,W,7.0,28.0,-73.12444444,1/1/1950 12:00:00 AM,6/30/2011 12:00:00 AM,0,0
1053801,10538,BDY,Bandon State,"Bandon, OR",92,United States,US,Oregon,OR,41.0,30538,"Bandon, OR",92,43.0,N,5.0,15.0,43.0875,124.0,W,24.0,30.0,-124.40833333,9/1/1977 12:00:00 AM,6/30/2011 12:00:00 AM,0,0
1054001,10540,BED,Laurence G Hanscom Field,"Bedford, MA",13,United States,US,Massachusetts,MA,25.0,30540,"Bedford, MA",13,42.0,N,28.0,15.0,42.47083333,71.0,W,17.0,24.0,-71.29,1/1/1950 12:00:00 AM,6/30/2011 12:00:00 AM,0,0
1054301,10543,BEH,Ross Field,"Benton Harbor/St. Joseph, MI",43,United States,US,Michigan,MI,26.0,30543,"Benton Harbor/St. Joseph, MI",43,42.0,N,7.0,40.0,42.12777778,86.0,W,25.0,42.0,-86.42833333,1/1/1950 12:00:00 AM,6/30/2011 12:00:00 AM,0,0
1055101,10551,BET,Bethel Airport,"Bethel, AK",1,United States,US,Alaska,AK,2.0,30113,"Bethel, AK",1,60.0,N,47.0,4.0,60.78444444,161.0,W,49.0,53.0,-161.83138889,1/1/1950 12:00:00 AM,6/30/2011 12:00:00 AM,0,0
1055601,10556,BFB,Blue Fox Bay Airport,"Blue Fox Bay, AK",1,United States,US,Alaska,AK,2.0,30556,"Blue Fox Bay, AK",1,58.0,N,11.0,0.0,58.18333333,152.0,W,8.0,0.0,-152.13333333,9/1/1995 12:00:00 AM,,0,1
1055701,10557,BFD,Bradford Regional,"Bradford, PA",23,United States,US,Pennsylvania,PA,42.0,30557,"Bradford, PA",23,41.0,N,48.0,8.0,41.80222222,78.0,W,38.0,22.0,-78.63944444,1/1/1950 12:00:00 AM,6/30/2011 12:00:00 AM,0,0
1055801,10558,BFF,William B. Heilig Field,"Scottsbluff, NE",65,United States,US,Nebraska,NE,31.0,30558,"Scottsbluff, NE",65,41.0,N,52.0,31.0,41.87527778,103.0,W,36.0,4.0,-103.60111111,1/1/1950 12:00:00 AM,9/30/2004 12:00:00 AM,0,0
1055901,10559,BFI,King County Airport-Boeing Field,"Seattle, WA",93,United States,US,Washington,WA,53.0,30559,"Seattle, WA",93,47.0,N,31.0,44.0,47.52888889,122.0,W,17.0,58.0,-122.29944444,1/1/1950 12:00:00 AM,6/30/2011 12:00:00 AM,0,0
1056001,10560,BFK,Buckley Air National Guard Base,"Aurora, CO",82,United States,US,Colorado,CO,8.0,30325,"Denver, CO",82,39.0,N,42.0,6.0,39.70166667,104.0,W,45.0,6.0,-104.75166667,1/1/1950 12:00:00 AM,9/30/2000 12:00:00 AM,0,0
1056101,10561,BFL,Meadows Field,"Bakersfield, CA",91,United States,US,California,CA,6.0,30561,"Bakersfield, CA",91,35.0,N,25.0,48.0,35.43,119.0,W,3.0,8.0,-119.05222222,1/1/1950 12:00:00 AM,11/30/1995 12:00:00 AM,0,0
1056201,10562,BFM,Mobile Aerospace,"Mobile, AL",51,United States,US,Alabama,AL,1.0,30562,"Mobile, AL",51,30.0,N,37.0,35.0,30.62638889,88.0,W,4.0,5.0,-88.06805556,6/1/1976 12:00:00 AM,6/30/2011 12:00:00 AM,0,0
1056501,10565,BFP,Beaver County,"Beaver Falls, PA",23,United States,US,Pennsylvania,PA,42.0,30565,"Beaver Falls, PA",23,40.0,N,46.0,20.0,40.77222222,80.0,W,23.0,28.0,-80.39111111,6/1/1982 12:00:00 AM,6/30/2011 12:00:00 AM,0,0
1056701,10567,BFR,Virgil I Grissom Municipal,"Bedford, IN",42,United States,US,Indiana,IN,18.0,30567,"Bedford, IN",42,38.0,N,50.0,24.0,38.84,86.0,W,26.0,43.0,-86.44527778,9/1/1999 12:00:00 AM,12/31/2005 12:00:00 AM,0,0
1056901,10569,BFT,Beaufort County,"Beaufort, SC",37,United States,US,South Carolina,SC,45.0,30569,"Beaufort, SC",37,32.0,N,24.0,43.0,32.41194444,80.0,W,38.0,5.0,-80.63472222,9/1/1974 12:00:00 AM,6/30/2011 12:00:00 AM,0,0
1057201,10572,BGD,Hutchinson County,"Borger, TX",74,United States,US,Texas,TX,48.0,30572,"Borger, TX",74,35.0,N,42.0,3.0,35.70083333,101.0,W,23.0,35.0,-101.39305556,1/1/1950 12:00:00 AM,6/30/2011 12:00:00 AM,0,0
1057301,10573,BGE,Decatur County Industrial Air Park,"Bainbridge, GA",34,United States,US,Georgia,GA,13.0,30573,"Bainbridge, GA",34,30.0,N,58.0,18.0,30.97166667,84.0,W,38.0,15.0,-84.6375,1/1/1990 12:00:00 AM,6/30/2011 12:00:00 AM,0,0
1057701,10577,BGM,Greater Binghamton/Edwin A. Link Field,"Binghamton, NY",22,United States,US,New York,NY,36.0,30577,"Binghamton, NY",22,42.0,N,12.0,5.0,42.20138889,75.0,W,58.0,9.0,-75.96916667,1/1/1950 12:00:00 AM,6/30/2011 12:00:00 AM,0,0
1058001,10580,BGQ,Big Lake Airport,"Big Lake, AK",1,United States,US,Alaska,AK,2.0,30580,"Big Lake, AK",1,61.0,N,32.0,9.0,61.53583333,149.0,W,48.0,45.0,-149.8125,1/1/1950 12:00:00 AM,6/30/2011 12:00:00 AM,0,0
1058101,10581,BGR,Bangor International,"Bangor, ME",12,United States,US,Maine,ME,23.0,30581,"Bangor, ME",12,44.0,N,48.0,28.0,44.80777778,68.0,W,49.0,40.0,-68.82777778,1/1/1950 12:00:00 AM,6/30/2011 12:00:00 AM,0,0
1058201,10582,BGS,Big Spring McMahon-Wrinkle,"Big Spring, TX",74,United States,US,Texas,TX,48.0,30582,"Big Spring, TX",74,32.0,N,12.0,52.0,32.21444444,101.0,W,31.0,30.0,-101.525,1/1/1950 12:00:00 AM,6/30/2011 12:00:00 AM,0,0
1058301,10583,BGT,Bagdad Airport,"Bagdad, AZ",81,United States,US,Arizona,AZ,4.0,30583,"Bagdad, AZ",81,34.0,N,35.0,36.0,34.59333333,113.0,W,10.0,15.0,-113.17083333,1/1/1950 12:00:00 AM,6/30/2011 12:00:00 AM,0,0
1058901,10589,BHB,Hancock County-Bar Harbor,"Bar Harbor, ME",12,United States,US,Maine,ME,23.0,30589,"Bar Harbor, ME",12,44.0,N,26.0,56.0,44.44888889,68.0,W,21.0,42.0,-68.36166667,1/1/1950 12:00:00 AM,6/30/2011 12:00:00 AM,0,0
1059001,10590,BHC,Laughlin Bullhead International,"Bullhead City, AZ",81,United States,US,Arizona,AZ,4.0,30590,"Bullhead City, AZ",81,35.0,N,9.0,48.0,35.16333333,114.0,W,33.0,52.0,-114.56444444,3/1/1978 12:00:00 AM,11/30/1994 12:00:00 AM,0,0
1059002,10590,IFP,Laughlin/Bullhead International,"Bullhead City, AZ",81,United States,US,Arizona,AZ,4.0,30590,"Bullhead City, AZ",81,35.0,N,9.0,52.0,35.16444444,114.0,W,33.0,55.0,-114.56527778,12/1/1994 12:00:00 AM,6/30/2011 12:00:00 AM,0,0
1059901,10599,BHM,Birmingham Airport,"Birmingham, AL",51,United States,US,Alabama,AL,1.0,30599,"Birmingham, AL",51,33.0,N,33.0,47.0,33.56305556,86.0,W,45.0,20.0,-86.75555556,1/1/1950 12:00:00 AM,9/30/1993 12:00:00 AM,0,0
1061201,10612,BIC,Big Creek Airport,"Big Creek, AK",1,United States,US,Alaska,AK,2.0,30612,"Big Creek, AK",1,57.0,N,40.0,0.0,57.66666667,157.0,W,35.0,0.0,-157.58333333,3/1/1988 12:00:00 AM,,0,1
1061301,10613,BID,Block Island State,"Block Island, RI",15,United States,US,Rhode Island,RI,44.0,30613,"Block Island, RI",15,41.0,N,10.0,0.0,41.16666667,71.0,W,34.0,45.0,-71.57916667,1/1/1950 12:00:00 AM,6/30/2011 12:00:00 AM,0,0
1061401,10614,BIE,Beatrice Municipal,"Beatrice, NE",65,United States,US,Nebraska,NE,31.0,30614,"Beatrice, NE",65,40.0,N,17.0,56.0,40.29888889,96.0,W,45.0,12.0,-96.75333333,1/1/1950 12:00:00 AM,6/30/2011 12:00:00 AM,0,0
1061501,10615,BIF,Biggs AAF,"El Paso, TX",74,United States,US,Texas,TX,48.0,30615,"El Paso, TX",74,31.0,N,50.0,58.0,31.84944444,106.0,W,22.0,46.0,-106.37944444,6/1/1977 12:00:00 AM,6/30/2011 12:00:00 AM,0,0
1061601,10616,BIG,Allen AAF,"Big Delta, AK",1,United States,US,Alaska,AK,2.0,30616,"Big Delta, AK",1,63.0,N,59.0,37.0,63.99361111,145.0,W,43.0,8.0,-145.71888889,1/1/1950 12:00:00 AM,6/30/2011 12:00:00 AM,0,0
1061701,10617,BIH,Eastern Sierra Regional,"Bishop, CA",91,United States,US,California,CA,6.0,30617,"Bishop, CA",91,37.0,N,22.0,24.0,37.37333333,118.0,W,21.0,54.0,-118.365,1/1/1950 12:00:00 AM,6/30/2011 12:00:00 AM,0,0
1062001,10620,BIL,Billings Logan International,"Billings, MT",84,United States,US,Montana,MT,30.0,30620,"Billings, MT",84,45.0,N,48.0,25.0,45.80694444,108.0,W,32.0,34.0,-108.54277778,1/1/1950 12:00:00 AM,6/30/2011 12:00:00 AM,0,0
1062701,10627,BIS,Bismarck Municipal,"Bismarck/Mandan, ND",66,United States,US,North Dakota,ND,38.0,30627,"Bismarck/Mandan, ND",66,46.0,N,46.0,44.0,46.77888889,100.0,W,45.0,9.0,-100.7525,1/1/1950 12:00:00 AM,6/30/2011 12:00:00 AM,0,0
1062901,10629,BIX,Keesler AFB,"Biloxi, MS",53,United States,US,Mississippi,MS,28.0,30629,"Biloxi, MS",53,30.0,N,24.0,40.0,30.41111111,88.0,W,55.0,25.0,-88.92361111,1/1/1950 12:00:00 AM,6/30/2011 12:00:00 AM,0,0
1063001,10630,BJC,Rocky Mountain Metropolitan,"Broomfield, CO",82,United States,US,Colorado,CO,8.0,30630,"Broomfield, CO",82,39.0,N,54.0,32.0,39.90888889,105.0,W,7.0,2.0,-105.11722222,6/1/1976 12:00:00 AM,4/30/2015 12:00:00 AM,0,0
1063101,10631,BJI,Bemidji Municipal,"Bemidji, MN",63,United States,US,Minnesota,MN,27.0,30631,"Bemidji, MN",63,47.0,N,30.0,35.0,47.50972222,94.0,W,56.0,5.0,-94.93472222,1/1/1950 12:00:00 AM,11/30/1981 12:00:00 AM,0,0
1063201,10632,BJJ,Wayne County,"Wooster, OH",44,United States,US,Ohio,OH,39.0,30632,"Wooster, OH",44,40.0,N,52.0,29.0,40.87472222,81.0,W,53.0,13.0,-81.88694444,1/1/1950 12:00:00 AM,8/31/1993 12:00:00 AM,0,0
1064001,10640,BKC,Buckland Airport,"Buckland, AK",1,United States,US,Alaska,AK,2.0,30640,"Buckland, AK",1,65.0,N,58.0,44.0,65.97888889,161.0,W,7.0,36.0,-161.12666667,1/1/1950 12:00:00 AM,6/30/2011 12:00:00 AM,0,0
1064101,10641,BKE,Baker City Municipal,"Baker, OR",92,United States,US,Oregon,OR,41.0,30641,"Baker, OR",92,44.0,N,50.0,18.0,44.83833333,117.0,W,48.0,36.0,-117.81,1/1/1950 12:00:00 AM,6/30/2011 12:00:00 AM,0,0
1064201,10642,BKF,Brooks Lake Airport,"Brooks Lake, AK",1,United States,US,Alaska,AK,2.0,30642,"Brooks Lake, AK",1,58.0,N,36.0,0.0,58.6,156.0,W,14.0,0.0,-156.23333333,1/1/1950 12:00:00 AM,,0,1
1064301,10643,BKG,Branson Airport,"Branson, MO",64,United States,US,Missouri,MO,29.0,30643,"Branson, MO",64,36.0,N,31.0,55.0,36.53194444,93.0,W,12.0,2.0,-93.20055556,5/1/2009 12:00:00 AM,,0,1
1064401,10644,BKH,Barking Sands Pacific Missile Range Facility,"Kekaha, Kauai, HI",2,United States,US,Hawaii,HI,15.0,30644,"Kekaha, Kauai, HI",2,22.0,N,1.0,18.0,22.02166667,159.0,W,47.0,12.0,-159.78666667,10/1/2007 12:00:00 AM,6/30/2011 12:00:00 AM,0,0
1064701,10647,BKL,Lakefront,"Cleveland, OH",44,United States,US,Ohio,OH,39.0,30647,"Cleveland, OH (Metropolitan Area)",44,41.0,N,31.0,1.0,41.51694444,81.0,W,41.0,0.0,-81.68333333,1/1/1950 12:00:00 AM,6/30/2011 12:00:00 AM,0,0
1065401,10654,BKW,Raleigh County Memorial,"Beckley, WV",39,United States,US,West Virginia,WV,54.0,30654,"Beckley, WV",39,37.0,N,46.0,55.0,37.78194444,81.0,W,7.0,27.0,-81.12416667,1/1/1950 12:00:00 AM,6/30/2011 12:00:00 AM,0,0
1065501,10655,BKX,Brookings Regional,"Brookings, SD",67,United States,US,South Dakota,SD,46.0,30655,"Brookings, SD",67,44.0,N,18.0,12.0,44.30333333,96.0,W,48.0,40.0,-96.81111111,1/1/1950 12:00:00 AM,6/30/2011 12:00:00 AM,0,0
1066101,10661,BLD,Boulder City Municipal,"Boulder City, NV",85,United States,US,Nevada,NV,32.0,30661,"Boulder City, NV",85,35.0,N,56.0,51.0,35.9475,114.0,W,51.0,40.0,-114.86111111,6/1/2003 12:00:00 AM,8/31/2012 12:00:00 AM,0,0
1066301,10663,BLF,Mercer County,"Princeton/Bluefield, WV",39,United States,US,West Virginia,WV,54.0,30663,"Princeton/Bluefield, WV",39,37.0,N,17.0,45.0,37.29583333,81.0,W,12.0,29.0,-81.20805556,1/1/1950 12:00:00 AM,6/30/2011 12:00:00 AM,0,0
1066501,10665,BLH,Blythe Airport,"Blythe, CA",91,United States,US,California,CA,6.0,30665,"Blythe, CA",91,33.0,N,37.0,15.0,33.62083333,114.0,W,43.0,8.0,-114.71888889,1/1/1950 12:00:00 AM,6/30/2011 12:00:00 AM,0,0
1066601,10666,BLI,Bellingham International,"Bellingham, WA",93,United States,US,Washington,WA,53.0,30666,"Bellingham, WA",93,48.0,N,47.0,40.0,48.79444444,122.0,W,32.0,5.0,-122.53472222,1/1/1950 12:00:00 AM,6/30/2011 12:00:00 AM,0,0
1067001,10670,BLM,Monmouth Executive,"Belmar/Farmingdale, NJ",21,United States,US,New Jersey,NJ,34.0,30670,"Belmar/Farmingdale, NJ",21,40.0,N,11.0,12.0,40.18666667,74.0,W,7.0,30.0,-74.125,1/1/1950 12:00:00 AM,6/30/2011 12:00:00 AM,0,0
1067601,10676,BLV,Scott AFB,"Belleville, IL",41,United States,US,Illinois,IL,17.0,30676,"Belleville, IL",41,38.0,N,32.0,34.0,38.54277778,89.0,W,51.0,4.0,-89.85111111,1/1/1950 12:00:00 AM,6/30/2011 12:00:00 AM,0,0
1068001,10680,BMC,Brigham City Airport,"Brigham City, UT",87,United States,US,Utah,UT,49.0,30680,"Brigham City, UT",87,41.0,N,32.0,57.0,41.54916667,112.0,W,3.0,44.0,-112.06222222,1/1/1950 12:00:00 AM,6/30/2011 12:00:00 AM,0,0
1068301,10683,BMG,Monroe County,"Bloomington, IN",42,United States,US,Indiana,IN,18.0,30683,"Bloomington, IN",42,39.0,N,8.0,24.0,39.14,86.0,W,36.0,53.0,-86.61472222,1/1/1950 12:00:00 AM,12/31/2005 12:00:00 AM,0,0
1068501,10685,BMI,Central Illinois Regional,"Bloomington/Normal, IL",41,United States,US,Illinois,IL,17.0,30685,"Bloomington/Normal, IL",41,40.0,N,28.0,55.0,40.48194444,88.0,W,55.0,39.0,-88.9275,1/1/1950 12:00:00 AM,6/30/2011 12:00:00 AM,0,0
1068701,10687,BML,Berlin Municipal,"Berlin, NH",14,United States,US,New Hampshire,NH,33.0,30687,"Berlin, NH",14,44.0,N,34.0,29.0,44.57472222,71.0,W,10.0,35.0,-71.17638889,1/1/1950 12:00:00 AM,6/30/2011 12:00:00 AM,0,0
1069201,10692,BMX,Big Mountain AFS,"Big Mountain, AK",1,United States,US,Alaska,AK,2.0,30692,"Big Mountain, AK",1,59.0,N,21.0,43.0,59.36194444,155.0,W,15.0,24.0,-155.25666667,1/1/1950 12:00:00 AM,6/30/2011 12:00:00 AM,0,0
1069301,10693,BNA,Nashville International,"Nashville, TN",54,United States,US,Tennessee,TN,47.0,30693,"Nashville, TN",54,36.0,N,7.0,36.0,36.12666667,86.0,W,40.0,55.0,-86.68194444,1/1/1950 12:00:00 AM,6/30/2011 12:00:00 AM,0,0
1069701,10697,BNF,Warm Spring Bay Seaplane Base,"Baranof, AK",1,United States,US,Alaska,AK,2.0,30697,"Baranof, AK",1,57.0,N,5.0,21.0,57.08916667,134.0,W,49.0,53.0,-134.83138889,1/1/1950 12:00:00 AM,,0,1
1069801,10698,BNG,Banning Municipal,"Banning, CA",91,United States,US,California,CA,6.0,30698,"Banning, CA",91,33.0,N,55.0,23.0,33.92305556,116.0,W,51.0,2.0,-116.85055556,1/1/1950 12:00:00 AM,6/30/2011 12:00:00 AM,0,0
1070101,10701,BNL,Barnwell County,"Barnwell, SC",37,United States,US,South Carolina,SC,45.0,30701,"Barnwell, SC",37,33.0,N,15.0,28.0,33.25777778,81.0,W,23.0,18.0,-81.38833333,5/1/2003 12:00:00 AM,6/30/2011 12:00:00 AM,0,0
1070301,10703,BNO,Burns Municipal,"Burns, OR",92,United States,US,Oregon,OR,41.0,30703,"Burns, OR",92,43.0,N,35.0,26.0,43.59055556,118.0,W,57.0,15.0,-118.95416667,10/1/1974 12:00:00 AM,6/30/2011 12:00:00 AM,0,0
1071301,10713,BOI,Boise Air Terminal,"Boise, ID",83,United States,US,Idaho,ID,16.0,30713,"Boise, ID",83,43.0,N,33.0,55.0,43.56527778,116.0,W,13.0,30.0,-116.225,1/1/1950 12:00:00 AM,6/30/2011 12:00:00 AM,0,0
1071501,10715,BOK,Brookings Airport,"Brookings, OR",92,United States,US,Oregon,OR,41.0,30715,"Brookings, OR",92,42.0,N,4.0,29.0,42.07472222,124.0,W,17.0,20.0,-124.28888889,9/1/1977 12:00:00 AM,6/30/2011 12:00:00 AM,0,0
1072101,10721,BOS,Logan International,"Boston, MA",13,United States,US,Massachusetts,MA,25.0,30721,"Boston, MA (Metropolitan Area)",13,42.0,N,21.0,49.0,42.36361111,71.0,W,0.0,22.0,-71.00611111,1/1/1950 12:00:00 AM,6/30/2011 12:00:00 AM,0,0
1072201,10722,BOW,Bartow Municipal,"Bartow, FL",33,United States,US,Florida,FL,12.0,30722,"Bartow, FL",33,27.0,N,56.0,36.0,27.94333333,81.0,W,47.0,1.0,-81.78361111,1/1/1950 12:00:00 AM,6/30/2011 12:00:00 AM,0,0
1072801,10728,BPT,Jefferson County,"Beaumont/Port Arthur, TX",74,United States,US,Texas,TX,48.0,30728,"Beaumont/Port Arthur, TX",74,29.0,N,57.0,3.0,29.95083333,94.0,W,1.0,12.0,-94.02,1/1/1950 12:00:00 AM,6/30/1999 12:00:00 AM,0,0
1073101,10731,BQK,Glynco Jetport,"Brunswick, GA",34,United States,US,Georgia,GA,13.0,30731,"Brunswick, GA",34,31.0,N,15.0,32.0,31.25888889,81.0,W,27.0,59.0,-81.46638889,7/1/1974 12:00:00 AM,12/31/2002 12:00:00 AM,0,0
1073202,10732,BQN,Rafael Hernandez,"Aguadilla, PR",3,United States,US,Puerto Rico,PR,72.0,30732,"Aguadilla, PR",3,18.0,N,29.0,42.0,18.495,67.0,W,7.0,46.0,-67.12944444,1/1/1990 12:00:00 AM,6/30/2011 12:00:00 AM,0,0
1073501,10735,BQV,Bartlett Cove Seaplane Base,"Bartlett Cove, AK",1,United States,US,Alaska,AK,2.0,30735,"Bartlett Cove, AK",1,58.0,N,27.0,20.0,58.45555556,135.0,W,53.0,0.0,-135.88333333,1/1/1950 12:00:00 AM,1/31/1950 12:00:00 AM,0,0
1073901,10739,BRD,Brainerd/Crow Wing County,"Brainerd, MN",63,United States,US,Minnesota,MN,27.0,30739,"Brainerd, MN",63,46.0,N,23.0,50.0,46.39722222,94.0,W,8.0,15.0,-94.1375,1/1/1950 12:00:00 AM,7/31/2002 12:00:00 AM,0,0
1074101,10741,BRG,Whitesburg Municipal,"Whitesburg, KY",52,United States,US,Kentucky,KY,21.0,30741,"Whitesburg, KY",52,37.0,N,7.0,0.0,37.11666667,82.0,W,49.0,0.0,-82.81666667,12/1/1990 12:00:00 AM,,0,1
1074401,10744,BRL,Burlington Municipal,"Burlington, IA",61,United States,US,Iowa,IA,19.0,30744,"Burlington, IA",61,40.0,N,47.0,10.0,40.78611111,91.0,W,7.0,24.0,-91.12333333,1/1/1950 12:00:00 AM,6/30/2011 12:00:00 AM,0,0
1074701,10747,BRO,Brownsville South Padre Island International,"Brownsville, TX",74,United States,US,Texas,TX,48.0,30747,"Brownsville, TX",74,25.0,N,54.0,23.0,25.90638889,97.0,W,25.0,32.0,-97.42555556,1/1/1950 12:00:00 AM,6/30/2011 12:00:00 AM,0,0
1075401,10754,BRW,Wiley Post/Will Rogers Memorial,"Barrow, AK",1,United States,US,Alaska,AK,2.0,30107,"Barrow, AK",1,71.0,N,17.0,8.0,71.28555556,156.0,W,45.0,58.0,-156.76611111,1/1/1950 12:00:00 AM,6/30/2011 12:00:00 AM,0,0
1075601,10756,BRY,Samuels Field,"Bardstown, KY",52,United States,US,Kentucky,KY,21.0,30756,"Bardstown, KY",52,37.0,N,48.0,52.0,37.81444444,85.0,W,29.0,59.0,-85.49972222,9/1/2002 12:00:00 AM,,0,1
1076501,10765,BSQ,Bisbee Municipal,"Bisbee, AZ",81,United States,US,Arizona,AZ,4.0,30765,"Bisbee, AZ",81,31.0,N,22.0,14.0,31.37055556,109.0,W,52.0,57.0,-109.8825,1/1/1950 12:00:00 AM,6/30/2011 12:00:00 AM,0,0
1076901,10769,BSW,Boswell Bay Airport,"Boswell Bay, AK",1,United States,US,Alaska,AK,2.0,30769,"Boswell Bay, AK",1,60.0,N,25.0,25.0,60.42361111,146.0,W,8.0,40.0,-146.14444444,1/1/1950 12:00:00 AM,6/30/2011 12:00:00 AM,0,0
1077001,10770,BSZ,Bartletts Airport,"Bartletts, AK",1,United States,US,Alaska,AK,2.0,30770,"Bartletts, AK",1,58.0,N,14.0,1.0,58.23361111,157.0,W,21.0,1.0,-157.35027778,9/1/1990 12:00:00 AM,6/30/2011 12:00:00 AM,0,0
1077501,10775,BTI,Barter Island Dew Station,"Barter Island, AK",1,United States,US,Alaska,AK,2.0,30775,"Barter Island, AK",1,70.0,N,8.0,5.0,70.13472222,143.0,W,34.0,42.0,-143.57833333,1/1/1950 12:00:00 AM,6/30/2011 12:00:00 AM,0,0
1077801,10778,BTL,W K Kellogg,"Battle Creek, MI",43,United States,US,Michigan,MI,26.0,30778,"Battle Creek, MI",43,42.0,N,18.0,33.0,42.30916667,85.0,W,14.0,52.0,-85.24777778,1/1/1950 12:00:00 AM,6/30/2011 12:00:00 AM,0,0
1077901,10779,BTM,Bert Mooney,"Butte, MT",84,United States,US,Montana,MT,30.0,30779,"Butte, MT",84,45.0,N,57.0,4.0,45.95111111,112.0,W,29.0,38.0,-112.49388889,1/1/1950 12:00:00 AM,6/30/2011 12:00:00 AM,0,0
1078001,10780,BTP,Butler County/K. W. Scholter Field,"Butler, PA",23,United States,US,Pennsylvania,PA,42.0,30780,"Butler, PA",23,40.0,N,46.0,37.0,40.77694444,79.0,W,57.0,0.0,-79.95,6/1/1982 12:00:00 AM,6/30/2011 12:00:00 AM,0,0
1078101,10781,BTR,Baton Rouge Metropolitan/Ryan Field,"Baton Rouge, LA",72,United States,US,Louisiana,LA,22.0,30781,"Baton Rouge, LA",72,30.0,N,31.0,54.0,30.53166667,91.0,W,9.0,2.0,-91.15055556,1/1/1950 12:00:00 AM,6/30/2011 12:00:00 AM,0,0
1078301,10783,BTT,Bettles Airport,"Bettles, AK",1,United States,US,Alaska,AK,2.0,30783,"Bettles, AK",1,66.0,N,54.0,55.0,66.91527778,151.0,W,31.0,35.0,-151.52638889,1/1/1950 12:00:00 AM,6/30/2011 12:00:00 AM,0,0
1078501,10785,BTV,Burlington International,"Burlington, VT",16,United States,US,Vermont,VT,50.0,30785,"Burlington, VT",16,44.0,N,28.0,22.0,44.47277778,73.0,W,9.0,11.0,-73.15305556,1/1/1950 12:00:00 AM,6/30/2011 12:00:00 AM,0,0
1078601,10786,BTY,Beatty Airport,"Beatty, NV",85,United States,US,Nevada,NV,32.0,30786,"Beatty, NV",85,36.0,N,51.0,40.0,36.86111111,116.0,W,47.0,7.0,-116.78527778,1/1/1950 12:00:00 AM,6/30/2011 12:00:00 AM,0,0
1079201,10792,BUF,Greater Buffalo International,"Buffalo, NY",22,United States,US,New York,NY,36.0,30792,"Buffalo, NY",22,42.0,N,56.0,28.0,42.94111111,78.0,W,44.0,11.0,-78.73638889,1/1/1950 12:00:00 AM,8/31/1983 12:00:00 AM,0,0
1079601,10796,BUM,Butler Memorial,"Butler, MO",64,United States,US,Missouri,MO,29.0,30796,"Butler, MO",64,38.0,N,17.0,23.0,38.28972222,94.0,W,20.0,24.0,-94.34,7/1/2009 12:00:00 AM,2/29/2012 12:00:00 AM,0,0
1080001,10800,BUR,Hollywood-Burbank Midpoint,"Burbank, CA",91,United States,US,California,CA,6.0,32575,"Los Angeles, CA (Metropolitan Area)",91,34.0,N,12.0,0.0,34.2,118.0,W,21.0,28.0,-118.35777778,1/1/1950 12:00:00 AM,11/30/2002 12:00:00 AM,0,0
1080901,10809,BVD,Beaver Inlet Seaport,"Beaver Inlet, AK",1,United States,US,Alaska,AK,2.0,30809,"Beaver Inlet, AK",1,53.0,N,49.0,57.0,53.8325,166.0,W,18.0,9.0,-166.3025,3/1/1990 12:00:00 AM,,0,1
1081101,10811,BVO,Frank Phillips,"Bartlesville, OK",73,United States,US,Oklahoma,OK,40.0,30811,"Bartlesville, OK",73,36.0,N,45.0,45.0,36.7625,96.0,W,0.0,39.0,-96.01083333,1/1/1950 12:00:00 AM,5/31/1979 12:00:00 AM,0,0
1081201,10812,BVR,Beaver Island,"St. James, MI",43,United States,US,Michigan,MI,26.0,30812,"St. James, MI",43,45.0,N,41.0,37.0,45.69361111,85.0,W,33.0,57.0,-85.56583333,1/1/1950 12:00:00 AM,6/30/2011 12:00:00 AM,0,0
1081401,10814,BVX,Batesville Regional,"Batesville, AR",71,United States,US,Arkansas,AR,5.0,30814,"Batesville, AR",71,35.0,N,43.0,34.0,35.72611111,91.0,W,38.0,51.0,-91.6475,1/1/1950 12:00:00 AM,,0,1
1081501,10815,BVY,Beverly Municipal,"Beverly, MA",13,United States,US,Massachusetts,MA,25.0,30815,"Beverly, MA",13,42.0,N,35.0,0.0,42.58333333,70.0,W,54.0,56.0,-70.91555556,3/1/1976 12:00:00 AM,6/30/2011 12:00:00 AM,0,0
1081701,10817,BWD,Brownwood Regional,"Brownwood, TX",74,United States,US,Texas,TX,48.0,30817,"Brownwood, TX",74,31.0,N,47.0,41.0,31.79472222,98.0,W,57.0,24.0,-98.95666667,1/1/1950 12:00:00 AM,6/30/2011 12:00:00 AM,0,0
1081901,10819,BWG,Bowling Green-Warren County Regional,"Bowling Green, KY",52,United States,US,Kentucky,KY,21.0,30819,"Bowling Green, KY",52,36.0,N,57.0,44.0,36.96222222,86.0,W,25.0,20.0,-86.42222222,1/1/1950 12:00:00 AM,6/30/2011 12:00:00 AM,0,0
1082101,10821,BAL,Friendship International,"Baltimore, MD",35,United States,US,Maryland,MD,24.0,30852,"Washington, DC (Metropolitan Area)",32,39.0,N,10.0,32.0,39.17555556,76.0,W,40.0,17.0,-76.67138889,7/1/1950 12:00:00 AM,3/31/1981 12:00:00 AM,0,0
1082102,10821,BWI,Baltimore/Washington International,"Baltimore, MD",35,United States,US,Maryland,MD,24.0,30852,"Washington, DC (Metropolitan Area)",32,39.0,N,10.0,30.0,39.175,76.0,W,40.0,12.0,-76.67,4/1/1981 12:00:00 AM,9/30/2005 12:00:00 AM,0,0
1082301,10823,BWM,Bowman County,"Bowman, ND",66,United States,US,North Dakota,ND,38.0,30823,"Bowman, ND",66,46.0,N,11.0,15.0,46.1875,103.0,W,25.0,15.0,-103.42083333,6/1/1977 12:00:00 AM,6/30/2011 12:00:00 AM,0,0
1082501,10825,BWS,Blaine Municipal,"Blaine, WA",93,United States,US,Washington,WA,53.0,30825,"Blaine, WA",93,48.0,N,59.0,23.0,48.98972222,122.0,W,43.0,50.0,-122.73055556,12/1/1989 12:00:00 AM,6/30/2011 12:00:00 AM,0,0
1082801,10828,BXC,Sheraton Inn Heliport,"Boxborough, MA",13,United States,US,Massachusetts,MA,25.0,30828,"Boxborough, MA",13,42.0,N,29.0,5.0,42.48472222,71.0,W,32.0,40.0,-71.54444444,3/1/1988 12:00:00 AM,,0,1
1083201,10832,BXS,Borrego Valley,"Borrego Springs, CA",91,United States,US,California,CA,6.0,30832,"Borrego Springs, CA",91,33.0,N,15.0,35.0,33.25972222,116.0,W,19.0,20.0,-116.32222222,3/1/1978 12:00:00 AM,6/30/2011 12:00:00 AM,0,0
1083401,10834,BYA,Boundary Airport,"Boundary, AK",1,United States,US,Alaska,AK,2.0,30834,"Boundary, AK",1,64.0,N,4.0,35.0,64.07638889,141.0,W,6.0,52.0,-141.11444444,1/1/1950 12:00:00 AM,6/30/2011 12:00:00 AM,0,0
1083601,10836,RKH,Rock Hill/York County/Bryant Field,"Rock Hill, SC",37,United States,US,South Carolina,SC,45.0,30836,"Rock Hill, SC",37,34.0,N,59.0,16.0,34.98777778,81.0,W,3.0,26.0,-81.05722222,6/1/1978 12:00:00 AM,,0,1
1083701,10837,BYG,Johnson County,"Buffalo, WY",88,United States,US,Wyoming,WY,56.0,30837,"Buffalo, WY",88,44.0,N,22.0,53.0,44.38138889,106.0,W,43.0,16.0,-106.72111111,3/1/1991 12:00:00 AM,6/30/2011 12:00:00 AM,0,0
1083801,10838,BYH,Blytheville AFB,"Blytheville, AR",71,United States,US,Arkansas,AR,5.0,30838,"Blytheville, AR",71,35.0,N,57.0,51.0,35.96416667,89.0,W,56.0,45.0,-89.94583333,1/1/1950 12:00:00 AM,12/31/1992 12:00:00 AM,0,0
1083901,10839,BYI,Burley Municipal,"Burley/Rupert, ID",83,United States,US,Idaho,ID,16.0,30839,"Burley/Rupert, ID",83,42.0,N,32.0,29.0,42.54138889,113.0,W,46.0,27.0,-113.77416667,1/1/1950 12:00:00 AM,6/30/2011 12:00:00 AM,0,0
1084101,10841,MI5,Boyne Mountain,"Boyne Falls, MI",43,United States,US,Michigan,MI,26.0,30841,"Boyne Falls, MI",43,45.0,N,9.0,57.0,45.16583333,84.0,W,55.0,27.0,-84.92416667,10/1/1971 12:00:00 AM,,0,1
1084401,10844,BYW,Blakely Island Airport,"Blakely Island, WA",93,United States,US,Washington,WA,53.0,30844,"Blakely Island, WA",93,48.0,N,34.0,45.0,48.57916667,122.0,W,49.0,30.0,-122.825,3/1/1982 12:00:00 AM,6/30/2011 12:00:00 AM,0,0
1084901,10849,BZN,Gallatin Field,"Bozeman, MT",84,United States,US,Montana,MT,30.0,30849,"Bozeman, MT",84,45.0,N,46.0,49.0,45.78027778,111.0,W,9.0,34.0,-111.15944444,1/1/1950 12:00:00 AM,6/30/2011 12:00:00 AM,0,0
1085301,10853,BZT,Eagle Air Park,"Brazoria, TX",74,United States,US,Texas,TX,48.0,30853,"Brazoria, TX",74,28.0,N,58.0,56.0,28.98222222,95.0,W,34.0,47.0,-95.57972222,1/1/1990 12:00:00 AM,,0,1
1085701,10857,C01,Camarillo Airport,"Camarillo, CA",91,United States,US,California,CA,6.0,30857,"Camarillo, CA",91,34.0,N,12.0,50.0,34.21388889,119.0,W,5.0,40.0,-119.09444444,12/1/2002 12:00:00 AM,6/30/2011 12:00:00 AM,0,0
1085801,10858,C02,Bakersfield Municipal,"Bakersfield, CA",91,United States,US,California,CA,6.0,30561,"Bakersfield, CA",91,35.0,N,19.0,29.0,35.32472222,118.0,W,59.0,45.0,-118.99583333,1/1/2005 12:00:00 AM,6/30/2011 12:00:00 AM,0,0
1086701,10867,CAD,Wexford County,"Cadillac, MI",43,United States,US,Michigan,MI,26.0,30867,"Cadillac, MI",43,44.0,N,16.0,33.0,44.27583333,85.0,W,25.0,9.0,-85.41916667,1/1/1950 12:00:00 AM,6/30/2011 12:00:00 AM,0,0
1086801,10868,CAE,Columbia Metropolitan,"Columbia, SC",37,United States,US,South Carolina,SC,45.0,30868,"Columbia, SC",37,33.0,N,56.0,11.0,33.93638889,81.0,W,6.0,57.0,-81.11583333,1/1/1950 12:00:00 AM,8/31/1992 12:00:00 AM,0,0
1087401,10874,CAK,Akron-Canton Regional,"Akron, OH",44,United States,US,Ohio,OH,39.0,30647,"Cleveland, OH (Metropolitan Area)",44,40.0,N,54.0,50.0,40.91388889,81.0,W,26.0,30.0,-81.44166667,1/1/1950 12:00:00 AM,6/30/2011 12:00:00 AM,0,0
1087901,10879,CAR,Caribou Municipal,"Caribou, ME",12,United States,US,Maine,ME,23.0,30879,"Caribou, ME",12,46.0,N,52.0,15.0,46.87083333,68.0,W,1.0,15.0,-68.02083333,1/1/1950 12:00:00 AM,6/30/2011 12:00:00 AM,0,0
1088601,10886,CBA,Corner Bay Airport,"Corner Bay, AK",1,United States,US,Alaska,AK,2.0,30886,"Corner Bay, AK",1,57.0,N,44.0,16.0,57.73777778,135.0,W,7.0,32.0,-135.12555556,3/1/1978 12:00:00 AM,,0,1
1088801,10888,CBE,Cumberland Municipal,"Cumberland, MD",35,United States,US,Maryland,MD,24.0,30888,"Cumberland, MD",35,39.0,N,36.0,52.0,39.61444444,78.0,W,45.0,58.0,-78.76611111,1/1/1950 12:00:00 AM,6/30/2011 12:00:00 AM,0,0
1088901,10889,CBF,Council Bluffs Municipal,"Council Bluffs, IA",61,United States,US,Iowa,IA,19.0,30889,"Council Bluffs, IA",61,41.0,N,15.0,32.0,41.25888889,95.0,W,45.0,35.0,-95.75972222,3/1/1996 12:00:00 AM,6/30/2011 12:00:00 AM,0,0
1089201,10892,CBK,Murray,"Colby, KS",62,United States,US,Kansas,KS,20.0,30892,"Colby, KS",62,39.0,N,24.0,14.0,39.40388889,101.0,W,2.0,48.0,-101.04666667,1/1/1950 12:00:00 AM,,0,1
1089401,10894,CBM,Columbus AFB,"Columbus, MS",53,United States,US,Mississippi,MS,28.0,30894,"Columbus, MS",53,33.0,N,38.0,37.0,33.64361111,88.0,W,26.0,38.0,-88.44388889,6/1/1976 12:00:00 AM,6/30/2011 12:00:00 AM,0,0
1091001,10910,CCR,Buchanan Field,"Concord, CA",91,United States,US,California,CA,6.0,32457,"San Francisco, CA (Metropolitan Area)",91,37.0,N,59.0,20.0,37.98888889,122.0,W,3.0,20.0,-122.05555556,1/1/1950 12:00:00 AM,11/30/2002 12:00:00 AM,0,0
1091501,10915,CCY,Charles City Municipal,"Charles City, IA",61,United States,US,Iowa,IA,19.0,30915,"Charles City, IA",61,43.0,N,4.0,21.0,43.0725,92.0,W,36.0,39.0,-92.61083333,6/1/1999 12:00:00 AM,12/31/2007 12:00:00 AM,0,0
1091701,10917,CDB,Cold Bay Airport,"Cold Bay, AK",1,United States,US,Alaska,AK,2.0,30082,"Cold Bay, AK",1,55.0,N,11.0,59.0,55.19972222,162.0,W,43.0,11.0,-162.71972222,1/1/1950 12:00:00 AM,6/30/2011 12:00:00 AM,0,0
1091801,10918,CDC,Cedar City Regional,"Cedar City, UT",87,United States,US,Utah,UT,49.0,30918,"Cedar City, UT",87,37.0,N,42.0,9.0,37.7025,113.0,W,5.0,46.0,-113.09611111,1/1/1950 12:00:00 AM,6/30/2011 12:00:00 AM,0,0
1092101,10921,CDH,Harrell Field,"Camden, AR",71,United States,US,Arkansas,AR,5.0,30921,"Camden, AR",71,33.0,N,37.0,3.0,33.6175,92.0,W,45.0,48.0,-92.76333333,1/1/1950 12:00:00 AM,11/30/2002 12:00:00 AM,0,0
1092301,10923,CDL,Candle 2,"Candle, AK",1,United States,US,Alaska,AK,2.0,30923,"Candle, AK",1,65.0,N,54.0,29.0,65.90805556,161.0,W,56.0,18.0,-161.93833333,1/1/1950 12:00:00 AM,6/30/2011 12:00:00 AM,0,0
1092401,10924,CDN,Woodward Field,"Camden, SC",37,United States,US,South Carolina,SC,45.0,30924,"Camden, SC",37,34.0,N,16.0,0.0,34.26666667,80.0,W,36.0,0.0,-80.6,3/1/2003 12:00:00 AM,6/30/2011 12:00:00 AM,0,0
1092501,10925,CDR,Chadron Municipal,"Chadron, NE",65,United States,US,Nebraska,NE,31.0,30925,"Chadron, NE",65,42.0,N,50.0,6.0,42.835,103.0,W,5.0,52.0,-103.09777778,1/1/1950 12:00:00 AM,6/30/2011 12:00:00 AM,0,0
1092601,10926,CDV,Cordova Mile 13,"Cordova, AK",1,United States,US,Alaska,AK,2.0,30913,"Cordova, AK",1,60.0,N,29.0,35.0,60.49305556,145.0,W,28.0,12.0,-145.47,1/1/1950 12:00:00 AM,8/31/1974 12:00:00 AM,0,0
1092701,10927,CDW,Caldwell Wright,"Caldwell, NJ",21,United States,US,New Jersey,NJ,34.0,30927,"Caldwell, NJ",21,40.0,N,52.0,32.0,40.87555556,74.0,W,16.0,53.0,-74.28138889,1/1/1950 12:00:00 AM,6/30/2011 12:00:00 AM,0,0
1092801,10928,CEA,Cessna Aircraft Field,"Wichita, KS",62,United States,US,Kansas,KS,20.0,30928,"Wichita, KS",62,37.0,N,38.0,55.0,37.64861111,97.0,W,15.0,1.0,-97.25027778,1/1/1950 12:00:00 AM,6/30/2011 12:00:00 AM,0,0
1093001,10930,CEC,Jack McNamara Field,"Crescent City, CA",91,United States,US,California,CA,6.0,30930,"Crescent City, CA",91,41.0,N,46.0,48.0,41.78,124.0,W,14.0,9.0,-124.23583333,1/1/1950 12:00:00 AM,6/30/2011 12:00:00 AM,0,0
1093301,10933,CEF,Westover AFB,"Chicopee Falls, MA",13,United States,US,Massachusetts,MA,25.0,30933,"Chicopee Falls, MA",13,42.0,N,11.0,52.0,42.19777778,72.0,W,31.0,50.0,-72.53055556,1/1/1950 12:00:00 AM,6/30/2011 12:00:00 AM,0,0
1093801,10938,CEM,Central Airport,"Central, AK",1,United States,US,Alaska,AK,2.0,30938,"Central, AK",1,65.0,N,34.0,29.0,65.57472222,144.0,W,46.0,55.0,-144.78194444,1/1/1950 12:00:00 AM,6/30/2011 12:00:00 AM,0,0
1094501,10945,CEU,Clemson-Oconee County,"Clemson, SC",37,United States,US,South Carolina,SC,45.0,30945,"Clemson, SC",37,34.0,N,40.0,28.0,34.67444444,82.0,W,53.0,25.0,-82.89027778,6/1/1978 12:00:00 AM,6/30/2011 12:00:00 AM,0,0
1094601,10946,CEV,Mettel Field,"Connersville, IN",42,United States,US,Indiana,IN,18.0,30946,"Connersville, IN",42,39.0,N,41.0,55.0,39.69861111,85.0,W,7.0,54.0,-85.13166667,12/1/1994 12:00:00 AM,12/31/2005 12:00:00 AM,0,0
1094701,10947,CEW,Bob Sikes,"Crestview, FL",33,United States,US,Florida,FL,12.0,30947,"Crestview, FL",33,30.0,N,46.0,47.0,30.77972222,86.0,W,31.0,21.0,-86.5225,12/1/1987 12:00:00 AM,6/30/2011 12:00:00 AM,0,0
1094801,10948,CEX,Chena Hot Springs Airport,"Chena Hot Springs, AK",1,United States,US,Alaska,AK,2.0,30948,"Chena Hot Springs, AK",1,65.0,N,3.0,10.0,65.05277778,146.0,W,2.0,42.0,-146.045,1/1/1950 12:00:00 AM,6/30/2011 12:00:00 AM,0,0
1094901,10949,CEY,Kyle-Oakley Field,"Murray, KY",52,United States,US,Kentucky,KY,21.0,30949,"Murray, KY",52,36.0,N,39.0,56.0,36.66555556,88.0,W,22.0,16.0,-88.37111111,12/1/1979 12:00:00 AM,6/30/2011 12:00:00 AM,0,0
1095001,10950,CEZ,Cortez Montezuma County,"Cortez, CO",82,United States,US,Colorado,CO,8.0,30950,"Cortez, CO",82,37.0,N,18.0,10.0,37.30277778,108.0,W,37.0,38.0,-108.62722222,1/1/1950 12:00:00 AM,6/30/2011 12:00:00 AM,0,0
1095101,10951,CFA,Coffee Point Airport,"Coffee Point, AK",1,United States,US,Alaska,AK,2.0,30951,"Coffee Point, AK",1,58.0,N,13.0,0.0,58.21666667,157.0,W,30.0,0.0,-157.5,3/1/1990 12:00:00 AM,,0,1
1095801,10958,CFT,Greenlee County,"Clifton, AZ",81,United States,US,Arizona,AZ,4.0,30958,"Clifton, AZ",81,32.0,N,57.0,26.0,32.95722222,109.0,W,12.0,18.0,-109.205,9/1/1974 12:00:00 AM,6/30/2011 12:00:00 AM,0,0
1096001,10960,CFV,Coffeyville Municipal,"Coffeyville, KS",62,United States,US,Kansas,KS,20.0,30960,"Coffeyville, KS",62,37.0,N,5.0,38.0,37.09388889,95.0,W,34.0,18.0,-95.57166667,3/1/2003 12:00:00 AM,6/30/2011 12:00:00 AM,0,0
1096101,10961,CGA,Craig Seaplane Base,"Craig, AK",1,United States,US,Alaska,AK,2.0,30961,"Craig, AK",1,55.0,N,28.0,45.0,55.47916667,133.0,W,8.0,46.0,-133.14611111,1/1/1950 12:00:00 AM,,0,1
1096401,10964,CGE,Cambridge-Dorchester,"Cambridge, MD",35,United States,US,Maryland,MD,24.0,30964,"Cambridge, MD",35,38.0,N,32.0,22.0,38.53944444,76.0,W,1.0,40.0,-76.02777778,1/1/1950 12:00:00 AM,6/30/2011 12:00:00 AM,0,0
1096501,10965,CGF,Cuyahoga County,"Cleveland, OH",44,United States,US,Ohio,OH,39.0,30647,"Cleveland, OH (Metropolitan Area)",44,41.0,N,33.0,55.0,41.56527778,81.0,W,29.0,12.0,-81.48666667,6/1/1976 12:00:00 AM,6/30/2011 12:00:00 AM,0,0
1096701,10967,CGI,Cape Girardeau Regional,"Cape Girardeau, MO",64,United States,US,Missouri,MO,29.0,30967,"Cape Girardeau, MO",64,37.0,N,13.0,25.0,37.22361111,89.0,W,34.0,18.0,-89.57166667,1/1/1950 12:00:00 AM,6/30/2011 12:00:00 AM,0,0
1097501,10975,CGS,College Park Airport,"College Park, MD",35,United States,US,Maryland,MD,24.0,30975,"College Park, MD",35,38.0,N,58.0,50.0,38.98055556,76.0,W,55.0,22.0,-76.92277778,3/1/1988 12:00:00 AM,6/30/2011 12:00:00 AM,0,0
1097701,10977,CGX,Meigs Field,"Chicago, IL",41,United States,US,Illinois,IL,17.0,30977,"Chicago, IL",41,41.0,N,51.0,32.0,41.85888889,87.0,W,36.0,30.0,-87.60833333,1/1/1950 12:00:00 AM,,0,1
1097901,10979,CGZ,Casa Grande Municipal,"Casa Grande, AZ",81,United States,US,Arizona,AZ,4.0,30979,"Casa Grande, AZ",81,32.0,N,57.0,17.0,32.95472222,111.0,W,45.0,58.0,-111.76611111,12/1/1987 12:00:00 AM,6/30/2011 12:00:00 AM,0,0
1098001,10980,CHA,Lovell Field,"Chattanooga, TN",54,United States,US,Tennessee,TN,47.0,30980,"Chattanooga, TN",54,35.0,N,2.0,11.0,35.03638889,85.0,W,12.0,13.0,-85.20361111,1/1/1950 12:00:00 AM,6/30/2011 12:00:00 AM,0,0
1098201,10982,CHD,Chandler Municipal,"Chandler, AZ",81,United States,US,Arizona,AZ,4.0,30982,"Chandler, AZ",81,33.0,N,16.0,8.0,33.26888889,111.0,W,48.0,40.0,-111.81111111,1/1/1950 12:00:00 AM,6/30/2011 12:00:00 AM,0,0
1098601,10986,CHI,Chicago Metropolitan Area,"Chicago, IL",41,United States,US,Illinois,IL,17.0,30977,"Chicago, IL",41,41.0,N,52.0,26.0,41.87388889,87.0,W,45.0,20.0,-87.75555556,1/1/1950 12:00:00 AM,,0,1
1098701,10987,QCG,Challis Airport,"Challis, ID",83,United States,US,Idaho,ID,16.0,30987,"Challis, ID",83,44.0,N,31.0,9.0,44.51916667,114.0,W,13.0,12.0,-114.22,1/1/1950 12:00:00 AM,6/30/1971 12:00:00 AM,0,0
1098702,10987,CHL,Challis Airport,"Challis, ID",83,United States,US,Idaho,ID,16.0,30987,"Challis, ID",83,44.0,N,31.0,23.0,44.52305556,114.0,W,13.0,0.0,-114.21666667,7/1/1971 12:00:00 AM,6/30/2011 12:00:00 AM,0,0
1099001,10990,CHO,Charlottesville Albemarle,"Charlottesville, VA",38,United States,US,Virginia,VA,51.0,30990,"Charlottesville, VA",38,38.0,N,8.0,29.0,38.14138889,78.0,W,27.0,11.0,-78.45305556,1/1/1950 12:00:00 AM,6/30/2011 12:00:00 AM,0,0
1099101,10991,CHP,Circle Hot Springs Airport,"Circle Hot Springs, AK",1,United States,US,Alaska,AK,2.0,30991,"Circle Hot Springs, AK",1,65.0,N,29.0,8.0,65.48555556,144.0,W,36.0,39.0,-144.61083333,1/1/1950 12:00:00 AM,3/31/2015 12:00:00 AM,0,0
1099401,10994,CHS,Charleston International,"Charleston, SC",37,United States,US,South Carolina,SC,45.0,30994,"Charleston, SC",37,32.0,N,53.0,57.0,32.89916667,80.0,W,2.0,20.0,-80.03888889,1/1/1950 12:00:00 AM,6/30/2011 12:00:00 AM,0,0
1099601,10996,CHU,Chuathbaluk Airport,"Chuathbaluk, AK",1,United States,US,Alaska,AK,2.0,30996,"Chuathbaluk, AK",1,61.0,N,34.0,19.0,61.57194444,159.0,W,14.0,42.0,-159.245,6/1/1985 12:00:00 AM,6/30/2011 12:00:00 AM,0,0
1099901,10999,CHZ,Chiloquin State,"Chiloquin, OR",92,United States,US,Oregon,OR,41.0,30999,"Chiloquin, OR",92,42.0,N,34.0,35.0,42.57638889,121.0,W,52.0,37.0,-121.87694444,9/1/1977 12:00:00 AM,6/30/2011 12:00:00 AM,0,0
1100101,11001,CIB,Catalina,"Avalon, CA",91,United States,US,California,CA,6.0,30437,"Catalina Island, CA",91,33.0,N,24.0,18.0,33.405,118.0,W,24.0,57.0,-118.41583333,7/1/1969 12:00:00 AM,,0,1
1100201,11002,CIC,Chico Municipal,"Chico, CA",91,United States,US,California,CA,6.0,31002,"Chico, CA",91,39.0,N,47.0,45.0,39.79583333,121.0,W,51.0,24.0,-121.85666667,1/1/1950 12:00:00 AM,6/30/2011 12:00:00 AM,0,0
1100301,11003,CID,Cedar Rapids Municipal,"Cedar Rapids/Iowa City, IA",61,United States,US,Iowa,IA,19.0,31003,"Cedar Rapids/Iowa City, IA",61,41.0,N,53.0,4.0,41.88444444,91.0,W,42.0,22.0,-91.70611111,1/1/1950 12:00:00 AM,12/31/1997 12:00:00 AM,0,0
1100401,11004,CIG,Craig-Moffat,"Craig, CO",82,United States,US,Colorado,CO,8.0,31004,"Craig, CO",82,40.0,N,29.0,44.0,40.49555556,107.0,W,31.0,30.0,-107.525,6/1/1977 12:00:00 AM,6/30/2011 12:00:00 AM,0,0
1100701,11007,CIK,Chalkyitsik Airport,"Chalkyitsik, AK",1,United States,US,Alaska,AK,2.0,31007,"Chalkyitsik, AK",1,66.0,N,38.0,53.0,66.64805556,143.0,W,43.0,45.0,-143.72916667,1/1/1950 12:00:00 AM,6/30/2011 12:00:00 AM,0,0
1100801,11008,CIL,Council Airport,"Council, AK",1,United States,US,Alaska,AK,2.0,31008,"Council, AK",1,64.0,N,54.0,29.0,64.90805556,163.0,W,43.0,59.0,-163.73305556,1/1/1950 12:00:00 AM,6/30/2011 12:00:00 AM,0,0
1100901,11009,CIN,Arthur N Neu,"Carroll, IA",61,United States,US,Iowa,IA,19.0,31009,"Carroll, IA",61,42.0,N,2.0,50.0,42.04722222,94.0,W,47.0,26.0,-94.79055556,1/1/1950 12:00:00 AM,6/30/2011 12:00:00 AM,0,0
1101101,11011,CIR,Cairo Regional,"Cairo, IL",41,United States,US,Illinois,IL,17.0,31011,"Cairo, IL",41,37.0,N,3.0,40.0,37.06111111,89.0,W,13.0,5.0,-89.21805556,9/1/1976 12:00:00 AM,6/30/2011 12:00:00 AM,0,0
1101301,11013,INR,Kincheloe AFB,"Sault Ste. Marie, MI",43,United States,US,Michigan,MI,26.0,31013,"Sault Ste. Marie, MI",43,46.0,N,14.0,32.0,46.24222222,84.0,W,27.0,58.0,-84.46611111,1/1/1950 12:00:00 AM,9/30/1977 12:00:00 AM,0,0
1101302,11013,CIU,Chippewa County International,"Sault Ste. Marie, MI",43,United States,US,Michigan,MI,26.0,31013,"Sault Ste. Marie, MI",43,46.0,N,14.0,31.0,46.24194444,84.0,W,27.0,58.0,-84.46611111,10/1/1977 12:00:00 AM,6/30/2011 12:00:00 AM,0,0
1101401,11014,CIV,Chomley Airport,"Chomley, AK",1,United States,US,Alaska,AK,2.0,31014,"Chomley, AK",1,55.0,N,14.0,52.0,55.24777778,132.0,W,19.0,25.0,-132.32361111,3/1/1990 12:00:00 AM,,0,1
1102101,11021,CJI,Crafton Island Airport,"Crafton Island, AK",1,United States,US,Alaska,AK,2.0,31021,"Crafton Island, AK",1,60.0,N,30.0,10.0,60.50277778,147.0,W,56.0,25.0,-147.94027778,1/1/1950 12:00:00 AM,,0,1
1102601,11026,CJW,Clay Center Municipal,"Clay Center, KS",62,United States,US,Kansas,KS,20.0,31026,"Clay Center, KS",62,39.0,N,23.0,14.0,39.38722222,97.0,W,9.0,26.0,-97.15722222,1/1/1950 12:00:00 AM,,0,1
1102701,11027,CKB,Benedum,"Clarksburg/Fairmont, WV",39,United States,US,West Virginia,WV,54.0,31027,"Clarksburg/Fairmont, WV",39,39.0,N,17.0,44.0,39.29555556,80.0,W,13.0,46.0,-80.22944444,1/1/1950 12:00:00 AM,6/30/2011 12:00:00 AM,0,0
1102801,11028,CKD,Crooked Creek Airport,"Crooked Creek, AK",1,United States,US,Alaska,AK,2.0,31028,"Crooked Creek, AK",1,61.0,N,53.0,8.0,61.88555556,158.0,W,8.0,14.0,-158.13722222,7/1/1977 12:00:00 AM,6/30/2011 12:00:00 AM,0,0
1102901,11029,CKE,Pearce Field,"Clear Lake, CA",91,United States,US,California,CA,6.0,31029,"Clear Lake, CA",91,38.0,N,56.0,5.0,38.93472222,122.0,W,37.0,20.0,-122.62222222,12/1/1975 12:00:00 AM,,0,1
1103101,11031,CKM,Fletcher Field,"Clarksdale, MS",53,United States,US,Mississippi,MS,28.0,31031,"Clarksdale, MS",53,34.0,N,17.0,59.0,34.29972222,90.0,W,30.0,44.0,-90.51222222,3/1/2002 12:00:00 AM,,0,1
1103401,11034,CKU,Cordova Municipal,"Cordova, AK",1,United States,US,Alaska,AK,2.0,30913,"Cordova, AK",1,60.0,N,32.0,33.0,60.5425,145.0,W,43.0,36.0,-145.72666667,9/1/1994 12:00:00 AM,6/30/2011 12:00:00 AM,0,0
1103501,11035,CKV,Outlaw Field,"Clarksville, TN",54,United States,US,Tennessee,TN,47.0,31035,"Clarksville, TN",54,36.0,N,37.0,15.0,36.62083333,87.0,W,24.0,52.0,-87.41444444,1/1/1950 12:00:00 AM,6/30/2011 12:00:00 AM,0,0
1103601,11036,CKX,Chicken Airport,"Chicken, AK",1,United States,US,Alaska,AK,2.0,31036,"Chicken, AK",1,64.0,N,4.0,4.0,64.06777778,141.0,W,56.0,57.0,-141.94916667,1/1/1950 12:00:00 AM,6/30/2011 12:00:00 AM,0,0
1104101,11041,CLD,Palomar,"Carlsbad, CA",91,United States,US,California,CA,6.0,31041,"Carlsbad, CA",91,33.0,N,7.0,43.0,33.12861111,117.0,W,16.0,47.0,-117.27972222,1/1/1950 12:00:00 AM,6/30/1982 12:00:00 AM,0,0
1104201,11042,CLE,Cleveland-Hopkins International,"Cleveland, OH",44,United States,US,Ohio,OH,39.0,30647,"Cleveland, OH (Metropolitan Area)",44,41.0,N,24.0,39.0,41.41083333,81.0,W,50.0,58.0,-81.84944444,1/1/1950 12:00:00 AM,6/30/2011 12:00:00 AM,0,0
1104301,11043,CLF,Clear Mews,"Clear, AK",1,United States,US,Alaska,AK,2.0,31043,"Clear, AK",1,64.0,N,18.0,6.0,64.30166667,149.0,W,7.0,4.0,-149.11777778,1/1/1950 12:00:00 AM,,0,1
1104401,11044,CLG,Coalinga Municipal,"Coalinga, CA",91,United States,US,California,CA,6.0,31044,"Coalinga, CA",91,36.0,N,9.0,38.0,36.16055556,120.0,W,21.0,34.0,-120.35944444,12/1/1988 12:00:00 AM,3/31/1998 12:00:00 AM,0,0
1104601,11046,CLI,Clintonville Municipal,"Clintonville, WI",45,United States,US,Wisconsin,WI,55.0,31046,"Clintonville, WI",45,44.0,N,36.0,47.0,44.61305556,88.0,W,43.0,52.0,-88.73111111,1/1/1950 12:00:00 AM,6/30/2011 12:00:00 AM,0,0
1104801,11048,CLK,Clinton Municipal,"Clinton, OK",73,United States,US,Oklahoma,OK,40.0,31048,"Clinton, OK",73,35.0,N,32.0,16.0,35.53777778,98.0,W,55.0,54.0,-98.93166667,1/1/1950 12:00:00 AM,6/30/2011 12:00:00 AM,0,0
1104901,11049,CLL,Easterwood Field,"College Station/Bryan, TX",74,United States,US,Texas,TX,48.0,31049,"College Station/Bryan, TX",74,30.0,N,35.0,22.0,30.58944444,96.0,W,21.0,52.0,-96.36444444,1/1/1950 12:00:00 AM,6/30/2011 12:00:00 AM,0,0
1105001,11050,CLM,William R. Fairchild International,"Port Angeles, WA",93,United States,US,Washington,WA,53.0,31050,"Port Angeles, WA",93,48.0,N,7.0,8.0,48.11888889,123.0,W,29.0,37.0,-123.49361111,1/1/1950 12:00:00 AM,6/30/2011 12:00:00 AM,0,0
1105301,11053,CLP,Clarks Point Airport,"Clarks Point, AK",1,United States,US,Alaska,AK,2.0,31053,"Clarks Point, AK",1,58.0,N,50.0,35.0,58.84305556,158.0,W,32.0,35.0,-158.54305556,1/1/1950 12:00:00 AM,6/30/2011 12:00:00 AM,0,0
1105501,11055,CLR,Cliff Hatfield Memorial,"Calipatria, CA",91,United States,US,California,CA,6.0,31055,"Calipatria, CA",91,33.0,N,7.0,47.0,33.12972222,115.0,W,31.0,18.0,-115.52166667,12/1/1993 12:00:00 AM,6/30/2011 12:00:00 AM,0,0
1105601,11056,CLS,Chehalis Airport,"Chehalis, WA",93,United States,US,Washington,WA,53.0,31056,"Chehalis, WA",93,46.0,N,40.0,26.0,46.67388889,122.0,W,58.0,52.0,-122.98111111,4/1/1976 12:00:00 AM,11/30/2002 12:00:00 AM,0,0
1105701,11057,CLT,Douglas Municipal,"Charlotte, NC",36,United States,US,North Carolina,NC,37.0,31057,"Charlotte, NC",36,35.0,N,13.0,9.0,35.21916667,80.0,W,56.0,9.0,-80.93583333,1/1/1950 12:00:00 AM,12/31/1981 12:00:00 AM,0,0
1105801,11058,CLU,Columbus Municipal,"Columbus, IN",42,United States,US,Indiana,IN,18.0,31058,"Columbus, IN",42,39.0,N,15.0,43.0,39.26194444,85.0,W,53.0,47.0,-85.89638889,3/1/1976 12:00:00 AM,12/31/2005 12:00:00 AM,0,0
1106601,11066,CMH,Port Columbus International,"Columbus, OH",44,United States,US,Ohio,OH,39.0,31066,"Columbus, OH",44,39.0,N,59.0,28.0,39.99111111,82.0,W,52.0,42.0,-82.87833333,1/1/1950 12:00:00 AM,6/30/2011 12:00:00 AM,0,0
1106701,11067,CMI,University of Illinois/Willard,"Champaign/Urbana, IL",41,United States,US,Illinois,IL,17.0,31067,"Champaign/Urbana, IL",41,40.0,N,2.0,23.0,40.03972222,88.0,W,16.0,47.0,-88.27972222,1/1/1950 12:00:00 AM,6/30/2011 12:00:00 AM,0,0
1107601,11076,CMX,Houghton County Memorial,"Hancock/Houghton, MI",43,United States,US,Michigan,MI,26.0,31076,"Hancock/Houghton, MI",43,47.0,N,10.0,4.0,47.16777778,88.0,W,29.0,11.0,-88.48638889,1/1/1950 12:00:00 AM,6/30/2011 12:00:00 AM,0,0
1108101,11081,CNE,Fremont County,"Canon City, CO",82,United States,US,Colorado,CO,8.0,31081,"Canon City, CO",82,38.0,N,25.0,50.0,38.43055556,105.0,W,6.0,30.0,-105.10833333,1/1/1950 12:00:00 AM,6/30/2011 12:00:00 AM,0,0
1108301,11083,CNK,Blosser Municipal,"Concordia, KS",62,United States,US,Kansas,KS,20.0,31083,"Concordia, KS",62,39.0,N,32.0,33.0,39.5425,97.0,W,39.0,6.0,-97.65166667,1/1/1950 12:00:00 AM,6/30/2011 12:00:00 AM,0,0
1108501,11085,CNM,Cavern City Air Terminal,"Carlsbad, NM",86,United States,US,New Mexico,NM,35.0,31085,"Carlsbad, NM",86,32.0,N,20.0,14.0,32.33722222,104.0,W,15.0,46.0,-104.26277778,1/1/1950 12:00:00 AM,6/30/2011 12:00:00 AM,0,0
1108601,11086,CNO,Chino Airport,"Chino, CA",91,United States,US,California,CA,6.0,31086,"Chino, CA",91,33.0,N,58.0,15.0,33.97083333,117.0,W,38.0,29.0,-117.64138889,3/1/1982 12:00:00 AM,6/30/2011 12:00:00 AM,0,0
1109001,11090,CNW,TSTC Waco,"Waco, TX",74,United States,US,Texas,TX,48.0,30155,"Waco, TX",74,31.0,N,38.0,12.0,31.63666667,97.0,W,4.0,20.0,-97.07222222,1/1/1950 12:00:00 AM,6/30/2011 12:00:00 AM,0,0
1109201,11092,CNY,Canyonlands Field,"Moab, UT",87,United States,US,Utah,UT,49.0,31092,"Moab, UT",87,38.0,N,45.0,34.0,38.75944444,109.0,W,44.0,46.0,-109.74611111,1/1/1950 12:00:00 AM,6/30/2011 12:00:00 AM,0,0
1109301,11093,CO3,Marina Municipal,"Marina, CA",91,United States,US,California,CA,6.0,31093,"Marina, CA",91,36.0,N,40.0,55.0,36.68194444,121.0,W,45.0,44.0,-121.76222222,1/1/2008 12:00:00 AM,6/30/2011 12:00:00 AM,0,0
1109501,11095,COA,Columbia Airport,"Columbia, CA",91,United States,US,California,CA,6.0,31095,"Columbia, CA",91,38.0,N,1.0,50.0,38.03055556,120.0,W,24.0,52.0,-120.41444444,9/1/1977 12:00:00 AM,,0,1
1109701,11097,COD,Yellowstone Regional,"Cody, WY",88,United States,US,Wyoming,WY,56.0,31097,"Cody, WY",88,44.0,N,30.0,57.0,44.51583333,109.0,W,1.0,39.0,-109.0275,1/1/1950 12:00:00 AM,6/30/2011 12:00:00 AM,0,0
1109801,11098,COE,Coeur d'Alene - Pappy Boyington Field,"Coeur d'Alene, ID",83,United States,US,Idaho,ID,16.0,31098,"Coeur d'Alene, ID",83,47.0,N,46.0,30.0,47.775,116.0,W,49.0,4.0,-116.81777778,1/1/1950 12:00:00 AM,6/30/2011 12:00:00 AM,0,0
1109901,11099,COF,Patrick AFB,"Cocoa Beach, FL",33,United States,US,Florida,FL,12.0,31099,"Cocoa Beach, FL",33,28.0,N,14.0,21.0,28.23916667,80.0,W,36.0,28.0,-80.60777778,1/1/1950 12:00:00 AM,6/30/2011 12:00:00 AM,0,0
1110501,11105,COM,Coleman Municipal,"Coleman, TX",74,United States,US,Texas,TX,48.0,31105,"Coleman, TX",74,31.0,N,50.0,28.0,31.84111111,99.0,W,24.0,13.0,-99.40361111,12/1/1989 12:00:00 AM,,0,1
1110601,11106,CON,Concord Municipal,"Concord, NH",14,United States,US,New Hampshire,NH,33.0,31106,"Concord, NH",14,43.0,N,12.0,12.0,43.20333333,71.0,W,30.0,8.0,-71.50222222,3/1/1976 12:00:00 AM,6/30/2011 12:00:00 AM,0,0
1110901,11109,COS,Peterson Field,"Colorado Springs, CO",82,United States,US,Colorado,CO,8.0,30189,"Colorado Springs, CO",82,38.0,N,48.0,32.0,38.80888889,104.0,W,42.0,33.0,-104.70916667,1/1/1950 12:00:00 AM,6/30/2011 12:00:00 AM,0,0
1111001,11110,COT,Cotulla-La Salle County,"Cotulla, TX",74,United States,US,Texas,TX,48.0,31110,"Cotulla, TX",74,28.0,N,27.0,25.0,28.45694444,99.0,W,13.0,7.0,-99.21861111,12/1/1995 12:00:00 AM,6/30/2011 12:00:00 AM,0,0
1111101,11111,COU,Columbia Regional,"Columbia, MO",64,United States,US,Missouri,MO,29.0,32474,"Jefferson City/Columbia, MO",64,38.0,N,48.0,49.0,38.81361111,92.0,W,13.0,9.0,-92.21916667,1/1/1950 12:00:00 AM,6/30/2011 12:00:00 AM,0,0
1112201,11122,CPR,Casper/Natrona County International,"Casper, WY",88,United States,US,Wyoming,WY,56.0,31122,"Casper, WY",88,42.0,N,54.0,31.0,42.90861111,106.0,W,27.0,45.0,-106.4625,1/1/1950 12:00:00 AM,6/30/2011 12:00:00 AM,0,0
1112301,11123,CPS,Bi-State Parks,"St. Louis, MO",64,United States,US,Missouri,MO,29.0,31123,"St. Louis, MO",64,38.0,N,34.0,17.0,38.57138889,90.0,W,9.0,26.0,-90.15722222,1/1/1950 12:00:00 AM,,0,1
1112602,11126,CPX,Benjamin Rivera Noriega,"Culebra, PR",3,United States,US,Puerto Rico,PR,72.0,31126,"Culebra, PR",3,18.0,N,18.0,47.0,18.31305556,65.0,W,18.0,17.0,-65.30472222,1/1/1990 12:00:00 AM,6/30/2011 12:00:00 AM,0,0
1112801,11128,CQL,Glen-Aspen,"Carbondale, CO",82,United States,US,Colorado,CO,8.0,31128,"Carbondale, CO",82,39.0,N,23.0,20.0,39.38888889,107.0,W,9.0,34.0,-107.15944444,9/1/1976 12:00:00 AM,6/30/2011 12:00:00 AM,0,0
1113001,11130,CQW,Cheraw Municipal/Lynch Bellinger Field,"Cheraw, SC",37,United States,US,South Carolina,SC,45.0,31130,"Cheraw, SC",37,34.0,N,42.0,39.0,34.71083333,79.0,W,57.0,42.0,-79.96166667,6/1/1978 12:00:00 AM,12/31/2008 12:00:00 AM,0,0
1113002,11130,HCW,Cheraw Municipal/Lynch Bellinger Field,"Cheraw, SC",37,United States,US,South Carolina,SC,45.0,31130,"Cheraw, SC",37,34.0,N,42.0,39.0,34.71083333,79.0,W,57.0,42.0,-79.96166667,1/1/2009 12:00:00 AM,6/30/2011 12:00:00 AM,0,0
1113501,11135,CRE,Grand Strand,"Myrtle Beach, SC",37,United States,US,South Carolina,SC,45.0,31135,"Myrtle Beach, SC",37,33.0,N,48.0,42.0,33.81166667,78.0,W,43.0,27.0,-78.72416667,1/1/1950 12:00:00 AM,6/30/2011 12:00:00 AM,0,0
1113601,11136,CRG,Craig Municipal,"Jacksonville, FL",33,United States,US,Florida,FL,12.0,31136,"Jacksonville, FL",33,30.0,N,20.0,11.0,30.33638889,81.0,W,30.0,52.0,-81.51444444,12/1/1989 12:00:00 AM,2/28/2013 12:00:00 AM,0,0
1114001,11140,CRP,Corpus Christi International,"Corpus Christi, TX",74,United States,US,Texas,TX,48.0,31140,"Corpus Christi, TX",74,27.0,N,46.0,12.0,27.77,97.0,W,30.0,3.0,-97.50083333,1/1/1950 12:00:00 AM,6/30/2011 12:00:00 AM,0,0
1114301,11143,CRS,C David Campbell Field-Corsicana Municipal,"Corsicana, TX",74,United States,US,Texas,TX,48.0,31143,"Corsicana, TX",74,32.0,N,1.0,39.0,32.0275,96.0,W,23.0,53.0,-96.39805556,9/1/1995 12:00:00 AM,6/30/2011 12:00:00 AM,0,0
1114601,11146,CRW,Kanawha,"Charleston/Dunbar, WV",39,United States,US,West Virginia,WV,54.0,31146,"Charleston/Dunbar, WV",39,38.0,N,22.0,22.0,38.37277778,81.0,W,35.0,35.0,-81.59305556,1/1/1950 12:00:00 AM,9/30/1985 12:00:00 AM,0,0
1114701,11147,CRX,Roscoe Turner,"Corinth, MS",53,United States,US,Mississippi,MS,28.0,31147,"Corinth, MS",53,34.0,N,54.0,54.0,34.915,88.0,W,36.0,13.0,-88.60361111,9/1/1976 12:00:00 AM,,0,1
1114901,11149,CSE,Buckhorn Ranch,"Crested Butte, CO",82,United States,US,Colorado,CO,8.0,31149,"Crested Butte, CO",82,38.0,N,51.0,7.0,38.85194444,106.0,W,55.0,56.0,-106.93222222,12/1/1977 12:00:00 AM,6/30/2011 12:00:00 AM,0,0
1115001,11150,CSG,Columbus Metropolitan,"Columbus, GA",34,United States,US,Georgia,GA,13.0,31150,"Columbus, GA",34,32.0,N,30.0,58.0,32.51611111,84.0,W,56.0,20.0,-84.93888889,1/1/1950 12:00:00 AM,6/30/2011 12:00:00 AM,0,0
1115201,11152,CSM,Clinton/Sherman,"Clinton, OK",73,United States,US,Oklahoma,OK,40.0,31048,"Clinton, OK",73,35.0,N,20.0,23.0,35.33972222,99.0,W,12.0,1.0,-99.20027778,1/1/1950 12:00:00 AM,2/29/2000 12:00:00 AM,0,0
1115301,11153,CSN,Carson,"Carson City, NV",85,United States,US,Nevada,NV,32.0,31153,"Carson City, NV",85,39.0,N,11.0,30.0,39.19166667,119.0,W,44.0,5.0,-119.73472222,1/1/1950 12:00:00 AM,6/30/2011 12:00:00 AM,0,0
1115401,11154,CSP,Cape Spencer C.G. Helipad,"Cape Spencer, AK",1,United States,US,Alaska,AK,2.0,31154,"Cape Spencer, AK",1,58.0,N,11.0,57.0,58.19916667,136.0,W,38.0,20.0,-136.63888889,1/1/1990 12:00:00 AM,3/31/2019 12:00:00 AM,0,0
1115901,11159,CSV,Crossville Memorial-Whitson Field,"Crossville, TN",54,United States,US,Tennessee,TN,47.0,31159,"Crossville, TN",54,35.0,N,57.0,4.0,35.95111111,85.0,W,5.0,5.0,-85.08472222,1/1/1950 12:00:00 AM,6/30/2011 12:00:00 AM,0,0
1116201,11162,CTB,Cut Bank Municipal,"Cut Bank, MT",84,United States,US,Montana,MT,30.0,31162,"Cut Bank, MT",84,48.0,N,36.0,30.0,48.60833333,112.0,W,22.0,34.0,-112.37611111,3/1/1985 12:00:00 AM,7/31/2013 12:00:00 AM,0,0
1116501,11165,CTH,Chester County G. O. Carlson,"Coatesville, PA",23,United States,US,Pennsylvania,PA,42.0,31165,"Coatesville, PA",23,39.0,N,58.0,44.0,39.97888889,75.0,W,51.0,57.0,-75.86583333,9/1/1986 12:00:00 AM,6/30/2011 12:00:00 AM,0,0
1116901,11169,CTO,Calverton Executive Airpark,"Calverton, NY",22,United States,US,New York,NY,36.0,31169,"Calverton, NY",22,40.0,N,54.0,54.0,40.915,72.0,W,47.0,31.0,-72.79194444,3/1/2003 12:00:00 AM,9/30/2022 12:00:00 AM,0,0
1117301,11173,CTW,Cottonwood Airport,"Cottonwood, AZ",81,United States,US,Arizona,AZ,4.0,31173,"Cottonwood, AZ",81,34.0,N,43.0,48.0,34.73,112.0,W,2.0,4.0,-112.03444444,12/1/1986 12:00:00 AM,6/30/2011 12:00:00 AM,0,0
1117401,11174,CTX,Cortland County Chase Field,"Cortland, NY",22,United States,US,New York,NY,36.0,31174,"Cortland, NY",22,42.0,N,35.0,35.0,42.59305556,76.0,W,12.0,55.0,-76.21527778,1/1/1950 12:00:00 AM,6/30/2011 12:00:00 AM,0,0
1117501,11175,CTY,Cross City Airport,"Cross City, FL",33,United States,US,Florida,FL,12.0,31175,"Cross City, FL",33,29.0,N,38.0,3.0,29.63416667,83.0,W,6.0,22.0,-83.10611111,3/1/1991 12:00:00 AM,6/30/2011 12:00:00 AM,0,0
1117601,11176,CUB,Owens Field,"Columbia, SC",37,United States,US,South Carolina,SC,45.0,30868,"Columbia, SC",37,33.0,N,58.0,15.0,33.97083333,80.0,W,59.0,44.0,-80.99555556,9/1/1992 12:00:00 AM,6/30/2011 12:00:00 AM,0,0
1119101,11191,CVA,Civic Arena H/P,"Pittsburgh, PA",23,United States,US,Pennsylvania,PA,42.0,30198,"Pittsburgh, PA",23,40.0,N,29.0,0.0,40.48333333,80.0,W,13.0,0.0,-80.21666667,8/1/1999 12:00:00 AM,,0,1
1119301,11193,CVG,Cincinnati/Northern Kentucky International,"Cincinnati, OH",52,United States,US,Kentucky,KY,21.0,33105,"Cincinnati, OH",44,39.0,N,2.0,52.0,39.04777778,84.0,W,40.0,7.0,-84.66861111,1/1/1950 12:00:00 AM,6/30/2011 12:00:00 AM,0,0
1119701,11197,CVN,Clovis Municipal,"Clovis, NM",86,United States,US,New Mexico,NM,35.0,31197,"Clovis, NM",86,34.0,N,25.0,38.0,34.42722222,103.0,W,4.0,44.0,-103.07888889,1/1/1950 12:00:00 AM,5/31/1977 12:00:00 AM,0,0
1119801,11198,CVO,Corvallis Municipal,"Corvallis, OR",92,United States,US,Oregon,OR,41.0,31198,"Corvallis, OR",92,44.0,N,29.0,50.0,44.49722222,123.0,W,17.0,13.0,-123.28694444,6/1/1976 12:00:00 AM,6/30/2011 12:00:00 AM,0,0
1120001,11200,CVS,Cannon AFB,"Clovis, NM",86,United States,US,New Mexico,NM,35.0,31197,"Clovis, NM",86,34.0,N,23.0,6.0,34.385,103.0,W,19.0,26.0,-103.32388889,12/1/1976 12:00:00 AM,6/30/2011 12:00:00 AM,0,0
1120201,11202,CVX,Charlevoix Municipal,"Charlevoix, MI",43,United States,US,Michigan,MI,26.0,31202,"Charlevoix, MI",43,45.0,N,18.0,15.0,45.30416667,85.0,W,16.0,30.0,-85.275,1/1/1950 12:00:00 AM,6/30/2011 12:00:00 AM,0,0
1120301,11203,CWA,Central Wisconsin,"Mosinee, WI",45,United States,US,Wisconsin,WI,55.0,30424,"Wausau/Mosinee/Stevens Point, WI",45,44.0,N,46.0,56.0,44.78222222,89.0,W,39.0,33.0,-89.65916667,1/1/1950 12:00:00 AM,6/30/2011 12:00:00 AM,0,0
1120701,11207,CWI,Clinton Municipal,"Clinton, IA",61,United States,US,Iowa,IA,19.0,31207,"Clinton, IA",61,41.0,N,49.0,46.0,41.82944444,90.0,W,19.0,55.0,-90.33194444,1/1/1950 12:00:00 AM,6/30/2011 12:00:00 AM,0,0
1120901,11209,CWS,Center Island Airport,"Center Island, WA",93,United States,US,Washington,WA,53.0,31209,"Center Island, WA",93,48.0,N,29.0,24.0,48.49,122.0,W,49.0,56.0,-122.83222222,12/1/1986 12:00:00 AM,,0,1
1121301,11213,CXC,Chitina Airport,"Chitina, AK",1,United States,US,Alaska,AK,2.0,31213,"Chitina, AK",1,61.0,N,35.0,0.0,61.58333333,144.0,W,25.0,40.0,-144.42777778,1/1/1950 12:00:00 AM,6/30/2011 12:00:00 AM,0,0
1121401,11214,CXF,Coldfoot Airport,"Coldfoot, AK",1,United States,US,Alaska,AK,2.0,31214,"Coldfoot, AK",1,67.0,N,14.0,58.0,67.24944444,150.0,W,12.0,22.0,-150.20611111,1/1/1950 12:00:00 AM,6/30/2011 12:00:00 AM,0,0
1121801,11218,CXL,Calexico International,"Calexico, CA",91,United States,US,California,CA,6.0,31218,"Calexico, CA",91,32.0,N,40.0,10.0,32.66944444,115.0,W,30.0,45.0,-115.5125,12/1/1978 12:00:00 AM,6/30/2011 12:00:00 AM,0,0
1121901,11219,CXO,Lone Star Executive,"Conroe, TX",74,United States,US,Texas,TX,48.0,31219,"Conroe, TX",74,30.0,N,21.0,7.0,30.35194444,95.0,W,24.0,52.0,-95.41444444,4/1/1991 12:00:00 AM,6/30/2011 12:00:00 AM,0,0
1122701,11227,CYF,Chefornak Airport,"Chefornak, AK",1,United States,US,Alaska,AK,2.0,31227,"Chifornak, AK",1,60.0,N,8.0,57.0,60.14916667,164.0,W,17.0,8.0,-164.28555556,1/1/1950 12:00:00 AM,5/31/2012 12:00:00 AM,0,0
1123001,11230,CYM,Chatham Airport,"Chatham, AK",1,United States,US,Alaska,AK,2.0,31230,"Chatham, AK",1,57.0,N,30.0,55.0,57.51527778,134.0,W,56.0,40.0,-134.94444444,1/1/1950 12:00:00 AM,,0,1
1123301,11233,CYS,Cheyenne Regional/Jerry Olson Field,"Cheyenne, WY",88,United States,US,Wyoming,WY,56.0,31233,"Cheyenne, WY",88,41.0,N,9.0,21.0,41.15583333,104.0,W,48.0,44.0,-104.81222222,1/1/1950 12:00:00 AM,6/30/2011 12:00:00 AM,0,0
1123401,11234,CYT,Yakataga,"Cape Yakataga, AK",1,United States,US,Alaska,AK,2.0,31234,"Cape Yakataga, AK",1,60.0,N,4.0,48.0,60.08,142.0,W,29.0,40.0,-142.49444444,1/1/1950 12:00:00 AM,6/30/2011 12:00:00 AM,0,0
1123801,11238,CZC,Copper Center 2,"Copper Center, AK",1,United States,US,Alaska,AK,2.0,31238,"Copper Center, AK",1,61.0,N,56.0,28.0,61.94111111,145.0,W,17.0,39.0,-145.29416667,7/1/1996 12:00:00 AM,,0,1
1124101,11241,CZF,Cape Romanzof AFS,"Cape Romanzof, AK",1,United States,US,Alaska,AK,2.0,31241,"Cape Romanzof, AK",1,61.0,N,46.0,52.0,61.78111111,166.0,W,2.0,11.0,-166.03638889,1/1/1950 12:00:00 AM,6/30/2011 12:00:00 AM,0,0
1124501,11245,CZN,Chisana Airport,"Chisana, AK",1,United States,US,Alaska,AK,2.0,31245,"Chisana, AK",1,62.0,N,4.0,14.0,62.07055556,142.0,W,2.0,52.0,-142.04777778,1/1/1950 12:00:00 AM,6/30/2011 12:00:00 AM,0,0
1124601,11246,CZO,Chistochina Airport,"Chistochina, AK",1,United States,US,Alaska,AK,2.0,31246,"Chistochina, AK",1,62.0,N,33.0,49.0,62.56361111,144.0,W,40.0,8.0,-144.66888889,1/1/1990 12:00:00 AM,2/28/2014 12:00:00 AM,0,0
1124701,11247,CZP,Cape Pole Airport,"Cape Pole, AK",1,United States,US,Alaska,AK,2.0,31247,"Cape Pole, AK",1,55.0,N,57.0,54.0,55.965,133.0,W,47.0,36.0,-133.79333333,1/1/1950 12:00:00 AM,,0,1
1125201,11252,DAB,Daytona Beach Regional,"Daytona Beach, FL",33,United States,US,Florida,FL,12.0,31252,"Daytona Beach, FL",33,29.0,N,10.0,57.0,29.1825,81.0,W,3.0,10.0,-81.05277778,1/1/1950 12:00:00 AM,6/30/1992 12:00:00 AM,0,0
1125701,11257,DAG,Barstow-Daggett,"Daggett, CA",91,United States,US,California,CA,6.0,31257,"Daggett, CA",91,34.0,N,51.0,14.0,34.85388889,116.0,W,47.0,10.0,-116.78611111,3/1/1977 12:00:00 AM,8/31/1981 12:00:00 AM,0,0
1125901,11259,DAL,Dallas Love Field,"Dallas, TX",74,United States,US,Texas,TX,48.0,30194,"Dallas/Fort Worth, TX",74,32.0,N,50.0,49.0,32.84694444,96.0,W,51.0,12.0,-96.85333333,1/1/1950 12:00:00 AM,12/31/1989 12:00:00 AM,0,0
1126101,11261,DAN,Danville Regional,"Danville, VA",38,United States,US,Virginia,VA,51.0,31261,"Danville, VA",38,36.0,N,34.0,23.0,36.57305556,79.0,W,20.0,6.0,-79.335,1/1/1950 12:00:00 AM,6/30/2011 12:00:00 AM,0,0
1126701,11267,DAY,James M Cox/Dayton International,"Dayton, OH",44,United States,US,Ohio,OH,39.0,31267,"Dayton, OH",44,39.0,N,54.0,4.0,39.90111111,84.0,W,13.0,12.0,-84.22,1/1/1950 12:00:00 AM,6/30/2011 12:00:00 AM,0,0
1127201,11272,DBN,W H Bud Barron,"Dublin, GA",34,United States,US,Georgia,GA,13.0,31272,"Dublin, GA",34,32.0,N,33.0,51.0,32.56416667,82.0,W,59.0,12.0,-82.98666667,1/1/1950 12:00:00 AM,6/30/2011 12:00:00 AM,0,0
1127401,11274,DBQ,Dubuque Regional,"Dubuque, IA",61,United States,US,Iowa,IA,19.0,31274,"Dubuque, IA",61,42.0,N,24.0,36.0,42.41,90.0,W,42.0,39.0,-90.71083333,1/1/1950 12:00:00 AM,6/30/2011 12:00:00 AM,0,0
1127801,11278,DCA,Ronald Reagan Washington National,"Washington, DC",38,United States,US,Virginia,VA,51.0,30852,"Washington, DC (Metropolitan Area)",32,38.0,N,51.0,6.0,38.85166667,77.0,W,2.0,13.0,-77.03694444,1/1/1950 12:00:00 AM,6/30/2011 12:00:00 AM,0,0
1128001,11280,DCK,Dahl Creek Airport,"Dahl Creek, AK",1,United States,US,Alaska,AK,2.0,31280,"Dahl Creek, AK",1,66.0,N,56.0,38.0,66.94388889,156.0,W,54.0,7.0,-156.90194444,1/1/1950 12:00:00 AM,6/30/2011 12:00:00 AM,0,0
1128201,11282,DCU,Pryor Field Regional,"Decatur, AL",51,United States,US,Alabama,AL,1.0,31282,"Decatur, AL",51,34.0,N,39.0,10.0,34.65277778,86.0,W,56.0,43.0,-86.94527778,9/1/1992 12:00:00 AM,6/30/2011 12:00:00 AM,0,0
1128301,11283,DDC,Dodge City Regional,"Dodge City, KS",62,United States,US,Kansas,KS,20.0,31283,"Dodge City, KS",62,37.0,N,45.0,42.0,37.76166667,99.0,W,57.0,54.0,-99.965,1/1/1950 12:00:00 AM,6/30/2011 12:00:00 AM,0,0
1128402,11284,DDP,Dorado Airport,"Dorado, PR",3,United States,US,Puerto Rico,PR,72.0,31284,"Dorado, PR",3,18.0,N,27.0,50.0,18.46388889,66.0,W,17.0,36.0,-66.29333333,1/1/1990 12:00:00 AM,,0,1
1128801,11288,DEC,Decatur Airport,"Decatur, IL",41,United States,US,Illinois,IL,17.0,31288,"Decatur, IL",41,39.0,N,50.0,3.0,39.83416667,88.0,W,52.0,7.0,-88.86861111,1/1/1950 12:00:00 AM,6/30/2011 12:00:00 AM,0,0
1128901,11289,DEH,Decorah Municipal,"Decorah, IA",61,United States,US,Iowa,IA,19.0,31289,"Decorah, IA",61,43.0,N,16.0,29.0,43.27472222,91.0,W,44.0,20.0,-91.73888889,1/1/1950 12:00:00 AM,6/30/2011 12:00:00 AM,0,0
1129201,11292,DEN,Stapleton International,"Denver, CO",82,United States,US,Colorado,CO,8.0,30325,"Denver, CO",82,39.0,N,46.0,28.0,39.77444444,104.0,W,52.0,47.0,-104.87972222,1/1/1950 12:00:00 AM,8/31/1993 12:00:00 AM,0,0
1129501,11295,DET,Detroit City,"Detroit, MI",43,United States,US,Michigan,MI,26.0,31295,"Detroit, MI",43,42.0,N,24.0,24.0,42.40666667,83.0,W,0.0,30.0,-83.00833333,1/1/1950 12:00:00 AM,6/30/2003 12:00:00 AM,0,0
1129701,11297,DFI,Defiance Memorial,"Defiance, OH",44,United States,US,Ohio,OH,39.0,31297,"Defiance, OH",44,41.0,N,20.0,14.0,41.33722222,84.0,W,25.0,44.0,-84.42888889,9/1/1981 12:00:00 AM,6/30/2011 12:00:00 AM,0,0
1129801,11298,DFW,Dallas Fort Worth Regional,"Dallas/Fort Worth, TX",74,United States,US,Texas,TX,48.0,30194,"Dallas/Fort Worth, TX",74,32.0,N,53.0,40.0,32.89444444,97.0,W,1.0,47.0,-97.02972222,1/1/1950 12:00:00 AM,12/31/1989 12:00:00 AM,0,0
1129901,11299,DGB,Danger Bay Airport,"Danger Bay, AK",1,United States,US,Alaska,AK,2.0,31299,"Danger Bay, AK",1,58.0,N,8.0,0.0,58.13333333,152.0,W,33.0,0.0,-152.55,3/1/1992 12:00:00 AM,,0,1
1130301,11303,DGW,Converse County,"Douglas, WY",88,United States,US,Wyoming,WY,56.0,31303,"Douglas, WY",88,42.0,N,47.0,50.0,42.79722222,105.0,W,23.0,10.0,-105.38611111,1/1/1950 12:00:00 AM,6/30/2011 12:00:00 AM,0,0
1130801,11308,DHN,Dothan Regional,"Dothan, AL",51,United States,US,Alabama,AL,1.0,31308,"Dothan, AL",51,31.0,N,19.0,12.0,31.32,85.0,W,26.0,54.0,-85.44833333,1/1/1950 12:00:00 AM,6/30/2011 12:00:00 AM,0,0
1130901,11309,DHT,Dalhart Municipal,"Dalhart, TX",74,United States,US,Texas,TX,48.0,31309,"Dalhart, TX",74,36.0,N,1.0,21.0,36.0225,102.0,W,32.0,50.0,-102.54722222,7/1/2008 12:00:00 AM,6/30/2011 12:00:00 AM,0,0
1131501,11315,DIK,Dickinson Municipal,"Dickinson, ND",66,United States,US,North Dakota,ND,38.0,31315,"Dickinson, ND",66,46.0,N,47.0,48.0,46.79666667,102.0,W,47.0,47.0,-102.79638889,1/1/1950 12:00:00 AM,6/30/2011 12:00:00 AM,0,0
1131701,11317,DIO,Diomede Heliport,"Diomede Island, AK",1,United States,US,Alaska,AK,2.0,31317,"Diomede Island, AK",1,65.0,N,45.0,0.0,65.75,168.0,W,57.0,0.0,-168.95,6/1/1986 12:00:00 AM,6/30/2011 12:00:00 AM,0,0
1132701,11327,DJN,Delta Junction Airport,"Delta Junction, AK",1,United States,US,Alaska,AK,2.0,31327,"Delta Junction, AK",1,64.0,N,3.0,2.0,64.05055556,145.0,W,43.0,2.0,-145.71722222,1/1/1995 12:00:00 AM,5/31/2015 12:00:00 AM,0,0
1133101,11331,DKK,Chautauqua County/Dunkirk,"Dunkirk, NY",22,United States,US,New York,NY,36.0,31331,"Dunkirk, NY",22,42.0,N,29.0,36.0,42.49333333,79.0,W,16.0,19.0,-79.27194444,3/1/2002 12:00:00 AM,3/31/2014 12:00:00 AM,0,0
1133501,11335,DLF,Laughlin AFB,"Del Rio, TX",74,United States,US,Texas,TX,48.0,31335,"Del Rio, TX",74,29.0,N,21.0,35.0,29.35972222,100.0,W,46.0,38.0,-100.77722222,9/1/1982 12:00:00 AM,6/30/2011 12:00:00 AM,0,0
1133601,11336,DLG,Dillingham Airport,"Dillingham, AK",1,United States,US,Alaska,AK,2.0,31336,"Dillingham, AK",1,59.0,N,2.0,30.0,59.04166667,158.0,W,30.0,24.0,-158.50666667,1/1/1950 12:00:00 AM,6/30/2011 12:00:00 AM,0,0
1133701,11337,DLH,Duluth International,"Duluth, MN",63,United States,US,Minnesota,MN,27.0,31337,"Duluth, MN",63,46.0,N,50.0,33.0,46.8425,92.0,W,11.0,25.0,-92.19027778,1/1/1950 12:00:00 AM,11/30/1995 12:00:00 AM,0,0
1133901,11339,DLL,Dillon County,"Dillon, SC",37,United States,US,South Carolina,SC,45.0,31339,"Dillon, SC",37,34.0,N,26.0,57.0,34.44916667,79.0,W,22.0,7.0,-79.36861111,3/1/1996 12:00:00 AM,,0,1
1134101,11341,DLO,Dolomi Airport,"Dolomi, AK",1,United States,US,Alaska,AK,2.0,31341,"Dolomi, AK",1,55.0,N,7.0,20.0,55.12222222,132.0,W,3.0,0.0,-132.05,12/1/1987 12:00:00 AM,,0,1
1134201,11342,DLS,The Dalles Municipal,"The Dalles, OR",92,United States,US,Oregon,OR,41.0,31342,"The Dalles, OR",92,45.0,N,37.0,10.0,45.61944444,121.0,W,9.0,53.0,-121.16472222,1/1/1950 12:00:00 AM,6/30/2011 12:00:00 AM,0,0
1134401,11344,DMA,Davis Monthan AFB,"Tucson, AZ",81,United States,US,Arizona,AZ,4.0,30436,"Tucson, AZ",81,32.0,N,9.0,59.0,32.16638889,110.0,W,52.0,57.0,-110.8825,1/1/1950 12:00:00 AM,6/30/2011 12:00:00 AM,0,0
1134801,11348,DMN,Deming Municipal,"Deming, NM",86,United States,US,New Mexico,NM,35.0,31348,"Deming, NM",86,32.0,N,15.0,45.0,32.2625,107.0,W,43.0,8.0,-107.71888889,3/1/1982 12:00:00 AM,,0,1
1134901,11349,DMO,Sedalia Memorial,"Sedalia, MO",64,United States,US,Missouri,MO,29.0,31349,"Sedalia, MO",64,38.0,N,42.0,27.0,38.7075,93.0,W,10.0,33.0,-93.17583333,1/1/1950 12:00:00 AM,2/29/2012 12:00:00 AM,0,0
1135301,11353,DNC,Duncan Canal Airport,"Duncan Canal, AK",1,United States,US,Alaska,AK,2.0,31353,"Duncan Canal, AK",1,56.0,N,45.0,25.0,56.75694444,133.0,W,13.0,18.0,-133.22166667,1/1/1950 12:00:00 AM,,0,1
1135501,11355,DNE,Dallas North,"Dallas/Fort Worth, TX",74,United States,US,Texas,TX,48.0,30194,"Dallas/Fort Worth, TX",74,33.0,N,4.0,44.0,33.07888889,96.0,W,44.0,18.0,-96.73833333,3/1/1990 12:00:00 AM,,0,1
1135801,11358,DNL,Daniel Field,"Augusta, GA",34,United States,US,Georgia,GA,13.0,30208,"Augusta, GA",34,33.0,N,28.0,1.0,33.46694444,82.0,W,2.0,18.0,-82.03833333,1/1/1950 12:00:00 AM,6/30/2011 12:00:00 AM,0,0
1135901,11359,DNN,Dalton Municipal,"Dalton, GA",34,United States,US,Georgia,GA,13.0,31359,"Dalton, GA",34,34.0,N,43.0,19.0,34.72194444,84.0,W,52.0,9.0,-84.86916667,1/1/1950 12:00:00 AM,6/30/2011 12:00:00 AM,0,0
1136301,11363,DNV,Vermillon County,"Danville, IL",41,United States,US,Illinois,IL,17.0,31363,"Danville, IL",41,40.0,N,11.0,50.0,40.19722222,87.0,W,35.0,49.0,-87.59694444,1/1/1950 12:00:00 AM,6/30/2011 12:00:00 AM,0,0
1136701,11367,DOF,Dora Bay Airport,"Dora Bay, AK",1,United States,US,Alaska,AK,2.0,31367,"Dora Bay, AK",1,55.0,N,14.0,0.0,55.23333333,132.0,W,13.0,0.0,-132.21666667,12/1/1987 12:00:00 AM,,0,1
1137501,11375,DOV,Dover AFB,"Dover, DE",31,United States,US,Delaware,DE,10.0,31375,"Dover, DE",31,39.0,N,7.0,37.0,39.12694444,75.0,W,27.0,52.0,-75.46444444,1/1/1950 12:00:00 AM,6/30/2011 12:00:00 AM,0,0
1137601,11376,DPA,Du Page County,"Chicago, IL",41,United States,US,Illinois,IL,17.0,30977,"Chicago, IL",41,41.0,N,54.0,56.0,41.91555556,88.0,W,14.0,48.0,-88.24666667,1/1/1950 12:00:00 AM,,0,1
1137701,11377,DPG,Michael AAF,"Dugway, UT",87,United States,US,Utah,UT,49.0,31377,"Dugway, UT",87,40.0,N,11.0,58.0,40.19944444,112.0,W,56.0,12.0,-112.93666667,1/1/1950 12:00:00 AM,6/30/2011 12:00:00 AM,0,0
1138101,11381,AA8,Badami,"Deadhorse, AK",1,United States,US,Alaska,AK,2.0,30073,"Deadhorse, AK",1,70.0,N,8.0,15.0,70.1375,147.0,W,1.0,50.0,-147.03055556,12/1/1997 12:00:00 AM,,0,1
1138301,11383,DQC,Sebastian Municipal,"Sebastian, FL",33,United States,US,Florida,FL,12.0,31383,"Sebastian, FL",33,27.0,N,48.0,46.0,27.81277778,80.0,W,29.0,44.0,-80.49555556,1/1/1999 12:00:00 AM,6/30/2011 12:00:00 AM,0,0
1138401,11384,DQD,Allen H Tigert,"Soda Springs, ID",83,United States,US,Idaho,ID,16.0,31384,"Soda Springs, ID",83,42.0,N,38.0,30.0,42.64166667,111.0,W,34.0,48.0,-111.58,1/1/1999 12:00:00 AM,6/30/2011 12:00:00 AM,0,0
1138501,11385,DQE,Holtville Airport,"Holtville, CA",91,United States,US,California,CA,6.0,31385,"Holtville, CA",91,32.0,N,50.0,25.0,32.84027778,115.0,W,16.0,3.0,-115.2675,1/1/1999 12:00:00 AM,6/30/2011 12:00:00 AM,0,0
1138701,11387,M91,Springfield Robertson County,"Springfield, TN",54,United States,US,Tennessee,TN,47.0,31387,"Springfield, TN",54,36.0,N,32.0,12.0,36.53666667,86.0,W,55.0,16.0,-86.92111111,1/1/2003 12:00:00 AM,,0,1
1138801,11388,DQH,Alpine Air Strip,"Alpine, AK",1,United States,US,Alaska,AK,2.0,30033,"Alpine, AK",1,70.0,N,20.0,54.0,70.34833333,150.0,W,55.0,54.0,-150.93166667,1/1/1999 12:00:00 AM,6/30/2011 12:00:00 AM,0,0
1138901,11389,FVL,Colusa Airport,"Colusa, CA",91,United States,US,California,CA,6.0,31389,"Colusa, CA",91,39.0,N,10.0,45.0,39.17916667,121.0,W,59.0,36.0,-121.99333333,3/1/1997 12:00:00 AM,8/31/1999 12:00:00 AM,0,0
1138902,11389,DQI,Colusa Airport,"Colusa, CA",91,United States,US,California,CA,6.0,31389,"Colusa, CA",91,39.0,N,10.0,45.0,39.17916667,121.0,W,59.0,36.0,-121.99333333,9/1/1999 12:00:00 AM,6/30/2011 12:00:00 AM,0,0
1139001,11390,DQJ,Weydahl Field,"Killdeer, ND",66,United States,US,North Dakota,ND,38.0,31390,"Killdeer, ND",66,47.0,N,23.0,34.0,47.39277778,102.0,W,46.0,15.0,-102.77083333,6/1/1999 12:00:00 AM,3/31/2015 12:00:00 AM,0,0
1139101,11391,DQK,Wheeler-Sack AAF,"Fort Drum, NY",22,United States,US,New York,NY,36.0,31391,"Fort Drum, NY",22,44.0,N,3.0,0.0,44.05,75.0,W,43.0,59.0,-75.73305556,6/1/1999 12:00:00 AM,6/30/2011 12:00:00 AM,0,0
1139201,11392,DQL,Lake Hood Strip,"Anchorage, AK",1,United States,US,Alaska,AK,2.0,30299,"Anchorage, AK",1,61.0,N,11.0,13.0,61.18694444,149.0,W,57.0,55.0,-149.96527778,12/1/1999 12:00:00 AM,6/30/2011 12:00:00 AM,0,0
1139401,11394,DQN,New Smyrna Beach Municipal,"New Smyrna Beach, FL",33,United States,US,Florida,FL,12.0,31394,"New Smyrna Beach, FL",33,29.0,N,3.0,16.0,29.05444444,80.0,W,56.0,53.0,-80.94805556,3/1/2000 12:00:00 AM,6/30/2011 12:00:00 AM,0,0
1139501,11395,DQO,Delhi Municipal,"Delhi, LA",72,United States,US,Louisiana,LA,22.0,31395,"Delhi, LA",72,32.0,N,24.0,39.0,32.41083333,91.0,W,29.0,55.0,-91.49861111,3/1/2000 12:00:00 AM,,0,1
1139601,11396,DQP,Marshall Field,"Georgetown, KY",52,United States,US,Kentucky,KY,21.0,31396,"Georgetown, KY",52,38.0,N,14.0,11.0,38.23638889,89.0,W,21.0,31.0,-89.35861111,3/1/2000 12:00:00 AM,,0,1
1139701,11397,DQQ,Cozad Municipal,"Cozad, NE",65,United States,US,Nebraska,NE,31.0,31397,"Cozad, NE",65,40.0,N,52.0,9.0,40.86916667,100.0,W,0.0,13.0,-100.00361111,3/1/2000 12:00:00 AM,6/30/2011 12:00:00 AM,0,0
1139801,11398,DQR,Grand Canyon West,"Peach Springs, AZ",81,United States,US,Arizona,AZ,4.0,30011,"Peach Springs, AZ",81,35.0,N,59.0,19.0,35.98861111,113.0,W,48.0,36.0,-113.81,12/1/1986 12:00:00 AM,6/30/2011 12:00:00 AM,0,0
1139901,11399,DQS,Bar Ten Airstrip,"Whitmore, AZ",81,United States,US,Arizona,AZ,4.0,31399,"Whitmore, AZ",81,36.0,N,15.0,35.0,36.25972222,113.0,W,13.0,53.0,-113.23138889,6/1/2000 12:00:00 AM,6/30/2011 12:00:00 AM,0,0
1140101,11401,DQU,Neets Bay,"Ketchikan, AK",1,United States,US,Alaska,AK,2.0,31401,"Ketchikan, AK",1,55.0,N,46.0,44.0,55.77888889,131.0,W,36.0,5.0,-131.60138889,9/1/2000 12:00:00 AM,,0,1
1140201,11402,DQV,Glacier Point,"Haines, AK",1,United States,US,Alaska,AK,2.0,31402,"Haines, AK",1,59.0,N,6.0,9.0,59.1025,135.0,W,22.0,56.0,-135.38222222,9/1/2000 12:00:00 AM,,0,1
1140301,11403,DQW,Hualapai,"Peach Springs, AZ",81,United States,US,Arizona,AZ,4.0,30011,"Peach Springs, AZ",81,35.0,N,34.0,20.0,35.57222222,113.0,W,17.0,33.0,-113.2925,12/1/2000 12:00:00 AM,,0,1
1140401,11404,DQX,Tsui River Airport,"Tsui River, AK",1,United States,US,Alaska,AK,2.0,31404,"Tsui River, AK",1,60.0,N,4.0,29.0,60.07472222,143.0,W,5.0,12.0,-143.08666667,3/1/2001 12:00:00 AM,,0,1
1140501,11405,XMR,Cape Canaveral AFS,"Cape Canaveral, FL",33,United States,US,Florida,FL,12.0,31405,"Cape Canaveral, FL",33,28.0,N,28.0,2.0,28.46722222,80.0,W,34.0,0.0,-80.56666667,1/1/1950 12:00:00 AM,12/31/2000 12:00:00 AM,0,0
1140502,11405,DQY,Cape Canaveral AFS,"Cape Canaveral, FL",33,United States,US,Florida,FL,12.0,31405,"Cape Canaveral, FL",33,28.0,N,28.0,2.0,28.46722222,80.0,W,34.0,0.0,-80.56666667,1/1/2001 12:00:00 AM,6/30/2011 12:00:00 AM,0,0
1140601,11406,DQZ,Platinum Mine,"Platinum, AK",1,United States,US,Alaska,AK,2.0,31406,"Platinum, AK",1,58.0,N,54.0,42.0,58.91166667,161.0,W,42.0,50.0,-161.71388889,6/1/2002 12:00:00 AM,,0,1
1140701,11407,DRA,Desert Rock,"Mercury, NV",85,United States,US,Nevada,NV,32.0,31407,"Mercury, NV",85,36.0,N,37.0,10.0,36.61944444,116.0,W,1.0,55.0,-116.03194444,1/1/1950 12:00:00 AM,6/30/2011 12:00:00 AM,0,0
1140901,11409,DRE,Drummond Island Airport,"Drummond Island, MI",43,United States,US,Michigan,MI,26.0,31409,"Drummond Island, MI",43,46.0,N,0.0,40.0,46.01111111,83.0,W,44.0,45.0,-83.74583333,1/1/1950 12:00:00 AM,6/30/2011 12:00:00 AM,0,0
1141001,11410,DRF,Drift River Airport,"Drift River, AK",1,United States,US,Alaska,AK,2.0,31410,"Drift River, AK",1,60.0,N,35.0,22.0,60.58944444,152.0,W,9.0,28.0,-152.15777778,1/1/1950 12:00:00 AM,6/30/2011 12:00:00 AM,0,0
1141101,11411,DRG,Deering Airport,"Deering, AK",1,United States,US,Alaska,AK,2.0,31411,"Deering, AK",1,66.0,N,4.0,51.0,66.08083333,162.0,W,44.0,0.0,-162.73333333,1/1/1950 12:00:00 AM,6/30/2011 12:00:00 AM,0,0
1141301,11413,DRO,La Plata County,"Durango, CO",82,United States,US,Colorado,CO,8.0,30285,"Durango, CO",82,37.0,N,9.0,0.0,37.15,107.0,W,45.0,4.0,-107.75111111,3/1/1978 12:00:00 AM,11/30/2002 12:00:00 AM,0,0
1141501,11415,DRT,Del Rio International,"Del Rio, TX",74,United States,US,Texas,TX,48.0,31335,"Del Rio, TX",74,29.0,N,22.0,27.0,29.37416667,100.0,W,55.0,38.0,-100.92722222,1/1/1950 12:00:00 AM,,0,1
1141601,11416,DRU,Drummond Airport,"Drummond, MT",84,United States,US,Montana,MT,30.0,31416,"Drummond, MT",84,46.0,N,37.0,0.0,46.61666667,113.0,W,12.0,0.0,-113.2,3/1/2003 12:00:00 AM,6/30/2011 12:00:00 AM,0,0
1142101,11421,DSI,Destin-Ft. Walton Beach,"Destin, FL",33,United States,US,Florida,FL,12.0,31421,"Destin, FL",33,30.0,N,24.0,0.0,30.4,86.0,W,28.0,17.0,-86.47138889,12/1/1981 12:00:00 AM,5/31/2015 12:00:00 AM,0,0
1142301,11423,DSM,Des Moines Municipal,"Des Moines, IA",61,United States,US,Iowa,IA,19.0,31423,"Des Moines, IA",61,41.0,N,32.0,2.0,41.53388889,93.0,W,39.0,24.0,-93.65666667,1/1/1950 12:00:00 AM,6/30/1986 12:00:00 AM,0,0
1142401,11424,DTA,Delta Airport,"Delta, UT",87,United States,US,Utah,UT,49.0,31424,"Delta, UT",87,39.0,N,22.0,59.0,39.38305556,112.0,W,30.0,20.0,-112.50555556,12/1/1979 12:00:00 AM,11/30/2002 12:00:00 AM,0,0
1142501,11425,DTH,Furnace Creek,"Death Valley, CA",91,United States,US,California,CA,6.0,31425,"Death Valley, CA",91,36.0,N,27.0,50.0,36.46388889,116.0,W,52.0,50.0,-116.88055556,12/1/1979 12:00:00 AM,6/30/2011 12:00:00 AM,0,0
1142701,11427,DTL,Detroit Lakes-Wething Field,"Detroit Lakes, MN",63,United States,US,Minnesota,MN,27.0,31427,"Detroit Lakes, MN",63,46.0,N,49.0,35.0,46.82638889,95.0,W,53.0,10.0,-95.88611111,1/1/1950 12:00:00 AM,6/30/2011 12:00:00 AM,0,0
1142901,11429,DTN,Shreveport Downtown,"Shreveport, LA",72,United States,US,Louisiana,LA,22.0,30476,"Shreveport, LA",72,32.0,N,32.0,25.0,32.54027778,93.0,W,44.0,42.0,-93.745,10/1/1997 12:00:00 AM,1/31/2020 12:00:00 AM,0,0
1143001,11430,DTO,Denton Municipal,"Denton, TX",74,United States,US,Texas,TX,48.0,31430,"Denton, TX",74,33.0,N,12.0,2.0,33.20055556,97.0,W,11.0,39.0,-97.19416667,3/1/1984 12:00:00 AM,6/30/2011 12:00:00 AM,0,0
1143101,11431,DTR,Decatur,"Decatur Island, WA",93,United States,US,Washington,WA,53.0,31431,"Decatur Island, WA",93,48.0,N,30.0,36.0,48.51,122.0,W,48.0,11.0,-122.80305556,11/1/2002 12:00:00 AM,,0,1
1143201,11432,DTT,Detroit Metropolitan Area,"Detroit, MI",43,United States,US,Michigan,MI,26.0,31295,"Detroit, MI",43,42.0,N,18.0,46.0,42.31277778,83.0,W,10.0,43.0,-83.17861111,1/1/1950 12:00:00 AM,,0,1
1143301,11433,DTW,Detroit Metro Wayne County,"Detroit, MI",43,United States,US,Michigan,MI,26.0,31295,"Detroit, MI",43,42.0,N,13.0,0.0,42.21666667,83.0,W,20.0,40.0,-83.34444444,1/1/1950 12:00:00 AM,6/30/2011 12:00:00 AM,0,0
1143401,11434,DUA,Eaker Field,"Durant, OK",73,United States,US,Oklahoma,OK,40.0,31434,"Durant, OK",73,33.0,N,56.0,0.0,33.93333333,96.0,W,24.0,0.0,-96.4,1/1/1950 12:00:00 AM,,0,1
1143601,11436,DUC,Halliburton Field,"Duncan, OK",73,United States,US,Oklahoma,OK,40.0,31436,"Duncan, OK",73,34.0,N,28.0,20.0,34.47222222,97.0,W,57.0,35.0,-97.95972222,1/1/1950 12:00:00 AM,6/30/2011 12:00:00 AM,0,0
1143901,11439,DUF,Pine Island,"Duck, NC",36,United States,US,North Carolina,NC,37.0,31439,"Duck, NC",36,36.0,N,15.0,12.0,36.25333333,75.0,W,47.0,19.0,-75.78861111,3/1/1993 12:00:00 AM,6/30/2011 12:00:00 AM,0,0
1144001,11440,DUG,Bisbee Douglas International,"Douglas, AZ",81,United States,US,Arizona,AZ,4.0,31440,"Douglas, AZ",81,31.0,N,28.0,8.0,31.46888889,109.0,W,36.0,11.0,-109.60305556,1/1/1950 12:00:00 AM,6/30/2011 12:00:00 AM,0,0
1144101,11441,DUJ,DuBois Jefferson County,"DuBois, PA",23,United States,US,Pennsylvania,PA,42.0,31441,"DuBois, PA",23,41.0,N,10.0,42.0,41.17833333,78.0,W,53.0,56.0,-78.89888889,1/1/1950 12:00:00 AM,6/30/2011 12:00:00 AM,0,0
1144501,11445,DUT,Unalaska Airport,"Unalaska, AK",1,United States,US,Alaska,AK,2.0,31445,"Unalaska, AK",1,53.0,N,53.0,45.0,53.89583333,166.0,W,32.0,20.0,-166.53888889,1/1/1950 12:00:00 AM,6/30/2011 12:00:00 AM,0,0
1144701,11447,DVL,Devils Lake Regional,"Devils Lake, ND",66,United States,US,North Dakota,ND,38.0,31447,"Devils Lake, ND",66,48.0,N,6.0,47.0,48.11305556,98.0,W,54.0,27.0,-98.9075,1/1/1950 12:00:00 AM,6/30/2011 12:00:00 AM,0,0
1144801,11448,DVN,Davenport Municipal,"Davenport, IA",61,United States,US,Iowa,IA,19.0,33367,"Quad Cities, IL (Metropolitan Area)",41,41.0,N,36.0,41.0,41.61138889,90.0,W,35.0,21.0,-90.58916667,1/1/1950 12:00:00 AM,6/30/2011 12:00:00 AM,0,0
1145001,11450,DVT,Phoenix - Deer Valley,"Phoenix, AZ",81,United States,US,Arizona,AZ,4.0,30466,"Phoenix, AZ",81,33.0,N,41.0,0.0,33.68333333,112.0,W,5.0,0.0,-112.08333333,1/1/2000 12:00:00 AM,6/30/2011 12:00:00 AM,0,0
1145201,11452,DWA,Yolo County,"Davis/Woodland/Winters, CA",91,United States,US,California,CA,6.0,31452,"Davis/Woodland/Winters, CA",91,38.0,N,34.0,45.0,38.57916667,121.0,W,51.0,24.0,-121.85666667,12/1/2008 12:00:00 AM,6/30/2011 12:00:00 AM,0,0
1145301,11453,DWH,David Wayne Hooks Memorial,"Houston, TX",74,United States,US,Texas,TX,48.0,31453,"Houston, TX",74,30.0,N,3.0,50.0,30.06388889,95.0,W,33.0,35.0,-95.55972222,12/1/1976 12:00:00 AM,6/30/2011 12:00:00 AM,0,0
1145601,11456,DXR,Danbury Municipal,"Danbury, CT",11,United States,US,Connecticut,CT,9.0,31364,"Danbury, CT",11,41.0,N,22.0,18.0,41.37166667,73.0,W,28.0,49.0,-73.48027778,3/1/1981 12:00:00 AM,6/30/2011 12:00:00 AM,0,0
1145901,11459,DYS,Dyess AFB,"Abilene, TX",74,United States,US,Texas,TX,48.0,30136,"Abilene, TX",74,32.0,N,25.0,12.0,32.42,99.0,W,51.0,24.0,-99.85666667,1/1/1950 12:00:00 AM,6/30/2011 12:00:00 AM,0,0
1146301,11463,EAA,Eagle Airport,"Eagle, AK",1,United States,US,Alaska,AK,2.0,31463,"Eagle, AK",1,64.0,N,46.0,36.0,64.77666667,141.0,W,8.0,55.0,-141.14861111,1/1/1950 12:00:00 AM,6/30/2011 12:00:00 AM,0,0
1146401,11464,EAG,Eagle Creek Strip,"Noatak, AK",1,United States,US,Alaska,AK,2.0,31464,"Noatak, AK",1,67.0,N,33.0,44.0,67.56222222,162.0,W,58.0,31.0,-162.97527778,4/1/2009 12:00:00 AM,,0,1
1146701,11467,EAN,Phifer Field,"Wheatland, WY",88,United States,US,Wyoming,WY,56.0,31467,"Wheatland, WY",88,42.0,N,3.0,20.0,42.05555556,104.0,W,55.0,56.0,-104.93222222,1/1/1950 12:00:00 AM,6/30/2011 12:00:00 AM,0,0
1146801,11468,EAR,Kearney Regional,"Kearney, NE",65,United States,US,Nebraska,NE,31.0,31468,"Kearney, NE",65,40.0,N,43.0,42.0,40.72833333,98.0,W,59.0,56.0,-98.99888889,1/1/1950 12:00:00 AM,6/30/2011 12:00:00 AM,0,0
1147001,11470,EAT,Pangborn Memorial,"Wenatchee, WA",93,United States,US,Washington,WA,53.0,31470,"Wenatchee, WA",93,47.0,N,23.0,59.0,47.39972222,120.0,W,12.0,28.0,-120.20777778,1/1/1950 12:00:00 AM,6/30/2011 12:00:00 AM,0,0
1147101,11471,EAU,Eau Claire Municipal,"Eau Claire, WI",45,United States,US,Wisconsin,WI,55.0,31471,"Eau Claire, WI",45,44.0,N,51.0,52.0,44.86444444,91.0,W,29.0,14.0,-91.48722222,1/1/1950 12:00:00 AM,6/30/1992 12:00:00 AM,0,0
1147801,11478,ECA,Iosco County,"East Tawas, MI",43,United States,US,Michigan,MI,26.0,31478,"East Tawas, MI",43,44.0,N,18.0,48.0,44.31333333,83.0,W,25.0,24.0,-83.42333333,12/1/1988 12:00:00 AM,6/30/2011 12:00:00 AM,0,0
1147901,11479,ECG,Elizabeth,"Elizabeth City, NC",36,United States,US,North Carolina,NC,37.0,31479,"Elizabeth City, NC",36,36.0,N,15.0,33.0,36.25916667,76.0,W,10.0,23.0,-76.17305556,1/1/1950 12:00:00 AM,12/31/2002 12:00:00 AM,0,0
1148101,11481,ECP,Northwest Florida Beaches International,"Panama City, FL",33,United States,US,Florida,FL,12.0,31481,"Panama City, FL",33,30.0,N,21.0,28.0,30.35777778,85.0,W,47.0,56.0,-85.79888889,5/1/2010 12:00:00 AM,6/30/2011 12:00:00 AM,0,0
1148201,11482,ECS,Mondell Field,"Newcastle, WY",88,United States,US,Wyoming,WY,56.0,31482,"Newcastle, WY",88,43.0,N,53.0,0.0,43.88333333,104.0,W,18.0,45.0,-104.3125,1/1/1950 12:00:00 AM,6/30/2011 12:00:00 AM,0,0
1148301,11483,ECU,Edwards County,"Rocksprings, TX",74,United States,US,Texas,TX,48.0,31483,"Rocksprings, TX",74,29.0,N,56.0,49.0,29.94694444,100.0,W,10.0,26.0,-100.17388889,1/1/2010 12:00:00 AM,,0,1
1148401,11484,EDA,Edna Bay Airport,"Edna Bay, AK",1,United States,US,Alaska,AK,2.0,31484,"Edna Bay, AK",1,55.0,N,56.0,11.0,55.93638889,133.0,W,39.0,20.0,-133.65555556,1/1/1950 12:00:00 AM,,0,1
1148601,11486,EDE,Northeastern Regional,"Edenton, NC",36,United States,US,North Carolina,NC,37.0,31486,"Edenton, NC",36,36.0,N,1.0,43.0,36.02861111,76.0,W,34.0,11.0,-76.56972222,4/1/2008 12:00:00 AM,6/30/2011 12:00:00 AM,0,0
1148701,11487,EDF,Elmendorf AFB,"Anchorage, AK",1,United States,US,Alaska,AK,2.0,30299,"Anchorage, AK",1,61.0,N,15.0,13.0,61.25361111,149.0,W,47.0,30.0,-149.79166667,1/1/1950 12:00:00 AM,11/30/1999 12:00:00 AM,0,0
1149001,11490,EDW,Edwards AFB,"Edwards, CA",91,United States,US,California,CA,6.0,31490,"Edwards, CA",91,34.0,N,54.0,0.0,34.9,117.0,W,52.0,0.0,-117.86666667,1/1/1950 12:00:00 AM,6/30/2011 12:00:00 AM,0,0
1149101,11491,EED,Needles Airport,"Needles, CA",91,United States,US,California,CA,6.0,31491,"Needles, CA",91,34.0,N,45.0,30.0,34.75833333,114.0,W,37.0,12.0,-114.62,12/1/1978 12:00:00 AM,6/30/2011 12:00:00 AM,0,0
1149201,11492,EEK,Eek Airport,"Eek, AK",1,United States,US,Alaska,AK,2.0,31492,"Eek, AK",1,60.0,N,13.0,0.0,60.21666667,162.0,W,1.0,0.0,-162.01666667,1/1/1950 12:00:00 AM,6/30/2011 12:00:00 AM,0,0
1149301,11493,EEN,Dillant Hopkins,"Keene, NH",14,United States,US,New Hampshire,NH,33.0,31493,"Keene, NH",14,42.0,N,54.0,3.0,42.90083333,72.0,W,16.0,15.0,-72.27083333,1/1/1950 12:00:00 AM,6/30/2011 12:00:00 AM,0,0
1149401,11494,EFB,Eight Fathom Bight Airport,"Eight Fathom Bight, AK",1,United States,US,Alaska,AK,2.0,31494,"Eight Fathom Bight, AK",1,58.0,N,0.0,0.0,58.0,135.0,W,44.0,0.0,-135.73333333,12/1/1987 12:00:00 AM,,0,1
1149501,11495,EFD,Ellington Field,"Houston, TX",74,United States,US,Texas,TX,48.0,31453,"Houston, TX",74,29.0,N,36.0,26.0,29.60722222,95.0,W,9.0,31.0,-95.15861111,1/1/1950 12:00:00 AM,11/30/2012 12:00:00 AM,0,0
1149601,11496,EFK,Newport Airport,"Newport, VT",16,United States,US,Vermont,VT,50.0,31496,"Newport, VT",16,44.0,N,53.0,22.0,44.88944444,72.0,W,13.0,48.0,-72.23,1/1/1950 12:00:00 AM,12/31/2002 12:00:00 AM,0,0
1150101,11501,EGA,Chenega Airport,"Chenega, AK",1,United States,US,Alaska,AK,2.0,31501,"Chenega, AK",1,60.0,N,17.0,0.0,60.28333333,148.0,W,5.0,0.0,-148.08333333,1/1/1950 12:00:00 AM,,0,1
1150301,11503,EGE,Eagle County Regional,"Eagle, CO",82,United States,US,Colorado,CO,8.0,31503,"Eagle, CO",82,39.0,N,38.0,37.0,39.64361111,106.0,W,54.0,50.0,-106.91388889,1/1/1950 12:00:00 AM,6/30/2011 12:00:00 AM,0,0
1150401,11504,EGI,Duke Field (Eglin Af Aux Nr 3),"Crestview, FL",33,United States,US,Florida,FL,12.0,30947,"Crestview, FL",33,30.0,N,39.0,1.0,30.65027778,86.0,W,31.0,37.0,-86.52694444,12/1/1987 12:00:00 AM,6/30/2011 12:00:00 AM,0,0
1150601,11506,EGP,Eagle Pass Airport,"Eagle Pass, TX",74,United States,US,Texas,TX,48.0,31506,"Eagle Pass, TX",74,28.0,N,42.0,8.0,28.70222222,100.0,W,28.0,50.0,-100.48055556,9/1/1979 12:00:00 AM,12/31/2002 12:00:00 AM,0,0
1150801,11508,EGT,Wellington Municipal,"Wellington, KS",62,United States,US,Kansas,KS,20.0,31508,"Wellington, KS",62,37.0,N,19.0,25.0,37.32361111,97.0,W,23.0,18.0,-97.38833333,4/1/2009 12:00:00 AM,9/30/2018 12:00:00 AM,0,0
1151001,11510,EGV,Eagle River Union,"Eagle River, WI",45,United States,US,Wisconsin,WI,55.0,31510,"Eagle River, WI",45,45.0,N,55.0,54.0,45.93166667,89.0,W,16.0,8.0,-89.26888889,1/1/1950 12:00:00 AM,6/30/2011 12:00:00 AM,0,0
1151101,11511,EGX,Egegik Airport,"Egegik, AK",1,United States,US,Alaska,AK,2.0,31511,"Egegik, AK",1,58.0,N,12.0,28.0,58.20777778,157.0,W,22.0,13.0,-157.37027778,1/1/1950 12:00:00 AM,6/30/2011 12:00:00 AM,0,0
1151201,11512,EHM,Cape Newenham AFS,"Cape Newenham, AK",1,United States,US,Alaska,AK,2.0,31512,"Cape Newenham, AK",1,58.0,N,38.0,50.0,58.64722222,162.0,W,3.0,38.0,-162.06055556,1/1/1950 12:00:00 AM,6/30/2011 12:00:00 AM,0,0
1151301,11513,EHR,Eagle Harbor Airport,"Eagle Harbor, AK",1,United States,US,Alaska,AK,2.0,31513,"Eagle Harbor, AK",1,57.0,N,25.0,0.0,57.41666667,152.0,W,43.0,0.0,-152.71666667,1/1/1950 12:00:00 AM,,0,1
1151401,11514,EHT,Rentschler,"East Hartford, CT",11,United States,US,Connecticut,CT,9.0,30529,"Hartford, CT",11,41.0,N,45.0,28.0,41.75777778,72.0,W,37.0,12.0,-72.62,1/1/1950 12:00:00 AM,6/30/2011 12:00:00 AM,0,0
1151701,11517,EIL,Eielson AFB,"Fairbanks, AK",1,United States,US,Alaska,AK,2.0,31517,"Fairbanks, AK",1,64.0,N,39.0,54.0,64.665,147.0,W,5.0,50.0,-147.09722222,1/1/1950 12:00:00 AM,6/30/2011 12:00:00 AM,0,0
1152201,11522,EKA,Eureka Airport,"Eureka, CA",91,United States,US,California,CA,6.0,30157,"Eureka/Arcata, CA",91,40.0,N,48.0,18.0,40.805,124.0,W,6.0,54.0,-124.115,10/1/1974 12:00:00 AM,12/31/2002 12:00:00 AM,0,0
1152301,11523,EKI,Elkhart Municipal,"Elkhart, IN",42,United States,US,Indiana,IN,18.0,31523,"Elkhart, IN",42,41.0,N,43.0,20.0,41.72222222,85.0,W,59.0,32.0,-85.99222222,1/1/1950 12:00:00 AM,12/31/2002 12:00:00 AM,0,0
1152401,11524,EKN,Elkins-Randolph County-Jennings Randolph Field,"Elkins, WV",39,United States,US,West Virginia,WV,54.0,31524,"Elkins, WV",39,38.0,N,53.0,22.0,38.88944444,79.0,W,51.0,28.0,-79.85777778,1/1/1950 12:00:00 AM,6/30/2011 12:00:00 AM,0,0
1152501,11525,EKO,Elko Regional,"Elko, NV",85,United States,US,Nevada,NV,32.0,31525,"Elko, NV",85,40.0,N,49.0,26.0,40.82388889,115.0,W,47.0,23.0,-115.78972222,1/1/1950 12:00:00 AM,6/30/2011 12:00:00 AM,0,0
1152601,11526,EKX,Addington Field,"Elizabethtown, KY",52,United States,US,Kentucky,KY,21.0,31526,"Elizabethtown, KY",52,37.0,N,41.0,13.0,37.68694444,85.0,W,55.0,26.0,-85.92388889,12/1/1987 12:00:00 AM,6/30/2011 12:00:00 AM,0,0
1152701,11527,EKY,Bessemer Airport,"Bessemer, AL",51,United States,US,Alabama,AL,1.0,31527,"Bessemer, AL",51,33.0,N,18.0,46.0,33.31277778,86.0,W,55.0,33.0,-86.92583333,6/1/2001 12:00:00 AM,6/30/2011 12:00:00 AM,0,0
1152801,11528,ELA,Eagle Lake Airport,"Eagle Lake, TX",74,United States,US,Texas,TX,48.0,31528,"Eagle Lake, TX",74,29.0,N,35.0,0.0,29.58333333,96.0,W,20.0,0.0,-96.33333333,3/1/2003 12:00:00 AM,6/30/2011 12:00:00 AM,0,0
1153101,11531,ELD,El Dorado Airport,"El Dorado, AR",71,United States,US,Arkansas,AR,5.0,31531,"El Dorado, AR",71,33.0,N,13.0,14.0,33.22055556,92.0,W,48.0,53.0,-92.81472222,1/1/1950 12:00:00 AM,12/31/1989 12:00:00 AM,0,0
1153501,11535,ELI,Elim Airport,"Elim, AK",1,United States,US,Alaska,AK,2.0,31535,"Elim, AK",1,64.0,N,36.0,49.0,64.61361111,162.0,W,16.0,13.0,-162.27027778,1/1/1950 12:00:00 AM,6/30/2011 12:00:00 AM,0,0
1153701,11537,ELM,Elmira/Corning Regional,"Elmira/Corning, NY",22,United States,US,New York,NY,36.0,31537,"Elmira/Corning, NY",22,42.0,N,9.0,39.0,42.16083333,76.0,W,53.0,43.0,-76.89527778,1/1/1950 12:00:00 AM,6/30/2011 12:00:00 AM,0,0
1153801,11538,ELN,Bowers Field,"Ellensburg, WA",93,United States,US,Washington,WA,53.0,31538,"Ellensburg, WA",93,47.0,N,2.0,2.0,47.03388889,120.0,W,31.0,49.0,-120.53027778,1/1/1950 12:00:00 AM,6/30/2011 12:00:00 AM,0,0
1154001,11540,ELP,El Paso International,"El Paso, TX",74,United States,US,Texas,TX,48.0,30615,"El Paso, TX",74,31.0,N,48.0,24.0,31.80666667,106.0,W,22.0,38.0,-106.37722222,1/1/1950 12:00:00 AM,6/30/2011 12:00:00 AM,0,0
1154501,11545,ELV,Elfin Cove Seaplane Base,"Elfin Cove, AK",1,United States,US,Alaska,AK,2.0,31545,"Elfin Cove, AK",1,58.0,N,12.0,0.0,58.2,136.0,W,19.0,0.0,-136.31666667,1/1/1950 12:00:00 AM,,0,1
1154601,11546,ELW,Ellamar Seaplane Base,"Ellamar, AK",1,United States,US,Alaska,AK,2.0,31546,"Ellamar, AK",1,60.0,N,53.0,36.0,60.89333333,146.0,W,42.0,30.0,-146.70833333,1/1/1950 12:00:00 AM,,0,1
1154701,11547,ELY,Ely Airport/Yelland Field,"Ely, NV",85,United States,US,Nevada,NV,32.0,31547,"Ely, NV",85,39.0,N,18.0,7.0,39.30194444,114.0,W,50.0,31.0,-114.84194444,1/1/1950 12:00:00 AM,6/30/2011 12:00:00 AM,0,0
1155001,11550,EMK,Emmonak Airport,"Emmonak, AK",1,United States,US,Alaska,AK,2.0,31550,"Emmonak, AK",1,62.0,N,47.0,10.0,62.78611111,164.0,W,29.0,27.0,-164.49083333,1/1/1950 12:00:00 AM,,0,1
1155101,11551,EMM,Kemmerer Municipal,"Kemmerer, WY",88,United States,US,Wyoming,WY,56.0,31551,"Kemmerer, WY",88,41.0,N,49.0,30.0,41.825,110.0,W,33.0,30.0,-110.55833333,3/1/1990 12:00:00 AM,6/30/2011 12:00:00 AM,0,0
1155301,11553,EMP,Emporia Municipal,"Emporia, KS",62,United States,US,Kansas,KS,20.0,31553,"Emporia, KS",62,38.0,N,19.0,57.0,38.3325,96.0,W,11.0,27.0,-96.19083333,1/1/1950 12:00:00 AM,6/30/2011 12:00:00 AM,0,0
1155401,11554,EMT,El Monte Airport,"El Monte, CA",91,United States,US,California,CA,6.0,31554,"El Monte, CA",91,34.0,N,5.0,9.0,34.08583333,118.0,W,2.0,1.0,-118.03361111,1/1/1950 12:00:00 AM,6/30/2011 12:00:00 AM,0,0
1155501,11555,ENA,Kenai Municipal,"Kenai, AK",1,United States,US,Alaska,AK,2.0,31555,"Kenai, AK",1,60.0,N,34.0,3.0,60.5675,151.0,W,15.0,4.0,-151.25111111,1/1/1950 12:00:00 AM,6/30/2011 12:00:00 AM,0,0
1155701,11557,END,Vance AFB,"Enid, OK",73,United States,US,Oklahoma,OK,40.0,31557,"Enid, OK",73,36.0,N,20.0,23.0,36.33972222,97.0,W,54.0,57.0,-97.91583333,1/1/1950 12:00:00 AM,6/30/2011 12:00:00 AM,0,0
1155801,11558,ENL,Centralia Municipal,"Centralia, IL",41,United States,US,Illinois,IL,17.0,31558,"Centralia, IL",41,38.0,N,30.0,44.0,38.51222222,89.0,W,5.0,32.0,-89.09222222,3/1/1977 12:00:00 AM,6/30/2011 12:00:00 AM,0,0
1155901,11559,ENN,Nenana Municipal,"Nenana, AK",1,United States,US,Alaska,AK,2.0,31559,"Nenana, AK",1,64.0,N,32.0,47.0,64.54638889,149.0,W,5.0,0.0,-149.08333333,1/1/1950 12:00:00 AM,6/30/2011 12:00:00 AM,0,0
1156301,11563,ENV,Wendover Airport,"Wendover, UT",87,United States,US,Utah,UT,49.0,31563,"Wendover, UT",87,40.0,N,43.0,7.0,40.71861111,114.0,W,2.0,2.0,-114.03388889,1/1/1950 12:00:00 AM,6/30/2011 12:00:00 AM,0,0
1156401,11564,ENW,Kenosha Regional,"Kenosha, WI",45,United States,US,Wisconsin,WI,55.0,31564,"Kenosha, WI",45,42.0,N,35.0,45.0,42.59583333,87.0,W,55.0,40.0,-87.92777778,1/1/1950 12:00:00 AM,6/30/2011 12:00:00 AM,0,0
1156601,11566,EOK,Keokuk Municipal,"Keokuk, IA",61,United States,US,Iowa,IA,19.0,31566,"Keokuk, IA",61,40.0,N,27.0,30.0,40.45833333,91.0,W,25.0,48.0,-91.43,1/1/1950 12:00:00 AM,6/30/2011 12:00:00 AM,0,0
1156701,11567,EPH,Ephrata,"Ephrata/Moses Lake, WA",93,United States,US,Washington,WA,53.0,31567,"Ephrata/Moses Lake, WA",93,47.0,N,18.0,15.0,47.30416667,119.0,W,30.0,45.0,-119.5125,1/1/1950 12:00:00 AM,6/30/2011 12:00:00 AM,0,0
1157701,11577,ERI,Erie International,"Erie, PA",23,United States,US,Pennsylvania,PA,42.0,31577,"Erie, PA",23,42.0,N,4.0,48.0,42.08,80.0,W,10.0,43.0,-80.17861111,1/1/1950 12:00:00 AM,6/30/2000 12:00:00 AM,0,0
1158201,11582,ERV,Kerrville Municipal/Louis Schreiner Field,"Kerrville, TX",74,United States,US,Texas,TX,48.0,31582,"Kerrville, TX",74,29.0,N,58.0,36.0,29.97666667,99.0,W,5.0,8.0,-99.08555556,12/1/1997 12:00:00 AM,,0,1
1158701,11587,ESC,Delta County,"Escanaba, MI",43,United States,US,Michigan,MI,26.0,31587,"Escanaba, MI",43,45.0,N,43.0,14.0,45.72055556,87.0,W,5.0,12.0,-87.08666667,1/1/1950 12:00:00 AM,6/30/2011 12:00:00 AM,0,0
1158801,11588,ESD,Orcas Island,"Eastsound, WA",93,United States,US,Washington,WA,53.0,31588,"Eastsound, WA",93,48.0,N,42.0,30.0,48.70833333,122.0,W,54.0,45.0,-122.9125,1/1/1950 12:00:00 AM,6/30/2011 12:00:00 AM,0,0
1159001,11590,ESF,Esler Regional,"Alexandria, LA",72,United States,US,Louisiana,LA,22.0,30185,"Alexandria, LA",72,31.0,N,23.0,43.0,31.39527778,92.0,W,17.0,50.0,-92.29722222,1/1/1950 12:00:00 AM,6/30/2011 12:00:00 AM,0,0
1159201,11592,ESN,Easton Municipal,"Easton, MD",35,United States,US,Maryland,MD,24.0,31592,"Easton, MD",35,38.0,N,48.0,10.0,38.80277778,76.0,W,4.0,4.0,-76.06777778,1/1/1950 12:00:00 AM,6/30/2011 12:00:00 AM,0,0
1159301,11593,ESP,Stroudsburg Pocono,"Stroudsburg, PA",23,United States,US,Pennsylvania,PA,42.0,31593,"Stroudsburg, PA",23,41.0,N,2.0,8.0,41.03555556,75.0,W,9.0,39.0,-75.16083333,1/1/1950 12:00:00 AM,6/30/2011 12:00:00 AM,0,0
1159701,11597,ETN,Eastland Municipal,"Eastland, TX",74,United States,US,Texas,TX,48.0,31597,"Eastland, TX",74,32.0,N,24.0,42.0,32.41166667,98.0,W,48.0,45.0,-98.8125,3/1/1982 12:00:00 AM,6/30/2011 12:00:00 AM,0,0
1159801,11598,ETS,Enterprise Municipal,"Enterprise, AL",51,United States,US,Alabama,AL,1.0,31598,"Enterprise, AL",51,31.0,N,18.0,0.0,31.3,85.0,W,54.0,0.0,-85.9,3/1/1978 12:00:00 AM,6/30/2011 12:00:00 AM,0,0
1160101,11601,EUE,Eureka Airport,"Eureka, NV",85,United States,US,Nevada,NV,32.0,31601,"Eureka, NV",85,39.0,N,36.0,26.0,39.60722222,116.0,W,0.0,6.0,-116.00166667,6/1/1978 12:00:00 AM,6/30/2011 12:00:00 AM,0,0
1160201,11602,EUF,Weedon Field,"Eufaula, AL",51,United States,US,Alabama,AL,1.0,31602,"Eufaula, AL",51,31.0,N,57.0,4.0,31.95111111,85.0,W,7.0,44.0,-85.12888889,3/1/1991 12:00:00 AM,6/30/2011 12:00:00 AM,0,0
1160301,11603,EUG,Mahlon Sweet Field,"Eugene, OR",92,United States,US,Oregon,OR,41.0,31603,"Eugene, OR",92,44.0,N,7.0,15.0,44.12083333,123.0,W,13.0,3.0,-123.2175,1/1/1950 12:00:00 AM,6/30/2011 12:00:00 AM,0,0
1160601,11606,EVC,Eva Creek Airport,"Eva Creek, AK",1,United States,US,Alaska,AK,2.0,31606,"Eva Creek, AK",1,64.0,N,2.0,33.0,64.0425,148.0,W,51.0,40.0,-148.86111111,4/1/1974 12:00:00 AM,6/30/2011 12:00:00 AM,0,0
1160901,11609,EVM,Eveleth Virginia Municipal,"Eveleth, MN",63,United States,US,Minnesota,MN,27.0,31609,"Eveleth, MN",63,47.0,N,25.0,35.0,47.42638889,92.0,W,29.0,45.0,-92.49583333,1/1/1950 12:00:00 AM,6/30/2011 12:00:00 AM,0,0
1161201,11612,EVV,Evansville Dress Regional,"Evansville, IN",42,United States,US,Indiana,IN,18.0,31612,"Evansville, IN",42,38.0,N,2.0,12.0,38.03666667,87.0,W,31.0,57.0,-87.5325,1/1/1950 12:00:00 AM,3/31/1987 12:00:00 AM,0,0
1161301,11613,EVW,Evanston-Uinta County Burns Field,"Evanston, WY",88,United States,US,Wyoming,WY,56.0,31613,"Evanston, WY",88,41.0,N,16.0,30.0,41.275,111.0,W,1.0,56.0,-111.03222222,3/1/1981 12:00:00 AM,6/30/2011 12:00:00 AM,0,0
1161501,11615,EWB,New Bedford Regional,"New Bedford/Fall River, MA",13,United States,US,Massachusetts,MA,25.0,31615,"New Bedford/Fall River, MA",13,41.0,N,40.0,37.0,41.67694444,70.0,W,57.0,33.0,-70.95916667,1/1/1950 12:00:00 AM,6/30/2011 12:00:00 AM,0,0
1161601,11616,EWK,Newton City County,"Newton, KS",62,United States,US,Kansas,KS,20.0,31616,"Newton, KS",62,38.0,N,3.0,19.0,38.05527778,97.0,W,16.0,34.0,-97.27611111,1/1/1950 12:00:00 AM,6/30/2011 12:00:00 AM,0,0
1161701,11617,EWN,Craven County Regional,"New Bern/Morehead/Beaufort, NC",36,United States,US,North Carolina,NC,37.0,31617,"New Bern/Morehead/Beaufort, NC",36,35.0,N,4.0,25.0,35.07361111,77.0,W,2.0,33.0,-77.0425,1/1/1950 12:00:00 AM,6/30/2008 12:00:00 AM,0,0
1161801,11618,EWR,Newark Liberty International,"Newark, NJ",21,United States,US,New Jersey,NJ,34.0,31703,"New York City, NY (Metropolitan Area)",22,40.0,N,41.0,45.0,40.69583333,74.0,W,10.0,18.0,-74.17166667,1/1/1950 12:00:00 AM,6/30/2011 12:00:00 AM,0,0
1161901,11619,EXI,Excursion,"Excursion Inlet, AK",1,United States,US,Alaska,AK,2.0,31619,"Excursion Inlet, AK",1,58.0,N,25.0,15.0,58.42083333,135.0,W,26.0,50.0,-135.44722222,1/1/1971 12:00:00 AM,12/31/2001 12:00:00 AM,0,0
1162401,11624,EYW,Key West International,"Key West, FL",33,United States,US,Florida,FL,12.0,31624,"Key West, FL",33,24.0,N,33.0,20.0,24.55555556,81.0,W,45.0,35.0,-81.75972222,1/1/1950 12:00:00 AM,6/30/2011 12:00:00 AM,0,0
1162701,11627,F70,French Valley,"Murrieta/Temecula, CA",91,United States,US,California,CA,6.0,31627,"Murrieta/Temecula, CA",91,33.0,N,34.0,34.0,33.57611111,117.0,W,7.0,41.0,-117.12805556,1/1/2009 12:00:00 AM,6/30/2011 12:00:00 AM,0,0
1162703,11627,RBK,French Valley,"Murrieta/Temecula, CA",91,United States,US,California,CA,6.0,31627,"Murrieta/Temecula, CA",91,33.0,N,34.0,27.0,33.57416666,117.0,W,7.0,42.0,-117.12833333,1/1/2022 12:00:00 AM,,0,1
1163001,11630,FAI,Fairbanks International,"Fairbanks, AK",1,United States,US,Alaska,AK,2.0,31517,"Fairbanks, AK",1,64.0,N,48.0,52.0,64.81444444,147.0,W,51.0,46.0,-147.86277778,1/1/1950 12:00:00 AM,6/30/2011 12:00:00 AM,0,0
1163102,11631,FAJ,Diego Jimenez Torres,"Fajardo, PR",3,United States,US,Puerto Rico,PR,72.0,31631,"Fajardo, PR",3,18.0,N,18.0,32.0,18.30888889,65.0,W,39.0,43.0,-65.66194444,1/1/1990 12:00:00 AM,1/31/2016 12:00:00 AM,0,0
1163201,11632,FAK,False Island Airport,"False Island, AK",1,United States,US,Alaska,AK,2.0,31632,"False Island, AK",1,57.0,N,31.0,0.0,57.51666667,135.0,W,13.0,0.0,-135.21666667,3/1/1990 12:00:00 AM,,0,1
1163301,11633,FAL,Falcon State Park,"Roma, TX",74,United States,US,Texas,TX,48.0,31633,"Roma, TX",74,26.0,N,35.0,0.0,26.58333333,99.0,W,8.0,0.0,-99.13333333,12/1/1993 12:00:00 AM,,0,1
1163401,11634,FAM,Farmington Regional,"Farmington, MO",64,United States,US,Missouri,MO,29.0,31634,"Farmington, MO",64,37.0,N,45.0,42.0,37.76166667,90.0,W,25.0,42.0,-90.42833333,12/1/1996 12:00:00 AM,6/30/2011 12:00:00 AM,0,0
1163701,11637,FAR,Hector Field,"Fargo, ND",66,United States,US,North Dakota,ND,38.0,31637,"Fargo, ND",66,46.0,N,54.0,56.0,46.91555556,96.0,W,48.0,53.0,-96.81472222,1/1/1950 12:00:00 AM,6/30/1982 12:00:00 AM,0,0
1163801,11638,FAT,Fresno Air Terminal,"Fresno, CA",91,United States,US,California,CA,6.0,31638,"Fresno, CA",91,36.0,N,46.0,36.0,36.77666667,119.0,W,43.0,2.0,-119.71722222,1/1/1950 12:00:00 AM,9/30/1996 12:00:00 AM,0,0
1163901,11639,FAU,Fairmount Island Airport,"Fairmount Island, AK",1,United States,US,Alaska,AK,2.0,31639,"Fairmount Island, AK",1,60.0,N,53.0,46.0,60.89611111,147.0,W,26.0,48.0,-147.44666667,4/1/1974 12:00:00 AM,,0,1
1164101,11641,FAY,Fayetteville Regional/Grannis Field,"Fayetteville, NC",36,United States,US,North Carolina,NC,37.0,31641,"Fayetteville, NC",36,34.0,N,59.0,29.0,34.99138889,78.0,W,52.0,49.0,-78.88027778,1/1/1950 12:00:00 AM,6/30/2011 12:00:00 AM,0,0
1164201,11642,FBG,Simmons AFB,"Fort Bragg, NC",36,United States,US,North Carolina,NC,37.0,31642,"Fort Bragg, NC",36,35.0,N,7.0,55.0,35.13194444,78.0,W,56.0,6.0,-78.935,3/1/1985 12:00:00 AM,6/30/2011 12:00:00 AM,0,0
1164301,11643,FBK,Ft. Wainwright AAF,"Fairbanks, AK",1,United States,US,Alaska,AK,2.0,31517,"Fairbanks, AK",1,64.0,N,50.0,13.0,64.83694444,147.0,W,36.0,52.0,-147.61444444,1/1/1950 12:00:00 AM,6/30/2011 12:00:00 AM,0,0
1164501,11645,FBR,Fort Bridger Airport,"Fort Bridger, WY",88,United States,US,Wyoming,WY,56.0,31645,"Fort Bridger, WY",88,41.0,N,23.0,35.0,41.39305556,110.0,W,24.0,20.0,-110.40555556,3/1/1991 12:00:00 AM,6/30/2011 12:00:00 AM,0,0
1164601,11646,FBS,Friday Harbor Seaplane Base,"Friday Harbor, WA",93,United States,US,Washington,WA,53.0,31646,"Friday Harbor, WA",93,48.0,N,32.0,15.0,48.5375,123.0,W,0.0,30.0,-123.00833333,6/1/2001 12:00:00 AM,,0,1
1164801,11648,FCA,Glacier Park International,"Kalispell, MT",84,United States,US,Montana,MT,30.0,31648,"Kalispell, MT",84,48.0,N,18.0,46.0,48.31277778,114.0,W,15.0,4.0,-114.25111111,1/1/1950 12:00:00 AM,6/30/2011 12:00:00 AM,0,0
1164901,11649,FCH,Chandler Downtown,"Fresno, CA",91,United States,US,California,CA,6.0,31638,"Fresno, CA",91,36.0,N,43.0,57.0,36.7325,119.0,W,49.0,8.0,-119.81888889,1/1/1950 12:00:00 AM,6/30/2011 12:00:00 AM,0,0
1165001,11650,FCM,Flying Cloud,"Minneapolis, MN",63,United States,US,Minnesota,MN,27.0,31650,"Minneapolis/St. Paul, MN",63,44.0,N,49.0,38.0,44.82722222,93.0,W,27.0,26.0,-93.45722222,1/1/2009 12:00:00 AM,6/30/2011 12:00:00 AM,0,0
1165201,11652,FCS,Butts AAF,"Colorado Springs, CO",82,United States,US,Colorado,CO,8.0,30189,"Colorado Springs, CO",82,38.0,N,41.0,0.0,38.68333333,104.0,W,46.0,0.0,-104.76666667,1/1/1950 12:00:00 AM,6/30/2011 12:00:00 AM,0,0
1165601,11656,FDK,Frederick Municipal,"Frederick, MD",35,United States,US,Maryland,MD,24.0,31656,"Frederick, MD",35,39.0,N,24.0,52.0,39.41444444,77.0,W,22.0,39.0,-77.3775,1/1/1950 12:00:00 AM,6/30/2011 12:00:00 AM,0,0
1165701,11657,FDR,Frederick Municipal,"Frederick, OK",73,United States,US,Oklahoma,OK,40.0,31657,"Frederick, OK",73,34.0,N,21.0,8.0,34.35222222,98.0,W,59.0,5.0,-98.98472222,3/1/2000 12:00:00 AM,6/30/2011 12:00:00 AM,0,0
1165901,11659,FDY,Findlay Airport,"Findlay, OH",44,United States,US,Ohio,OH,39.0,31659,"Findlay, OH",44,41.0,N,0.0,57.0,41.01583333,83.0,W,39.0,59.0,-83.66638889,1/1/1950 12:00:00 AM,6/30/2011 12:00:00 AM,0,0
1166201,11662,FEP,Albertus,"Freeport, IL",41,United States,US,Illinois,IL,17.0,31662,"Freeport, IL",41,42.0,N,14.0,8.0,42.23555556,89.0,W,34.0,9.0,-89.56916667,2/1/2001 12:00:00 AM,6/30/2011 12:00:00 AM,0,0
1166301,11663,FET,Fremont Municipal,"Fremont, NE",65,United States,US,Nebraska,NE,31.0,31663,"Fremont, NE",65,41.0,N,27.0,0.0,41.45,96.0,W,31.0,0.0,-96.51666667,3/1/1987 12:00:00 AM,6/30/2011 12:00:00 AM,0,0
1166401,11664,FEW,Francis E. Warren AFB Heliport,"Cheyenne, WY",88,United States,US,Wyoming,WY,56.0,31233,"Cheyenne, WY",88,41.0,N,8.0,0.0,41.13333333,104.0,W,52.0,2.0,-104.86722222,12/1/1983 12:00:00 AM,8/31/2019 12:00:00 AM,0,0
1166701,11667,FFM,Fergus Falls Municipal-Einar Mickelson Field,"Fergus Falls, MN",63,United States,US,Minnesota,MN,27.0,31667,"Fergus Falls, MN",63,46.0,N,17.0,4.0,46.28444444,96.0,W,9.0,24.0,-96.15666667,1/1/1950 12:00:00 AM,1/31/2020 12:00:00 AM,0,0
1166801,11668,FFO,Wright-Patterson AFB,"Dayton, OH",44,United States,US,Ohio,OH,39.0,31267,"Dayton, OH",44,39.0,N,49.0,34.0,39.82611111,84.0,W,2.0,54.0,-84.04833333,1/1/1950 12:00:00 AM,,0,1
1166901,11669,FFT,Capital City,"Frankfort, KY",52,United States,US,Kentucky,KY,21.0,31669,"Frankfort, KY",52,38.0,N,10.0,57.0,38.1825,84.0,W,54.0,17.0,-84.90472222,3/1/1974 12:00:00 AM,6/30/2011 12:00:00 AM,0,0
1167301,11673,FHU,Libby AAF/Sierra Vista Municipal,"Fort Huachuca, AZ",81,United States,US,Arizona,AZ,4.0,31673,"Fort Huachuca, AZ",81,31.0,N,35.0,20.0,31.58888889,110.0,W,20.0,35.0,-110.34305556,1/1/1950 12:00:00 AM,6/30/2011 12:00:00 AM,0,0
1167401,11674,FIC,Fire Cove Airport,"Fire Cove, AK",1,United States,US,Alaska,AK,2.0,31674,"Fire Cove, AK",1,55.0,N,46.0,40.0,55.77777778,131.0,W,32.0,15.0,-131.5375,12/1/1987 12:00:00 AM,,0,1
1167501,11675,FID,Elizabeth Field,"Fishers Island, NY",22,United States,US,New York,NY,36.0,31672,"Fishers Island, NY",22,41.0,N,15.0,5.0,41.25138889,72.0,W,1.0,54.0,-72.03166667,7/1/1969 12:00:00 AM,10/31/2019 12:00:00 AM,0,0
1167701,11677,FIL,Socorro Municipal,"Fillmore, UT",87,United States,US,Utah,UT,49.0,31677,"Fillmore, UT",87,38.0,N,57.0,30.0,38.95833333,112.0,W,21.0,45.0,-112.3625,1/1/1950 12:00:00 AM,10/31/2002 12:00:00 AM,0,0
1168401,11684,FKL,Venango Regional,"Franklin/Oil City, PA",23,United States,US,Pennsylvania,PA,42.0,31684,"Franklin/Oil City, PA",23,41.0,N,22.0,40.0,41.37777778,79.0,W,51.0,37.0,-79.86027778,1/1/1950 12:00:00 AM,10/31/2012 12:00:00 AM,0,0
1168601,11686,FL1,Zephyrhills Municipal,"Zephyrhills, FL",33,United States,US,Florida,FL,12.0,31686,"Zephyrhills, FL",33,28.0,N,13.0,41.0,28.22805556,82.0,W,9.0,21.0,-82.15583333,4/1/2005 12:00:00 AM,11/30/2016 12:00:00 AM,0,0
1168701,11687,FL2,Valkaria Airport,"Valkaria, FL",33,United States,US,Florida,FL,12.0,31687,"Valkaria, FL",33,27.0,N,57.0,43.0,27.96194444,80.0,W,33.0,35.0,-80.55972222,4/1/2006 12:00:00 AM,6/30/2011 12:00:00 AM,0,0
1168901,11689,FL4,Flagler County,"Bunnell, FL",33,United States,US,Florida,FL,12.0,31689,"Bunnell, FL",33,29.0,N,28.0,3.0,29.4675,81.0,W,12.0,23.0,-81.20638889,10/1/2006 12:00:00 AM,3/31/2015 12:00:00 AM,0,0
1169001,11690,FL5,Williston Municipal,"Williston, FL",33,United States,US,Florida,FL,12.0,31690,"Williston, FL",33,29.0,N,21.0,15.0,29.35416667,82.0,W,28.0,22.0,-82.47277778,10/1/2007 12:00:00 AM,6/30/2011 12:00:00 AM,0,0
1169301,11693,FLD,Fond Du Lac County,"Fond Du Lac, WI",45,United States,US,Wisconsin,WI,55.0,31693,"Fond Du Lac, WI",45,43.0,N,46.0,18.0,43.77166667,88.0,W,29.0,4.0,-88.48444444,1/1/1950 12:00:00 AM,6/30/2011 12:00:00 AM,0,0
1169501,11695,FLG,Flagstaff Pulliam,"Flagstaff, AZ",81,United States,US,Arizona,AZ,4.0,31695,"Flagstaff, AZ",81,35.0,N,8.0,16.0,35.13777778,111.0,W,40.0,18.0,-111.67166667,1/1/1950 12:00:00 AM,6/30/2011 12:00:00 AM,0,0
1169601,11696,FLJ,Falls Bay Airport,"Falls Bay, AK",1,United States,US,Alaska,AK,2.0,31696,"Falls Bay, AK",1,60.0,N,31.0,0.0,60.51666667,148.0,W,0.0,0.0,-148.0,6/1/1985 12:00:00 AM,,0,1
1169701,11697,FLL,Fort Lauderdale-Hollywood International,"Fort Lauderdale, FL",33,United States,US,Florida,FL,12.0,32467,"Miami, FL (Metropolitan Area)",33,26.0,N,4.0,27.0,26.07416667,80.0,W,9.0,6.0,-80.15166667,1/1/1950 12:00:00 AM,12/31/1990 12:00:00 AM,0,0
1169901,11699,FLO,Florence Regional,"Florence, SC",37,United States,US,South Carolina,SC,45.0,31699,"Florence, SC",37,34.0,N,11.0,20.0,34.18888889,79.0,W,43.0,28.0,-79.72444444,1/1/1950 12:00:00 AM,6/30/2011 12:00:00 AM,0,0
1170201,11702,FLT,Flat Airport,"Flat, AK",1,United States,US,Alaska,AK,2.0,31702,"Flat, AK",1,62.0,N,27.0,15.0,62.45416667,157.0,W,59.0,12.0,-157.98666667,1/1/1950 12:00:00 AM,6/30/2011 12:00:00 AM,0,0
1170301,11703,FLU,Flushing,"New York, NY",22,United States,US,New York,NY,36.0,31703,"New York City, NY (Metropolitan Area)",22,40.0,N,46.0,45.0,40.77916667,73.0,W,49.0,58.0,-73.83277778,1/1/1950 12:00:00 AM,,0,1
1170401,11704,FLV,Sherman AAF,"Leavenworth, KS",62,United States,US,Kansas,KS,20.0,31704,"Leavenworth, KS",62,39.0,N,22.0,11.0,39.36972222,94.0,W,54.0,45.0,-94.9125,12/1/1977 12:00:00 AM,6/30/2011 12:00:00 AM,0,0
1170601,11706,FLX,Fallon Municipal,"Fallon, NV",85,United States,US,Nevada,NV,32.0,31706,"Fallon, NV",85,39.0,N,30.0,2.0,39.50055556,118.0,W,44.0,52.0,-118.74777778,6/1/1978 12:00:00 AM,6/30/2011 12:00:00 AM,0,0
1170801,11708,FMC,Five Mile Camp Airport,"Five Mile Camp, AK",1,United States,US,Alaska,AK,2.0,31708,"Five Mile Camp, AK",1,65.0,N,55.0,39.0,65.9275,149.0,W,50.0,15.0,-149.8375,1/1/1950 12:00:00 AM,6/30/2011 12:00:00 AM,0,0
1170901,11709,FMH,Otis AFB,"Falmouth, MA",13,United States,US,Massachusetts,MA,25.0,31709,"Falmouth, MA",13,41.0,N,39.0,28.0,41.65777778,70.0,W,31.0,20.0,-70.52222222,6/1/1974 12:00:00 AM,6/30/2011 12:00:00 AM,0,0
1171101,11711,FMN,Four Corners Regional,"Farmington, NM",86,United States,US,New Mexico,NM,35.0,31711,"Farmington, NM",86,36.0,N,44.0,28.0,36.74111111,108.0,W,13.0,45.0,-108.22916667,1/1/1950 12:00:00 AM,6/30/2011 12:00:00 AM,0,0
1171301,11713,FMS,Fort Madison Municipal,"Fort Madison, IA",61,United States,US,Iowa,IA,19.0,31713,"Fort Madison, IA",61,40.0,N,39.0,32.0,40.65888889,91.0,W,19.0,39.0,-91.3275,9/1/1974 12:00:00 AM,6/30/2011 12:00:00 AM,0,0
1171401,11714,FMY,Page Field,"Fort Myers, FL",33,United States,US,Florida,FL,12.0,31714,"Fort Myers, FL",33,26.0,N,35.0,13.0,26.58694444,81.0,W,51.0,44.0,-81.86222222,6/1/1983 12:00:00 AM,6/30/2011 12:00:00 AM,0,0
1171901,11719,FNL,Fort Collins-Loveland Municipal,"Fort Collins/Loveland, CO",82,United States,US,Colorado,CO,8.0,31719,"Fort Collins/Loveland, CO",82,40.0,N,26.0,56.0,40.44888889,105.0,W,0.0,37.0,-105.01027778,3/1/1985 12:00:00 AM,6/30/2011 12:00:00 AM,0,0
1172001,11720,FNR,Funter Bay,"Funter Bay Alaska, AK",1,United States,US,Alaska,AK,2.0,31720,"Funter Bay Alaska, AK",1,58.0,N,15.0,0.0,58.25,134.0,W,54.0,0.0,-134.9,1/1/1950 12:00:00 AM,,0,1
1172101,11721,FNT,Bishop International,"Flint, MI",43,United States,US,Michigan,MI,26.0,31721,"Flint, MI",43,42.0,N,58.0,0.0,42.96666667,83.0,W,44.0,30.0,-83.74166667,1/1/1950 12:00:00 AM,6/30/2011 12:00:00 AM,0,0
1172301,11723,FOB,Fort Bragg Airport,"Fort Bragg, CA",91,United States,US,California,CA,6.0,31723,"Fort Bragg, CA",91,39.0,N,28.0,28.0,39.47444444,123.0,W,47.0,40.0,-123.79444444,12/1/1975 12:00:00 AM,6/30/2011 12:00:00 AM,0,0
1172501,11725,FOD,Fort Dodge Regional,"Fort Dodge, IA",61,United States,US,Iowa,IA,19.0,31725,"Fort Dodge, IA",61,42.0,N,33.0,9.0,42.5525,94.0,W,11.0,23.0,-94.18972222,1/1/1950 12:00:00 AM,6/30/2011 12:00:00 AM,0,0
1172601,11726,FOE,Forbes AFB,"Topeka, KS",62,United States,US,Kansas,KS,20.0,31726,"Topeka, KS",62,38.0,N,57.0,9.0,38.9525,95.0,W,39.0,45.0,-95.6625,6/1/1974 12:00:00 AM,6/30/2011 12:00:00 AM,0,0
1172801,11728,FOK,Suffolk County,"Westhampton, NY",22,United States,US,New York,NY,36.0,31728,"Westhampton, NY",22,40.0,N,50.0,37.0,40.84361111,72.0,W,37.0,56.0,-72.63222222,3/1/1977 12:00:00 AM,6/30/1991 12:00:00 AM,0,0
1173201,11732,FPR,St. Lucie County International,"Fort Pierce, FL",33,United States,US,Florida,FL,12.0,31732,"Fort Pierce, FL",33,27.0,N,29.0,35.0,27.49305556,80.0,W,22.0,4.0,-80.36777778,12/1/1978 12:00:00 AM,6/30/2011 12:00:00 AM,0,0
1173301,11733,FPY,Perry-Foley,"Perry, FL",33,United States,US,Florida,FL,12.0,31733,"Perry, FL",33,30.0,N,4.0,9.0,30.06916667,83.0,W,34.0,43.0,-83.57861111,3/1/1988 12:00:00 AM,6/30/2011 12:00:00 AM,0,0
1173401,11734,FQA,Patching Lake Airport,"Patching Lake, AK",1,United States,US,Alaska,AK,2.0,31734,"Patching Lake, AK",1,55.0,N,36.0,22.0,55.60611111,131.0,W,29.0,0.0,-131.48333333,6/1/2001 12:00:00 AM,,0,1
1173501,11735,FQB,San Nicolas Island NOLF,"Ventura, CA",91,United States,US,California,CA,6.0,31735,"Ventura, CA",91,33.0,N,14.0,23.0,33.23972222,119.0,W,27.0,29.0,-119.45805556,6/1/2001 12:00:00 AM,9/30/2015 12:00:00 AM,0,0
1173601,11736,FQC,Lilly Lake,"Kodiak, AK",1,United States,US,Alaska,AK,2.0,30070,"Kodiak, AK",1,57.0,N,48.0,20.0,57.80555556,152.0,W,22.0,50.0,-152.38055556,6/1/2001 12:00:00 AM,,0,1
1173701,11737,FQD,Trident Volcano,"Katmai National Park, AK",1,United States,US,Alaska,AK,2.0,36441,"Katmai National Park, AK",1,58.0,N,14.0,6.0,58.235,155.0,W,6.0,13.0,-155.10361111,6/1/2001 12:00:00 AM,,0,1
1173801,11738,FQE,Annex Creek Airport,"Annex Creek, AK",1,United States,US,Alaska,AK,2.0,31738,"Annex Creek, AK",1,58.0,N,18.0,48.0,58.31333333,134.0,W,6.0,15.0,-134.10416667,6/1/2001 12:00:00 AM,,0,1
1173901,11739,FQF,Davidson Creek Airport,"Davidson Creek, AK",1,United States,US,Alaska,AK,2.0,31739,"Davidson Creek, AK",1,58.0,N,21.0,10.0,58.35277778,133.0,W,59.0,29.0,-133.99138889,6/1/2001 12:00:00 AM,,0,1
1174001,11740,FQG,Snettisham Airport,"Snettisham, AK",1,United States,US,Alaska,AK,2.0,31740,"Snettisham, AK",1,58.0,N,8.0,3.0,58.13416667,133.0,W,43.0,46.0,-133.72944444,6/1/2001 12:00:00 AM,6/30/2011 12:00:00 AM,0,0
1174101,11741,FQH,Fire Island Airport,"Fire Island, AK",1,United States,US,Alaska,AK,2.0,31741,"Fire Island, AK",1,61.0,N,10.0,16.0,61.17111111,150.0,W,9.0,38.0,-150.16055556,1/1/1983 12:00:00 AM,6/30/2011 12:00:00 AM,0,0
1174201,11742,FQI,Georgetown Scott County - Marshall Field,"Scott, KY",52,United States,US,Kentucky,KY,21.0,31742,"Scott, KY",52,38.0,N,14.0,4.0,38.23444444,84.0,W,26.0,5.0,-84.43472222,6/1/2001 12:00:00 AM,9/30/2017 12:00:00 AM,0,0
1174301,11743,FQJ,Greens Creek Airport,"Greens Creek, AK",1,United States,US,Alaska,AK,2.0,31743,"Greens Creek, AK",1,58.0,N,5.0,55.0,58.09861111,134.0,W,45.0,36.0,-134.76,6/1/2001 12:00:00 AM,,0,1
1174401,11744,FQK,Gull Cove Airport,"Gull Cove, AK",1,United States,US,Alaska,AK,2.0,31744,"Gull Cove, AK",1,58.0,N,12.0,53.0,58.21472222,136.0,W,9.0,23.0,-136.15638889,6/1/2001 12:00:00 AM,,0,1
1174501,11745,FQL,Flora Municipal,"Flora, IL",41,United States,US,Illinois,IL,17.0,31745,"Flora, IL",41,38.0,N,39.0,54.0,38.665,88.0,W,27.0,11.0,-88.45305556,6/1/2001 12:00:00 AM,,0,1
1174701,11747,FQN,Karta Lake Airport,"Karta Lake, AK",1,United States,US,Alaska,AK,2.0,31747,"Karta Lake, AK",1,55.0,N,33.0,44.0,55.56222222,132.0,W,37.0,50.0,-132.63055556,4/1/2001 12:00:00 AM,,0,1
1174801,11748,FQO,Manzanita Lake Airport,"Manzanita Lake, AK",1,United States,US,Alaska,AK,2.0,31748,"Manzanita Lake, AK",1,55.0,N,34.0,0.0,55.56666667,131.0,W,3.0,23.0,-131.05638889,4/1/2001 12:00:00 AM,,0,1
1174901,11749,FQP,Shrimp Bay Airport,"Shrimp Bay, AK",1,United States,US,Alaska,AK,2.0,31749,"Shrimp Bay, AK",1,55.0,N,50.0,4.0,55.83444444,131.0,W,29.0,5.0,-131.48472222,4/1/2001 12:00:00 AM,,0,1
1175001,11750,FQQ,Dry Bay Airport,"Dry Bay, AK",1,United States,US,Alaska,AK,2.0,31750,"Dry Bay, AK",1,59.0,N,8.0,48.0,59.14666667,138.0,W,33.0,49.0,-138.56361111,9/1/2001 12:00:00 AM,,0,1
1175101,11751,FQR,Josephine Lake Airport,"Josephine Lake, AK",1,United States,US,Alaska,AK,2.0,31751,"Josephine Lake, AK",1,55.0,N,14.0,37.0,55.24361111,132.0,W,34.0,24.0,-132.57333333,4/1/2001 12:00:00 AM,,0,1
1175401,11754,FQU,Libby Airport,"Libby, MT",84,United States,US,Montana,MT,30.0,31754,"Libby, MT",84,48.0,N,17.0,2.0,48.28388889,115.0,W,29.0,25.0,-115.49027778,9/1/2001 12:00:00 AM,,0,1
1175501,11755,FQV,Volcano Bay Airport,"Volcano Bay, AK",1,United States,US,Alaska,AK,2.0,31755,"Volcano Bay, AK",1,53.0,N,48.0,52.0,53.81444444,167.0,W,7.0,10.0,-167.11944444,3/1/2002 12:00:00 AM,,0,1
1175601,11756,FQW,Fort Glenn Airport,"Fort Glenn, AK",1,United States,US,Alaska,AK,2.0,31756,"Fort Glenn, AK",1,53.0,N,22.0,0.0,53.36666667,167.0,W,53.0,0.0,-167.88333333,3/1/2002 12:00:00 AM,,0,1
1175701,11757,FQX,Babe Islands Airport,"Babe Islands, AK",1,United States,US,Alaska,AK,2.0,31757,"Babe Islands, AK",1,55.0,N,12.0,37.0,55.21027778,132.0,W,7.0,55.0,-132.13194444,3/1/2002 12:00:00 AM,,0,1
1175801,11758,FQY,Kahli Cove Airport,"Kahli Cove, AK",1,United States,US,Alaska,AK,2.0,31758,"Kahli Cove, AK",1,55.0,N,55.0,35.0,55.92638889,133.0,W,15.0,10.0,-133.25277778,3/1/2002 12:00:00 AM,,0,1
1176201,11762,FRD,Friday Harbor Airport,"Friday Harbor, WA",93,United States,US,Washington,WA,53.0,31646,"Friday Harbor, WA",93,48.0,N,31.0,35.0,48.52638889,123.0,W,1.0,26.0,-123.02388889,6/1/1977 12:00:00 AM,6/30/2011 12:00:00 AM,0,0
1176401,11764,FRG,Republic,"East Farmingdale, NY",22,United States,US,New York,NY,36.0,31764,"East Farmingdale, NY",22,40.0,N,43.0,46.0,40.72944444,73.0,W,24.0,54.0,-73.415,1/1/1950 12:00:00 AM,6/30/2011 12:00:00 AM,0,0
1176601,11766,FRM,Fairmont Municipal,"Fairmont, MN",63,United States,US,Minnesota,MN,27.0,31766,"Fairmont, MN",63,43.0,N,38.0,50.0,43.64722222,94.0,W,25.0,25.0,-94.42361111,1/1/1950 12:00:00 AM,6/30/2011 12:00:00 AM,0,0
1176801,11768,FRP,Fresh Water Bay Airport,"Fresh Water Bay, AK",1,United States,US,Alaska,AK,2.0,31768,"Fresh Water Bay, AK",1,57.0,N,51.0,0.0,57.85,134.0,W,59.0,0.0,-134.98333333,12/1/1987 12:00:00 AM,,0,1
1176901,11769,FRR,Front Royal-Warren County,"Front Royal, VA",38,United States,US,Virginia,VA,51.0,31769,"Front Royal, VA",38,38.0,N,55.0,2.0,38.91722222,78.0,W,15.0,14.0,-78.25388889,6/1/1986 12:00:00 AM,6/30/2011 12:00:00 AM,0,0
1177301,11773,FRY,Eastern Slopes Regional,"Fryeburg, ME",12,United States,US,Maine,ME,23.0,31773,"Fryeburg, ME",12,43.0,N,59.0,25.0,43.99027778,70.0,W,56.0,47.0,-70.94638889,6/1/1976 12:00:00 AM,6/30/2011 12:00:00 AM,0,0
1177501,11775,FSD,Joe Foss Field,"Sioux Falls, SD",67,United States,US,South Dakota,SD,46.0,31775,"Sioux Falls, SD",67,43.0,N,34.0,44.0,43.57888889,96.0,W,44.0,27.0,-96.74083333,1/1/1950 12:00:00 AM,6/30/2011 12:00:00 AM,0,0
1177601,11776,FSI,Henry Post AAF,"Fort Sill, OK",73,United States,US,Oklahoma,OK,40.0,31776,"Fort Sill, OK",73,34.0,N,39.0,0.0,34.65,98.0,W,24.0,6.0,-98.40166667,1/1/1950 12:00:00 AM,6/30/2011 12:00:00 AM,0,0
1177701,11777,FSK,Fort Scott Municipal,"Fort Scott, KS",62,United States,US,Kansas,KS,20.0,31777,"Fort Scott, KS",62,37.0,N,47.0,50.0,37.79722222,94.0,W,46.0,10.0,-94.76944444,1/1/1950 12:00:00 AM,6/30/2011 12:00:00 AM,0,0
1177801,11778,FSM,Fort Smith Regional,"Fort Smith, AR",71,United States,US,Arkansas,AR,5.0,31778,"Fort Smith, AR",71,35.0,N,20.0,12.0,35.33666667,94.0,W,22.0,3.0,-94.3675,1/1/1950 12:00:00 AM,9/30/2022 12:00:00 AM,0,0
1178001,11780,FST,Fort Stockton Pecos County,"Ft. Stockton, TX",74,United States,US,Texas,TX,48.0,31780,"Ft. Stockton, TX",74,30.0,N,54.0,54.0,30.915,102.0,W,54.0,45.0,-102.9125,3/1/1998 12:00:00 AM,6/30/2011 12:00:00 AM,0,0
1178401,11784,FTG,Front Range,"Denver, CO",82,United States,US,Colorado,CO,8.0,30325,"Denver, CO",82,39.0,N,47.0,6.0,39.785,104.0,W,32.0,35.0,-104.54305556,1/1/1990 12:00:00 AM,6/30/2011 12:00:00 AM,0,0
1178501,11785,FTK,Godman AAF,"Fort Knox, KY",52,United States,US,Kentucky,KY,21.0,31785,"Fort Knox, KY",52,37.0,N,54.0,24.0,37.90666667,85.0,W,58.0,23.0,-85.97305556,3/1/1978 12:00:00 AM,6/30/2011 12:00:00 AM,0,0
1178601,11786,FOA,Marshall Field,"Fortuna Ledge, AK",1,United States,US,Alaska,AK,2.0,31722,"Fortuna Ledge, AK",1,61.0,N,52.0,0.0,61.86666667,162.0,W,4.0,0.0,-162.06666667,6/1/1975 12:00:00 AM,6/30/1978 12:00:00 AM,0,0
1178602,11786,FTL,Fortuna Ledge Airport,"Fortuna Ledge, AK",1,United States,US,Alaska,AK,2.0,31722,"Fortuna Ledge, AK",1,61.0,N,52.0,6.0,61.86833333,162.0,W,4.0,5.0,-162.06805556,7/1/1978 12:00:00 AM,,0,1
1178901,11789,FTW,Meacham Field,"Dallas/Fort Worth, TX",74,United States,US,Texas,TX,48.0,30194,"Dallas/Fort Worth, TX",74,32.0,N,49.0,3.0,32.8175,97.0,W,21.0,31.0,-97.35861111,1/1/1950 12:00:00 AM,12/31/1989 12:00:00 AM,0,0
1179001,11790,FTY,Fulton County Airport-Brown Field,"Atlanta, GA",34,United States,US,Georgia,GA,13.0,30397,"Atlanta, GA (Metropolitan Area)",34,33.0,N,46.0,45.0,33.77916667,84.0,W,31.0,17.0,-84.52138889,4/1/1976 12:00:00 AM,9/30/2022 12:00:00 AM,0,0
1179401,11794,FUL,Fullerton Municipal,"Fullerton, CA",91,United States,US,California,CA,6.0,30297,"Anaheim, CA",91,33.0,N,52.0,0.0,33.86666667,117.0,W,58.0,30.0,-117.975,1/1/1950 12:00:00 AM,6/30/2011 12:00:00 AM,0,0
1179701,11797,FVA,Osprey Lodge Airport,"Osprey Lodge, AK",1,United States,US,Alaska,AK,2.0,31797,"Osprey Lodge, AK",1,61.0,N,6.0,59.0,61.11638889,155.0,W,18.0,41.0,-155.31138889,6/1/2002 12:00:00 AM,,0,1
1180001,11800,FVD,Sonora Municipal,"Sonora, TX",74,United States,US,Texas,TX,48.0,31800,"Sonora, TX",74,30.0,N,35.0,9.0,30.58583333,100.0,W,38.0,55.0,-100.64861111,9/1/1995 12:00:00 AM,6/30/2011 12:00:00 AM,0,0
1180101,11801,FVE,Fallbrook Community Airpark,"Fallbrook, CA",91,United States,US,California,CA,6.0,31801,"Fallbrook, CA",91,33.0,N,21.0,15.0,33.35416667,117.0,W,15.0,3.0,-117.25083333,3/1/1995 12:00:00 AM,6/30/2025 12:00:00 AM,0,0
1180301,11803,FVG,Wickenburg Municipal,"Wickenburg, AZ",81,United States,US,Arizona,AZ,4.0,31803,"Wickenburg, AZ",81,33.0,N,58.0,11.0,33.96972222,112.0,W,47.0,47.0,-112.79638889,12/1/1995 12:00:00 AM,6/30/2011 12:00:00 AM,0,0
1180401,11804,FVH,Othello Municipal,"Othello, WA",93,United States,US,Washington,WA,53.0,31804,"Othello, WA",93,46.0,N,47.0,42.0,46.795,119.0,W,4.0,49.0,-119.08027778,3/1/1996 12:00:00 AM,6/30/2011 12:00:00 AM,0,0
1180501,11805,FVI,Byerley,"Lake Providence, LA",72,United States,US,Louisiana,LA,22.0,31805,"Lake Providence, LA",72,32.0,N,49.0,33.0,32.82583333,91.0,W,11.0,16.0,-91.18777778,3/1/1996 12:00:00 AM,,0,1
1181001,11810,FVN,Big Sky Field,"Culbertson, MT",84,United States,US,Montana,MT,30.0,31810,"Culbertson, MT",84,48.0,N,9.0,12.0,48.15333333,104.0,W,30.0,14.0,-104.50388889,3/1/1997 12:00:00 AM,6/30/2011 12:00:00 AM,0,0
1181101,11811,FVO,Aurora State,"Aurora, OR",92,United States,US,Oregon,OR,41.0,31811,"Aurora, OR",92,45.0,N,14.0,50.0,45.24722222,122.0,W,46.0,12.0,-122.77,3/1/1997 12:00:00 AM,,0,1
1181201,11812,FVP,Gansner Field,"Quincy, CA",91,United States,US,California,CA,6.0,31812,"Quincy, CA",91,39.0,N,56.0,38.0,39.94388889,120.0,W,56.0,49.0,-120.94694444,3/1/1997 12:00:00 AM,6/30/2011 12:00:00 AM,0,0
1181301,11813,FVQ,Donlin Creek Airport,"Donlin Creek, AK",1,United States,US,Alaska,AK,2.0,31813,"Donlin Creek Mine, AK",1,62.0,N,1.0,1.0,62.01694444,158.0,W,9.0,0.0,-158.15,3/1/1997 12:00:00 AM,11/30/2002 12:00:00 AM,0,0
1181501,11815,FVS,Rexburg-Madison County,"Rexburg, ID",83,United States,US,Idaho,ID,16.0,31815,"Rexburg, ID",83,43.0,N,50.0,2.0,43.83388889,111.0,W,48.0,18.0,-111.805,12/1/1996 12:00:00 AM,,0,1
1181801,11818,FVV,Kern Valley,"Kernville, CA",91,United States,US,California,CA,6.0,31818,"Kernville, CA",91,35.0,N,43.0,42.0,35.72833333,118.0,W,25.0,11.0,-118.41972222,3/1/1998 12:00:00 AM,,0,1
1181901,11819,FVW,Golden Creek Mine Airport,"Golden Creek Mine, AK",1,United States,US,Alaska,AK,2.0,31819,"Golden Creek Mine, AK",1,65.0,N,17.0,0.0,65.28333333,153.0,W,0.0,0.0,-153.0,12/1/1996 12:00:00 AM,,0,1
1182001,11820,FVX,Grace Harbor Airport,"Grace Harbor, AK",1,United States,US,Alaska,AK,2.0,31820,"Grace Harbor, AK",1,54.0,N,55.0,0.0,54.91666667,132.0,W,55.0,0.0,-132.91666667,12/1/1997 12:00:00 AM,,0,1
1182101,11821,FVY,Unuk River Airport,"Unuk River, AK",1,United States,US,Alaska,AK,2.0,31821,"Unuk River, AK",1,56.0,N,5.0,0.0,56.08333333,131.0,W,58.0,0.0,-131.96666667,12/1/1997 12:00:00 AM,,0,1
1182201,11822,FVZ,Inigok,"Deadhorse, AK",1,United States,US,Alaska,AK,2.0,30073,"Deadhorse, AK",1,70.0,N,0.0,14.0,70.00388889,153.0,W,4.0,39.0,-153.0775,12/1/1997 12:00:00 AM,,0,1
1182301,11823,FWA,Fort Wayne Municipal,"Fort Wayne, IN",42,United States,US,Indiana,IN,18.0,31823,"Fort Wayne, IN",42,40.0,N,58.0,42.0,40.97833333,85.0,W,11.0,17.0,-85.18805556,1/1/1950 12:00:00 AM,6/30/2001 12:00:00 AM,0,0
1182401,11824,FWH,Carswell AFB,"Fort Worth, TX",74,United States,US,Texas,TX,48.0,30194,"Dallas/Fort Worth, TX",74,32.0,N,46.0,8.0,32.76888889,97.0,W,26.0,28.0,-97.44111111,1/1/1950 12:00:00 AM,9/30/1994 12:00:00 AM,0,0
1182501,11825,FWL,Farewell Airport,"Farewell, AK",1,United States,US,Alaska,AK,2.0,31825,"Farewell, AK",1,62.0,N,30.0,35.0,62.50972222,153.0,W,53.0,22.0,-153.88944444,1/1/1950 12:00:00 AM,6/30/2011 12:00:00 AM,0,0
1182601,11826,FWS,Fort Worth Spinks,"Fort Worth, TX",74,United States,US,Texas,TX,48.0,30194,"Dallas/Fort Worth, TX",74,32.0,N,33.0,55.0,32.56527778,97.0,W,18.0,29.0,-97.30805556,1/1/2009 12:00:00 AM,11/30/2017 12:00:00 AM,0,0
1182701,11827,FXE,Fort Lauderdale Executive,"Fort Lauderdale, FL",33,United States,US,Florida,FL,12.0,32467,"Miami, FL (Metropolitan Area)",33,26.0,N,11.0,49.0,26.19694444,80.0,W,10.0,15.0,-80.17083333,3/1/1991 12:00:00 AM,6/30/2011 12:00:00 AM,0,0
1182801,11828,FXM,Flaxman AFS,"Flaxman Island, AK",1,United States,US,Alaska,AK,2.0,31828,"Flaxman Island, AK",1,70.0,N,10.0,23.0,70.17305556,146.0,W,51.0,20.0,-146.85555556,1/1/1950 12:00:00 AM,6/30/2002 12:00:00 AM,0,0
1182802,11828,A35,Bullen Point AFS,"Kaktovik, AK",1,United States,US,Alaska,AK,2.0,31828,"Kaktovik, AK",1,70.0,N,10.0,22.0,70.17277778,146.0,W,50.0,10.0,-146.83611111,7/1/2002 12:00:00 AM,6/30/2025 12:00:00 AM,0,0
1183001,11830,FXR,Frankfort Municipal,"Clinton, IN",42,United States,US,Indiana,IN,18.0,31830,"Clinton, IN",42,40.0,N,16.0,24.0,40.27333333,86.0,W,33.0,44.0,-86.56222222,6/1/2001 12:00:00 AM,12/31/2005 12:00:00 AM,0,0
1183101,11831,FXY,Forest City Municipal,"Forest City, IA",61,United States,US,Iowa,IA,19.0,31831,"Forest City, IA",61,43.0,N,14.0,5.0,43.23472222,93.0,W,37.0,27.0,-93.62416667,12/1/1992 12:00:00 AM,6/30/2025 12:00:00 AM,0,0
1183301,11833,FYU,Fort Yukon Airport,"Fort Yukon, AK",1,United States,US,Alaska,AK,2.0,31833,"Fort Yukon, AK",1,66.0,N,34.0,52.0,66.58111111,145.0,W,12.0,30.0,-145.20833333,1/1/1950 12:00:00 AM,6/30/2011 12:00:00 AM,0,0
1183401,11834,FYV,Drake Field,"Fayetteville, AR",71,United States,US,Arkansas,AR,5.0,31834,"Fayetteville, AR",71,36.0,N,0.0,13.0,36.00361111,94.0,W,10.0,12.0,-94.17,1/1/1950 12:00:00 AM,11/30/1998 12:00:00 AM,0,0
1183601,11836,GA1,Barwick Lafayette,"Lafayette, GA",34,United States,US,Georgia,GA,13.0,31836,"Lafayette, GA",34,34.0,N,41.0,19.0,34.68861111,85.0,W,17.0,26.0,-85.29055556,10/1/2003 12:00:00 AM,6/30/2011 12:00:00 AM,0,0
1183701,11837,GA2,West Georgia Regional - O V Gray Field,"Carrollton, GA",34,United States,US,Georgia,GA,13.0,31837,"Carrollton, GA",34,33.0,N,37.0,52.0,33.63111111,85.0,W,9.0,7.0,-85.15194444,10/1/2005 12:00:00 AM,6/30/2011 12:00:00 AM,0,0
1183801,11838,GA3,Newnan Coweta County,"Atlanta, GA",34,United States,US,Georgia,GA,13.0,30397,"Atlanta, GA (Metropolitan Area)",34,33.0,N,18.0,42.0,33.31166667,84.0,W,46.0,11.0,-84.76972222,1/1/2008 12:00:00 AM,,0,1
1184001,11840,GAD,Gadsen Municipal,"Gadsden, AL",51,United States,US,Alabama,AL,1.0,31840,"Gadsden, AL",51,33.0,N,58.0,25.0,33.97361111,86.0,W,5.0,14.0,-86.08722222,1/1/1950 12:00:00 AM,6/30/2011 12:00:00 AM,0,0
1184201,11842,GAI,Montgomery County Airpark,"Gaithersburg, MD",35,United States,US,Maryland,MD,24.0,31842,"Gaithersburg, MD",35,39.0,N,10.0,6.0,39.16833333,77.0,W,9.0,58.0,-77.16611111,12/1/2004 12:00:00 AM,,0,1
1184401,11844,GAL,Galena Airport,"Galena, AK",1,United States,US,Alaska,AK,2.0,31844,"Galena, AK",1,64.0,N,44.0,11.0,64.73638889,156.0,W,55.0,54.0,-156.93166667,1/1/1950 12:00:00 AM,6/30/2011 12:00:00 AM,0,0
1184501,11845,GAM,Gambell Airport,"Gambell, AK",1,United States,US,Alaska,AK,2.0,31845,"Gambell, AK",1,63.0,N,46.0,0.0,63.76666667,171.0,W,44.0,15.0,-171.7375,1/1/1950 12:00:00 AM,6/30/2011 12:00:00 AM,0,0
1185601,11856,GBD,Great Bend Municipal,"Great Bend, KS",62,United States,US,Kansas,KS,20.0,31856,"Great Bend, KS",62,38.0,N,20.0,50.0,38.34722222,98.0,W,51.0,51.0,-98.86416667,1/1/1950 12:00:00 AM,6/30/2011 12:00:00 AM,0,0
1185801,11858,GBG,Galesburg Municipal,"Galesburg, IL",41,United States,US,Illinois,IL,17.0,31858,"Galesburg, IL",41,40.0,N,56.0,19.0,40.93861111,90.0,W,25.0,44.0,-90.42888889,1/1/1950 12:00:00 AM,6/30/2011 12:00:00 AM,0,0
1185901,11859,GBH,Galbraith Lake Airport,"Galbraith Lake, AK",1,United States,US,Alaska,AK,2.0,31859,"Galbraith Lake, AK",1,68.0,N,28.0,45.0,68.47916667,149.0,W,29.0,24.0,-149.49,1/1/1950 12:00:00 AM,6/30/2011 12:00:00 AM,0,0
1186201,11862,GBR,Great Barrington Airport,"Great Barrington, MA",13,United States,US,Massachusetts,MA,25.0,31862,"Great Barrington, MA",13,42.0,N,11.0,4.0,42.18444444,73.0,W,24.0,15.0,-73.40416667,12/1/1976 12:00:00 AM,6/30/2011 12:00:00 AM,0,0
1186501,11865,GCC,Gillette Campbell County,"Gillette, WY",88,United States,US,Wyoming,WY,56.0,31865,"Gillette, WY",88,44.0,N,21.0,5.0,44.35138889,105.0,W,31.0,30.0,-105.525,1/1/1950 12:00:00 AM,6/30/2011 12:00:00 AM,0,0
1186701,11867,GCK,Garden City Municipal,"Garden City, KS",62,United States,US,Kansas,KS,20.0,31867,"Garden City, KS",62,37.0,N,55.0,43.0,37.92861111,100.0,W,43.0,47.0,-100.72972222,1/1/1950 12:00:00 AM,4/30/1999 12:00:00 AM,0,0
1186901,11869,GCN,Grand Canyon National Park,"Grand Canyon, AZ",81,United States,US,Arizona,AZ,4.0,30463,"Grand Canyon, AZ",81,35.0,N,57.0,7.0,35.95194444,112.0,W,8.0,51.0,-112.1475,1/1/1950 12:00:00 AM,6/30/2011 12:00:00 AM,0,0
1187001,11870,GCY,Municipal,"Greeneville, TN",54,United States,US,Tennessee,TN,47.0,31870,"Greeneville, TN",54,36.0,N,11.0,29.0,36.19138889,82.0,W,49.0,0.0,-82.81666667,12/1/1975 12:00:00 AM,,0,1
1187101,11871,GDC,Donaldson Center,"Greenville, SC",37,United States,US,South Carolina,SC,45.0,31871,"Greenville/Spartanburg, SC",37,34.0,N,45.0,30.0,34.75833333,82.0,W,22.0,36.0,-82.37666667,3/1/1990 12:00:00 AM,6/30/2011 12:00:00 AM,0,0
1187301,11873,GDH,Golden Horn Lodge Seaplane Base,"Golden Horn Lodge, AK",1,United States,US,Alaska,AK,2.0,31873,"Golden Horn Lodge, AK",1,59.0,N,44.0,49.0,59.74694444,158.0,W,52.0,29.0,-158.87472222,1/1/1990 12:00:00 AM,,0,1
1187501,11875,GDM,Gardner Municipal,"Gardner, MA",13,United States,US,Massachusetts,MA,25.0,31875,"Gardner, MA",13,42.0,N,32.0,59.0,42.54972222,72.0,W,0.0,59.0,-72.01638889,6/1/1991 12:00:00 AM,6/30/2011 12:00:00 AM,0,0
1187901,11879,GDV,Dawson Community,"Glendive, MT",84,United States,US,Montana,MT,30.0,31879,"Glendive, MT",84,47.0,N,8.0,20.0,47.13888889,104.0,W,48.0,25.0,-104.80694444,1/1/1950 12:00:00 AM,6/30/2011 12:00:00 AM,0,0
1188001,11880,GDW,Gladwin Zettel Memorial,"Gladwin, MI",43,United States,US,Michigan,MI,26.0,31880,"Gladwin, MI",43,43.0,N,58.0,7.0,43.96861111,84.0,W,28.0,26.0,-84.47388889,3/1/1990 12:00:00 AM,6/30/2011 12:00:00 AM,0,0
1188301,11883,GED,Sussex County,"Georgetown, DE",31,United States,US,Delaware,DE,10.0,31883,"Georgetown, DE",31,38.0,N,41.0,21.0,38.68916667,75.0,W,21.0,32.0,-75.35888889,1/1/1950 12:00:00 AM,9/30/2015 12:00:00 AM,0,0
1188401,11884,GEG,Spokane International,"Spokane, WA",93,United States,US,Washington,WA,53.0,31884,"Spokane, WA",93,47.0,N,37.0,12.0,47.62,117.0,W,31.0,58.0,-117.53277778,1/1/1950 12:00:00 AM,6/30/2011 12:00:00 AM,0,0
1188501,11885,GEK,Ganes Creek Airport,"Ganes Creek, AK",1,United States,US,Alaska,AK,2.0,31885,"Ganes Creek, AK",1,62.0,N,58.0,32.0,62.97555556,156.0,W,30.0,48.0,-156.51333333,7/1/1995 12:00:00 AM,,0,1
1189301,11893,GEY,South Big Horn County,"Greybull, WY",88,United States,US,Wyoming,WY,56.0,31893,"Greybull, WY",88,44.0,N,30.0,48.0,44.51333333,108.0,W,4.0,40.0,-108.07777778,6/1/1976 12:00:00 AM,6/30/2011 12:00:00 AM,0,0
1189401,11894,GEZ,Shelbyville Municipal,"Shelbyville, IN",42,United States,US,Indiana,IN,18.0,31894,"Shelbyville, IN",42,39.0,N,34.0,59.0,39.58305556,85.0,W,48.0,17.0,-85.80472222,1/1/1990 12:00:00 AM,12/31/2005 12:00:00 AM,0,0
1189501,11895,GFA,Malmstrom AFB Heliport,"Great Falls, MT",84,United States,US,Montana,MT,30.0,31895,"Great Falls, MT",84,47.0,N,30.0,18.0,47.505,111.0,W,11.0,14.0,-111.18722222,1/1/1950 12:00:00 AM,6/30/2011 12:00:00 AM,0,0
1189601,11896,GFB,Togiak Fish Airport,"Togiak Fish, AK",1,United States,US,Alaska,AK,2.0,31896,"Togiak Fish, AK",1,59.0,N,3.0,0.0,59.05,160.0,W,17.0,0.0,-160.28333333,3/1/1991 12:00:00 AM,,0,1
1189801,11898,GFK,Grand Forks International,"Grand Forks, ND",66,United States,US,North Dakota,ND,38.0,31898,"Grand Forks, ND",66,47.0,N,57.0,7.0,47.95194444,97.0,W,10.0,43.0,-97.17861111,1/1/1950 12:00:00 AM,6/30/2011 12:00:00 AM,0,0
1189901,11899,GFL,Warren County,"Glens Falls, NY",22,United States,US,New York,NY,36.0,31899,"Glens Falls, NY",22,43.0,N,20.0,40.0,43.34444444,73.0,W,36.0,33.0,-73.60916667,1/1/1950 12:00:00 AM,6/30/2011 12:00:00 AM,0,0
1190401,11904,GGE,Georgetown County,"Georgetown, SC",37,United States,US,South Carolina,SC,45.0,31904,"Georgetown, SC",37,33.0,N,18.0,43.0,33.31194444,79.0,W,19.0,5.0,-79.31805556,12/1/1977 12:00:00 AM,6/30/2011 12:00:00 AM,0,0
1190501,11905,GGG,East Texas Regional,"Longview, TX",74,United States,US,Texas,TX,48.0,31905,"Longview, TX",74,32.0,N,23.0,12.0,32.38666667,94.0,W,42.0,55.0,-94.71527778,1/1/1950 12:00:00 AM,6/30/2011 12:00:00 AM,0,0
1190801,11908,GGW,Wokal Field/Glasgow International,"Glasgow, MT",84,United States,US,Montana,MT,30.0,31908,"Glasgow, MT",84,48.0,N,12.0,46.0,48.21277778,106.0,W,36.0,56.0,-106.61555556,1/1/1950 12:00:00 AM,6/30/2011 12:00:00 AM,0,0
1192101,11921,GJT,Walker Field,"Grand Junction, CO",82,United States,US,Colorado,CO,8.0,31921,"Grand Junction, CO",82,39.0,N,7.0,7.0,39.11861111,108.0,W,30.0,50.0,-108.51388889,1/1/1950 12:00:00 AM,6/30/2011 12:00:00 AM,0,0
1192401,11924,GKN,Gulkana Airport,"Gulkana, AK",1,United States,US,Alaska,AK,2.0,31924,"Gulkana, AK",1,62.0,N,9.0,19.0,62.15527778,145.0,W,27.0,8.0,-145.45222222,1/1/1950 12:00:00 AM,6/30/2011 12:00:00 AM,0,0
1192901,11929,GLD,Renner Field,"Goodland, KS",62,United States,US,Kansas,KS,20.0,31929,"Goodland, KS",62,39.0,N,22.0,13.0,39.37027778,101.0,W,41.0,58.0,-101.69944444,1/1/1950 12:00:00 AM,6/30/2011 12:00:00 AM,0,0
1193101,11931,GLH,Greenville Municipal,"Greenville, MS",53,United States,US,Mississippi,MS,28.0,31931,"Greenville, MS",53,33.0,N,29.0,4.0,33.48444444,90.0,W,59.0,6.0,-90.985,1/1/1950 12:00:00 AM,6/30/2011 12:00:00 AM,0,0
1193801,11938,GLR,Gaylord Regional,"Gaylord, MI",43,United States,US,Michigan,MI,26.0,31938,"Gaylord, MI",43,45.0,N,0.0,52.0,45.01444444,84.0,W,41.0,58.0,-84.69944444,1/1/1950 12:00:00 AM,6/30/2011 12:00:00 AM,0,0
1193901,11939,GLS,Scholes Field,"Galveston, TX",74,United States,US,Texas,TX,48.0,31939,"Galveston, TX",74,29.0,N,16.0,3.0,29.2675,94.0,W,51.0,37.0,-94.86027778,1/1/1950 12:00:00 AM,6/30/2011 12:00:00 AM,0,0
1194101,11941,GLV,Golovin Airport,"Golovin, AK",1,United States,US,Alaska,AK,2.0,31941,"Golovin, AK",1,64.0,N,32.0,39.0,64.54416667,163.0,W,2.0,15.0,-163.0375,1/1/1950 12:00:00 AM,6/30/2011 12:00:00 AM,0,0
1194201,11942,GLW,Glasgow Municipal,"Glasgow, KY",52,United States,US,Kentucky,KY,21.0,31942,"Glasgow, KY",52,37.0,N,1.0,54.0,37.03166667,85.0,W,57.0,13.0,-85.95361111,3/1/2003 12:00:00 AM,9/30/2022 12:00:00 AM,0,0
1194601,11946,GMT,Granite Mountain AFS,"Granite Mountain, AK",1,United States,US,Alaska,AK,2.0,30003,"Granite Mountain, AK",1,65.0,N,24.0,20.0,65.40555556,161.0,W,16.0,39.0,-161.2775,1/1/1950 12:00:00 AM,6/30/2011 12:00:00 AM,0,0
1194701,11947,GMU,Greenville Downtown,"Greenville, SC",37,United States,US,South Carolina,SC,45.0,31871,"Greenville/Spartanburg, SC",37,34.0,N,50.0,52.0,34.84777778,82.0,W,21.0,1.0,-82.35027778,12/1/1977 12:00:00 AM,6/30/2011 12:00:00 AM,0,0
1195201,11952,GNU,Goodnews,"Goodnews Bay, AK",1,United States,US,Alaska,AK,2.0,31952,"Goodnews Bay, AK",1,59.0,N,6.0,45.0,59.1125,161.0,W,34.0,50.0,-161.58055556,1/1/1950 12:00:00 AM,6/30/2011 12:00:00 AM,0,0
1195301,11953,GNV,Gainesville Regional,"Gainesville, FL",33,United States,US,Florida,FL,12.0,31953,"Gainesville, FL",33,29.0,N,41.0,23.0,29.68972222,82.0,W,16.0,33.0,-82.27583333,1/1/1950 12:00:00 AM,6/30/2011 12:00:00 AM,0,0
1195901,11959,GOL,Gold Beach Municipal,"Gold Beach, OR",92,United States,US,Oregon,OR,41.0,31959,"Gold Beach, OR",92,42.0,N,24.0,49.0,42.41361111,124.0,W,25.0,23.0,-124.42305556,9/1/1977 12:00:00 AM,6/30/2011 12:00:00 AM,0,0
1196101,11961,GON,Trumbull,"New London/Groton, CT",11,United States,US,Connecticut,CT,9.0,31961,"New London/Groton, CT",11,41.0,N,19.0,44.0,41.32888889,72.0,W,2.0,47.0,-72.04638889,1/1/1950 12:00:00 AM,6/30/2011 12:00:00 AM,0,0
1197101,11971,GPM,Grand Prairie Municipal,"Grand Prairie, TX",74,United States,US,Texas,TX,48.0,31971,"Grand Prairie, TX",74,32.0,N,41.0,54.0,32.69833333,97.0,W,2.0,48.0,-97.04666667,12/1/1979 12:00:00 AM,6/30/2011 12:00:00 AM,0,0
1197301,11973,GPT,Gulfport-Biloxi International,"Gulfport/Biloxi, MS",53,United States,US,Mississippi,MS,28.0,31973,"Gulfport/Biloxi, MS",53,30.0,N,24.0,22.0,30.40611111,89.0,W,4.0,13.0,-89.07027778,1/1/1950 12:00:00 AM,6/30/2011 12:00:00 AM,0,0
1197401,11974,GPZ,Grand Rapids/Itasca County-Gordon Newstrom Field,"Grand Rapids, MN",63,United States,US,Minnesota,MN,27.0,31974,"Grand Rapids, MN",63,47.0,N,12.0,52.0,47.21444444,93.0,W,30.0,40.0,-93.51111111,1/1/1950 12:00:00 AM,6/30/2011 12:00:00 AM,0,0
1197501,11975,GQQ,Horning,"Galion, OH",44,United States,US,Ohio,OH,39.0,31975,"Galion, OH",44,40.0,N,44.0,12.0,40.73666667,82.0,W,45.0,26.0,-82.75722222,1/1/1950 12:00:00 AM,6/30/2011 12:00:00 AM,0,0
1197701,11977,GRB,Austin Straubel International,"Green Bay, WI",45,United States,US,Wisconsin,WI,55.0,31977,"Green Bay, WI",45,44.0,N,29.0,17.0,44.48805556,88.0,W,7.0,50.0,-88.13055556,1/1/1950 12:00:00 AM,6/30/2011 12:00:00 AM,0,0
1197801,11978,GRD,Greenwood County,"Greenwood, SC",37,United States,US,South Carolina,SC,45.0,31978,"Greenwood, SC",37,34.0,N,15.0,5.0,34.25138889,82.0,W,9.0,30.0,-82.15833333,1/1/1950 12:00:00 AM,6/30/2011 12:00:00 AM,0,0
1197901,11979,GRF,Gray AAF,"Tacoma, WA",93,United States,US,Washington,WA,53.0,31979,"Tacoma, WA",93,47.0,N,5.0,0.0,47.08333333,122.0,W,34.0,45.0,-122.57916667,1/1/1950 12:00:00 AM,6/30/2011 12:00:00 AM,0,0
1198001,11980,GRI,Grand Island Air Park,"Grand Island, NE",65,United States,US,Nebraska,NE,31.0,31980,"Grand Island, NE",65,40.0,N,58.0,2.0,40.96722222,98.0,W,18.0,24.0,-98.30666667,1/1/1950 12:00:00 AM,6/30/2011 12:00:00 AM,0,0
1198201,11982,GRK,Robert Gray AAF,"Killeen, TX",74,United States,US,Texas,TX,48.0,31982,"Killeen, TX",74,31.0,N,3.0,53.0,31.06472222,97.0,W,49.0,39.0,-97.8275,1/1/1950 12:00:00 AM,6/30/2011 12:00:00 AM,0,0
1198601,11986,GRR,Kent County,"Grand Rapids, MI",43,United States,US,Michigan,MI,26.0,31986,"Grand Rapids, MI",43,42.0,N,52.0,52.0,42.88111111,85.0,W,31.0,27.0,-85.52416667,1/1/1950 12:00:00 AM,12/31/2002 12:00:00 AM,0,0
1199201,11992,GSB,Seymour Johnson AFB,"Goldsboro, NC",36,United States,US,North Carolina,NC,37.0,31992,"Goldsboro, NC",36,35.0,N,20.0,23.0,35.33972222,77.0,W,57.0,36.0,-77.96,1/1/1950 12:00:00 AM,6/30/2011 12:00:00 AM,0,0
1199401,11994,GSH,Goshen Municipal,"Goshen, IN",42,United States,US,Indiana,IN,18.0,31994,"Goshen, IN",42,41.0,N,31.0,38.0,41.52722222,85.0,W,47.0,32.0,-85.79222222,3/1/1990 12:00:00 AM,12/31/2005 12:00:00 AM,0,0
1199501,11995,GSO,Piedmont Triad International,"Greensboro/High Point, NC",36,United States,US,North Carolina,NC,37.0,31995,"Greensboro/High Point, NC",36,36.0,N,5.0,31.0,36.09194444,79.0,W,56.0,34.0,-79.94277778,1/1/1950 12:00:00 AM,6/30/2011 12:00:00 AM,0,0
1199601,11996,GSP,Greenville-Spartanburg,"Greer, SC",37,United States,US,South Carolina,SC,45.0,31871,"Greenville/Spartanburg, SC",37,34.0,N,53.0,56.0,34.89888889,82.0,W,12.0,50.0,-82.21388889,1/1/1950 12:00:00 AM,9/30/1995 12:00:00 AM,0,0
1199701,11997,GST,Gustavus Airport,"Gustavus, AK",1,United States,US,Alaska,AK,2.0,31997,"Gustavus, AK",1,58.0,N,25.0,39.0,58.4275,135.0,W,42.0,18.0,-135.705,1/1/1950 12:00:00 AM,6/30/2011 12:00:00 AM,0,0
1200301,12003,GTF,Great Falls International,"Great Falls, MT",84,United States,US,Montana,MT,30.0,31895,"Great Falls, MT",84,47.0,N,29.0,8.0,47.48555556,111.0,W,22.0,1.0,-111.36694444,1/1/1950 12:00:00 AM,6/30/2011 12:00:00 AM,0,0
1200701,12007,GTR,Golden Triangle Regional,"Columbus, MS",53,United States,US,Mississippi,MS,28.0,30894,"Columbus, MS",53,33.0,N,27.0,1.0,33.45027778,88.0,W,35.0,29.0,-88.59138889,1/1/1950 12:00:00 AM,9/30/2011 12:00:00 AM,0,0
1200801,12008,GTU,Georgetown Municipal,"Georgetown, TX",74,United States,US,Texas,TX,48.0,32008,"Georgetown, TX",74,30.0,N,40.0,44.0,30.67888889,97.0,W,40.0,46.0,-97.67944444,1/1/2010 12:00:00 AM,9/30/2022 12:00:00 AM,0,0
1201201,12012,GUC,Gunnison-Crested Butte Regional,"Gunnison, CO",82,United States,US,Colorado,CO,8.0,32012,"Gunnison, CO",82,38.0,N,32.0,2.0,38.53388889,106.0,W,56.0,20.0,-106.93888889,1/1/1950 12:00:00 AM,6/30/2011 12:00:00 AM,0,0
1201602,12016,GUM,Guam International,"Guam, TT",5,United States,US,U.S. Pacific Trust Territories and Possessions,TT,75.0,32016,"Guam, TT",5,13.0,N,29.0,2.0,13.48388889,144.0,E,47.0,50.0,144.79722222,1/1/1990 12:00:00 AM,,0,1
1201801,12018,GUP,Gallup Municipal,"Gallup, NM",86,United States,US,New Mexico,NM,35.0,32018,"Gallup, NM",86,35.0,N,30.0,40.0,35.51111111,108.0,W,47.0,12.0,-108.78666667,1/1/1950 12:00:00 AM,6/30/2011 12:00:00 AM,0,0
1202101,12021,GUS,Grissom ARB,"Peru, IN",42,United States,US,Indiana,IN,18.0,32021,"Peru, IN",42,40.0,N,38.0,53.0,40.64805556,86.0,W,9.0,8.0,-86.15222222,1/1/1950 12:00:00 AM,12/31/2005 12:00:00 AM,0,0
1202401,12024,GUY,Guymon Municipal,"Guymon, OK",73,United States,US,Oklahoma,OK,40.0,32024,"Guymon, OK",73,36.0,N,40.0,49.0,36.68027778,101.0,W,30.0,28.0,-101.50777778,1/1/1950 12:00:00 AM,6/30/2011 12:00:00 AM,0,0
1202701,12027,GVE,Gordonsville Municipal,"Gordonville, VA",38,United States,US,Virginia,VA,51.0,32027,"Gordonville, VA",38,38.0,N,9.0,22.0,38.15611111,78.0,W,9.0,55.0,-78.16527778,1/1/1950 12:00:00 AM,6/30/2011 12:00:00 AM,0,0
1202801,12028,GVL,Gainesville Municipal,"Gainesville, GA",34,United States,US,Georgia,GA,13.0,32028,"Gainesville, GA",34,34.0,N,16.0,23.0,34.27305556,83.0,W,49.0,45.0,-83.82916667,1/1/1950 12:00:00 AM,6/30/2011 12:00:00 AM,0,0
1202901,12029,GVQ,Genesee County,"Batavia, NY",22,United States,US,New York,NY,36.0,32029,"Batavia, NY",22,43.0,N,1.0,54.0,43.03166667,78.0,W,10.0,11.0,-78.16972222,7/1/2008 12:00:00 AM,,0,1
1203101,12031,GVT,Majors,"Greenville, TX",74,United States,US,Texas,TX,48.0,32031,"Greenville, TX",74,33.0,N,4.0,4.0,33.06777778,96.0,W,3.0,55.0,-96.06527778,1/1/1950 12:00:00 AM,,0,1
1203201,12032,GVW,Richards/Gebaur AFB,"Grandview, MO",64,United States,US,Missouri,MO,29.0,32032,"Grandview, MO",64,38.0,N,51.0,3.0,38.85083333,94.0,W,33.0,30.0,-94.55833333,1/1/1950 12:00:00 AM,,0,1
1203901,12039,GWO,Greenwood/Leflore,"Greenwood, MS",53,United States,US,Mississippi,MS,28.0,32039,"Greenwood, MS",53,33.0,N,29.0,42.0,33.495,90.0,W,5.0,20.0,-90.08888889,1/1/1950 12:00:00 AM,6/30/2011 12:00:00 AM,0,0
1204001,12040,GWI,Gwinner Municipal,"Gwinner, ND",66,United States,US,North Dakota,ND,38.0,32037,"Gwinner, ND",66,46.0,N,13.0,10.0,46.21944444,97.0,W,38.0,39.0,-97.64416667,1/1/1969 12:00:00 AM,12/31/1985 12:00:00 AM,0,0
1204002,12040,GWR,Gwinner-Roger Melroe Field,"Gwinner, ND",66,United States,US,North Dakota,ND,38.0,32037,"Gwinner, ND",66,46.0,N,13.0,7.0,46.21861111,97.0,W,38.0,36.0,-97.64333333,1/1/1986 12:00:00 AM,3/31/2014 12:00:00 AM,0,0
1204101,12041,GWS,Glenwood Springs Municipal,"Glenwood Springs, CO",82,United States,US,Colorado,CO,8.0,32041,"Glenwood Springs, CO",82,39.0,N,30.0,30.0,39.50833333,107.0,W,18.0,41.0,-107.31138889,12/1/1991 12:00:00 AM,6/30/2011 12:00:00 AM,0,0
1205401,12054,GYR,Phoenix Goodyear,"Goodyear, AZ",81,United States,US,Arizona,AZ,4.0,30466,"Phoenix, AZ",81,33.0,N,25.0,25.0,33.42361111,112.0,W,22.0,27.0,-112.37416667,12/1/1987 12:00:00 AM,6/30/2011 12:00:00 AM,0,0
1205501,12055,GYY,Gary/Chicago International,"Gary, IN",42,United States,US,Indiana,IN,18.0,30977,"Chicago, IL",41,41.0,N,37.0,5.0,41.61805556,87.0,W,24.0,56.0,-87.41555556,1/1/1950 12:00:00 AM,6/30/2011 12:00:00 AM,0,0
1205801,12058,HAB,Marion County,"Hamilton, AL",51,United States,US,Alabama,AL,1.0,32058,"Hamilton, AL",51,34.0,N,7.0,45.0,34.12916667,87.0,W,59.0,40.0,-87.99444444,3/1/1979 12:00:00 AM,,0,1
1206101,12061,HAE,Havasupai Airport,"Havasupai, AZ",81,United States,US,Arizona,AZ,4.0,32061,"Havasupai, AZ",81,36.0,N,13.0,0.0,36.21666667,112.0,W,40.0,0.0,-112.66666667,6/1/1983 12:00:00 AM,,0,1
1206201,12062,HAF,Half Moon Bay Airport,"Half Moon Bay, CA",91,United States,US,California,CA,6.0,32062,"Half Moon Bay, CA",91,37.0,N,30.0,15.0,37.50416667,122.0,W,30.0,0.0,-122.5,1/1/1950 12:00:00 AM,6/30/2011 12:00:00 AM,0,0
1206801,12068,HAO,Hamilton/Fairfield,"Hamilton, OH",44,United States,US,Ohio,OH,39.0,32068,"Hamilton, OH",44,39.0,N,21.0,52.0,39.36444444,84.0,W,31.0,29.0,-84.52472222,6/1/1999 12:00:00 AM,6/30/2011 12:00:00 AM,0,0
1207001,12070,HAR,Capital City,"Harrisburg, PA",23,United States,US,Pennsylvania,PA,42.0,32070,"Harrisburg, PA",23,40.0,N,12.0,58.0,40.21611111,76.0,W,51.0,8.0,-76.85222222,1/1/1950 12:00:00 AM,6/30/2011 12:00:00 AM,0,0
1207601,12076,HBC,Hanus Bay Airport,"Hanus Bay, AK",1,United States,US,Alaska,AK,2.0,32076,"Hanus Bay, AK",1,57.0,N,25.0,0.0,57.41666667,135.0,W,2.0,0.0,-135.03333333,10/1/1974 12:00:00 AM,,0,1
1207801,12078,HBG,Hattiesburg Municipal,"Hattiesburg, MS",53,United States,US,Mississippi,MS,28.0,34109,"Hattiesburg/Laurel, MS",53,31.0,N,16.0,1.0,31.26694444,89.0,W,15.0,18.0,-89.255,1/1/1950 12:00:00 AM,6/30/2011 12:00:00 AM,0,0
1207901,12079,HBH,Hobart Bay Airport,"Hobart Bay, AK",1,United States,US,Alaska,AK,2.0,32079,"Hobart Bay, AK",1,57.0,N,24.0,0.0,57.4,133.0,W,28.0,0.0,-133.46666667,9/1/1984 12:00:00 AM,,0,1
1208301,12083,HBV,Jim Hogg County,"Hebbronville, TX",74,United States,US,Texas,TX,48.0,32083,"Hebbronville, TX",74,27.0,N,20.0,58.0,27.34944444,98.0,W,44.0,13.0,-98.73694444,1/1/2010 12:00:00 AM,,0,1
1208401,12084,HBY,Hood Bay Airport,"Hood Bay, AK",1,United States,US,Alaska,AK,2.0,32084,"Hood Bay, AK",1,57.0,N,22.0,55.0,57.38194444,134.0,W,23.0,43.0,-134.39527778,1/1/1950 12:00:00 AM,,0,1
1208501,12085,HCA,Howard County,"Big Spring, TX",74,United States,US,Texas,TX,48.0,30582,"Big Spring, TX",74,32.0,N,18.0,13.0,32.30361111,101.0,W,26.0,2.0,-101.43388889,6/1/1980 12:00:00 AM,,0,1
1208601,12086,HCB,Shoal Cove Airport,"Shoal Cove, AK",1,United States,US,Alaska,AK,2.0,32086,"Shoal Cove, AK",1,55.0,N,27.0,0.0,55.45,131.0,W,17.0,0.0,-131.28333333,1/1/1995 12:00:00 AM,,0,1
1208701,12087,HCR,Holy Cross Airport,"Holy Cross, AK",1,United States,US,Alaska,AK,2.0,32087,"Holy Cross, AK",1,62.0,N,11.0,20.0,62.18888889,159.0,W,46.0,18.0,-159.77166667,1/1/1950 12:00:00 AM,6/30/2011 12:00:00 AM,0,0
1208801,12088,HDA,Hidden Falls Airport,"Hidden Falls, AK",1,United States,US,Alaska,AK,2.0,32088,"Hidden Falls, AK",1,57.0,N,13.0,0.0,57.21666667,134.0,W,53.0,0.0,-134.88333333,9/1/1987 12:00:00 AM,,0,1
1209201,12092,HDH,Dillingham AFB,"Mokuleia, HI",2,United States,US,Hawaii,HI,15.0,32092,"Mokuleia, HI",2,21.0,N,34.0,57.0,21.5825,158.0,W,12.0,1.0,-158.20027778,1/1/1950 12:00:00 AM,6/30/2011 12:00:00 AM,0,0
1209401,12094,HDN,Yampa Valley,"Hayden, CO",82,United States,US,Colorado,CO,8.0,34699,"Steamboat Springs, CO",82,40.0,N,28.0,54.0,40.48166667,107.0,W,13.0,12.0,-107.22,1/1/1950 12:00:00 AM,6/30/2011 12:00:00 AM,0,0
1209801,12098,HED,Herendeen Bay,"Herendeen, AK",1,United States,US,Alaska,AK,2.0,32098,"Herendeen, AK",1,55.0,N,48.0,8.0,55.80222222,160.0,W,53.0,50.0,-160.89722222,3/1/1990 12:00:00 AM,6/30/2011 12:00:00 AM,0,0
1210301,12103,HES,Hermiston Municipal,"Hermiston, OR",92,United States,US,Oregon,OR,41.0,32103,"Hermiston, OR",92,45.0,N,49.0,33.0,45.82583333,119.0,W,15.0,30.0,-119.25833333,9/1/1977 12:00:00 AM,6/30/2011 12:00:00 AM,0,0
1210601,12106,HEZ,Hardy-Anders Field Natchez-Adams County,"Natchez, MS",53,United States,US,Mississippi,MS,28.0,32106,"Natchez, MS",53,31.0,N,36.0,53.0,31.61472222,91.0,W,17.0,47.0,-91.29638889,1/1/1950 12:00:00 AM,6/30/2011 12:00:00 AM,0,0
1210801,12108,HFD,Hartford Brainard,"Hartford, CT",11,United States,US,Connecticut,CT,9.0,30529,"Hartford, CT",11,41.0,N,44.0,0.0,41.73333333,72.0,W,39.0,0.0,-72.65,1/1/1950 12:00:00 AM,6/30/2011 12:00:00 AM,0,0
1211001,12110,HFF,Mackall AAF,"Hoffman, NC",36,United States,US,North Carolina,NC,37.0,32110,"Hoffman, NC",36,35.0,N,2.0,11.0,35.03638889,79.0,W,29.0,52.0,-79.49777778,12/1/1987 12:00:00 AM,6/30/2011 12:00:00 AM,0,0
1211901,12119,HGR,Hagerstown Regional-Richard A. Henson Field,"Hagerstown, MD",35,United States,US,Maryland,MD,24.0,32119,"Hagerstown, MD",35,39.0,N,42.0,28.0,39.70777778,77.0,W,43.0,48.0,-77.73,1/1/1950 12:00:00 AM,6/30/2011 12:00:00 AM,0,0
1212201,12122,HGZ,Hogatza Airport,"Hogatza, AK",1,United States,US,Alaska,AK,2.0,32122,"Hogatza, AK",1,66.0,N,11.0,30.0,66.19166667,155.0,W,40.0,8.0,-155.66888889,4/1/1995 12:00:00 AM,,0,1
1212401,12124,HHH,Hilton Head Airport,"Hilton Head, SC",37,United States,US,South Carolina,SC,45.0,32124,"Hilton Head, SC",37,32.0,N,13.0,0.0,32.21666667,80.0,W,41.0,0.0,-80.68333333,1/1/1950 12:00:00 AM,6/30/2011 12:00:00 AM,0,0
1212701,12127,HHR,Jack Northrop Field/Hawthorne Municipal,"Hawthorne, CA",91,United States,US,California,CA,6.0,32575,"Los Angeles, CA (Metropolitan Area)",91,33.0,N,55.0,22.0,33.92277778,118.0,W,20.0,7.0,-118.33527778,12/1/1979 12:00:00 AM,9/30/2018 12:00:00 AM,0,0
1212801,12128,HIA,Hiawatha Municipal,"Hiawatha, KS",62,United States,US,Kansas,KS,20.0,32128,"Hiawatha, KS",62,39.0,N,52.0,41.0,39.87805556,95.0,W,31.0,21.0,-95.5225,1/1/1950 12:00:00 AM,12/31/1969 12:00:00 AM,0,0
1212802,12128,KS3,Hiawatha Municipal,"Hiawatha, KS",62,United States,US,Kansas,KS,20.0,32128,"Hiawatha, KS",62,39.0,N,52.0,41.0,39.87805556,95.0,W,31.0,21.0,-95.5225,1/1/1970 12:00:00 AM,6/30/2011 12:00:00 AM,0,0
1212901,12129,HIB,Chisholm/Hibbing,"Hibbing, MN",63,United States,US,Minnesota,MN,27.0,32129,"Hibbing, MN",63,47.0,N,23.0,19.0,47.38861111,92.0,W,50.0,19.0,-92.83861111,3/1/1980 12:00:00 AM,12/31/2009 12:00:00 AM,0,0
1213001,12130,HIE,Whitefield Regional,"Whitefield, NH",14,United States,US,New Hampshire,NH,33.0,32130,"Whitefield, NH",14,44.0,N,21.0,57.0,44.36583333,71.0,W,32.0,55.0,-71.54861111,1/1/1950 12:00:00 AM,6/30/2011 12:00:00 AM,0,0
1213101,12131,HIF,Hill AFB,"Ogden, UT",87,United States,US,Utah,UT,49.0,32131,"Ogden, UT",87,41.0,N,7.0,25.0,41.12361111,111.0,W,58.0,19.0,-111.97194444,1/1/1950 12:00:00 AM,6/30/2011 12:00:00 AM,0,0
1213201,12132,HII,Lake Havasu City Municipal,"Lake Havasu City, AZ",81,United States,US,Arizona,AZ,4.0,32132,"Lake Havasu City, AZ",81,34.0,N,34.0,6.0,34.56833333,114.0,W,21.0,19.0,-114.35527778,9/1/1991 12:00:00 AM,6/30/2011 12:00:00 AM,0,0
1213401,12134,HIK,Hickam AFB,"Honolulu, HI",2,United States,US,Hawaii,HI,15.0,32134,"Honolulu, HI",2,21.0,N,19.0,7.0,21.31861111,157.0,W,55.0,21.0,-157.9225,1/1/1950 12:00:00 AM,12/31/2009 12:00:00 AM,0,0
1213601,12136,HIO,Portland Hillsboro,"Hillsboro, OR",92,United States,US,Oregon,OR,41.0,32136,"Hillsboro, OR",92,45.0,N,32.0,26.0,45.54055556,122.0,W,56.0,55.0,-122.94861111,3/1/1979 12:00:00 AM,6/30/2011 12:00:00 AM,0,0
1214001,12140,HKA,Blytheville Municipal,"Blytheville, AR",71,United States,US,Arkansas,AR,5.0,30838,"Blytheville, AR",71,35.0,N,56.0,26.0,35.94055556,89.0,W,49.0,51.0,-89.83083333,1/1/1950 12:00:00 AM,,0,1
1214101,12141,HKB,Healy River,"Healy, AK",1,United States,US,Alaska,AK,2.0,32141,"Healy, AK",1,63.0,N,52.0,3.0,63.8675,148.0,W,58.0,8.0,-148.96888889,12/1/1989 12:00:00 AM,,0,1
1214701,12147,HKS,Hawkins Field,"Jackson, MS",53,United States,US,Mississippi,MS,28.0,32448,"Jackson/Vicksburg, MS",53,32.0,N,20.0,1.0,32.33361111,90.0,W,13.0,20.0,-90.22222222,1/1/1950 12:00:00 AM,6/30/2011 12:00:00 AM,0,0
1214901,12149,HKY,Hickory Regional,"Hickory, NC",36,United States,US,North Carolina,NC,37.0,32149,"Hickory, NC",36,35.0,N,44.0,26.0,35.74055556,81.0,W,23.0,24.0,-81.39,1/1/1950 12:00:00 AM,6/30/2011 12:00:00 AM,0,0
1215301,12153,HLG,Wheeling Ohio County,"Wheeling, WV",39,United States,US,West Virginia,WV,54.0,32153,"Wheeling, WV",39,40.0,N,10.0,28.0,40.17444444,80.0,W,38.0,54.0,-80.64833333,1/1/1950 12:00:00 AM,6/30/2011 12:00:00 AM,0,0
1215401,12154,HLI,Hollister Municipal,"Hollister, CA",91,United States,US,California,CA,6.0,32154,"Hollister, CA",91,36.0,N,53.0,25.0,36.89027778,121.0,W,24.0,22.0,-121.40611111,3/1/1991 12:00:00 AM,6/30/2011 12:00:00 AM,0,0
1215601,12156,HLN,Helena Regional,"Helena, MT",84,United States,US,Montana,MT,30.0,32156,"Helena, MT",84,46.0,N,36.0,24.0,46.60666667,111.0,W,58.0,55.0,-111.98194444,1/1/1950 12:00:00 AM,6/30/2011 12:00:00 AM,0,0
1216301,12163,HMN,Holloman AFB,"Alamogordo, NM",86,United States,US,New Mexico,NM,35.0,30266,"Alamogordo, NM",86,32.0,N,51.0,5.0,32.85138889,106.0,W,6.0,6.0,-106.10166667,1/1/1950 12:00:00 AM,6/30/2011 12:00:00 AM,0,0
1216501,12165,HMS,Homeshore Airport,"Homeshore, AK",1,United States,US,Alaska,AK,2.0,32165,"Homeshore, AK",1,58.0,N,17.0,40.0,58.29444444,135.0,W,20.0,50.0,-135.34722222,3/1/1991 12:00:00 AM,,0,1
1216601,12166,HMT,Hemet-Ryan,"Hemet, CA",91,United States,US,California,CA,6.0,32166,"Hemet, CA",91,33.0,N,44.0,6.0,33.735,117.0,W,1.0,14.0,-117.02055556,9/1/1976 12:00:00 AM,6/30/2011 12:00:00 AM,0,0
1216801,12168,HNC,Billy Mitchell,"Hatteras, NC",36,United States,US,North Carolina,NC,37.0,32168,"Hatteras, NC",36,35.0,N,13.0,52.0,35.23111111,75.0,W,37.0,17.0,-75.62138889,10/1/1974 12:00:00 AM,6/30/2011 12:00:00 AM,0,0
1217101,12171,HNH,Hoonah Airport,"Hoonah, AK",1,United States,US,Alaska,AK,2.0,32171,"Hoonah, AK",1,58.0,N,5.0,53.0,58.09805556,135.0,W,24.0,12.0,-135.40333333,1/1/1950 12:00:00 AM,6/30/2011 12:00:00 AM,0,0
1217301,12173,HNL,Honolulu International,"Honolulu, HI",2,United States,US,Hawaii,HI,15.0,32134,"Honolulu, HI",2,21.0,N,19.0,7.0,21.31861111,157.0,W,55.0,21.0,-157.9225,1/1/1950 12:00:00 AM,3/31/2014 12:00:00 AM,0,0
1217401,12174,HNM,Hana Airport,"Hana, HI",2,United States,US,Hawaii,HI,15.0,32174,"Hana, HI",2,20.0,N,47.0,45.0,20.79583333,156.0,W,1.0,8.0,-156.01888889,1/1/1950 12:00:00 AM,6/30/2011 12:00:00 AM,0,0
1217501,12175,HNS,Haines Municipal,"Haines, AK",1,United States,US,Alaska,AK,2.0,31402,"Haines, AK",1,59.0,N,14.0,45.0,59.24583333,135.0,W,31.0,8.0,-135.51888889,1/1/1950 12:00:00 AM,8/31/2000 12:00:00 AM,0,0
1217701,12177,HOB,Lea County Hobbs,"Hobbs, NM",86,United States,US,New Mexico,NM,35.0,32177,"Hobbs, NM",86,32.0,N,41.0,19.0,32.68861111,103.0,W,13.0,1.0,-103.21694444,1/1/1950 12:00:00 AM,6/30/2011 12:00:00 AM,0,0
1218301,12183,HOL,Holikachuk Airport,"Holikachuk, AK",1,United States,US,Alaska,AK,2.0,32183,"Holikachuk, AK",1,62.0,N,54.0,38.0,62.91055556,159.0,W,31.0,40.0,-159.52777778,1/1/1950 12:00:00 AM,,0,1
1218401,12184,HOM,Homer Airport,"Homer, AK",1,United States,US,Alaska,AK,2.0,30009,"Homer, AK",1,59.0,N,38.0,43.0,59.64527778,151.0,W,28.0,35.0,-151.47638889,1/1/1950 12:00:00 AM,6/30/2011 12:00:00 AM,0,0
1218501,12185,HON,W W Howes Municipal,"Huron, SD",67,United States,US,South Dakota,SD,46.0,32185,"Huron, SD",67,44.0,N,23.0,1.0,44.38361111,98.0,W,13.0,35.0,-98.22638889,1/1/1950 12:00:00 AM,6/30/2011 12:00:00 AM,0,0
1218701,12187,HOP,Campbell AAF,"Hopkinsville, KY",52,United States,US,Kentucky,KY,21.0,32187,"Hopkinsville, KY",52,36.0,N,40.0,22.0,36.67277778,87.0,W,29.0,30.0,-87.49166667,1/1/1950 12:00:00 AM,6/30/2011 12:00:00 AM,0,0
1219001,12190,HOT,Memorial Field,"Hot Springs, AR",71,United States,US,Arkansas,AR,5.0,32190,"Hot Springs, AR",71,34.0,N,28.0,44.0,34.47888889,93.0,W,5.0,46.0,-93.09611111,1/1/1950 12:00:00 AM,6/30/2011 12:00:00 AM,0,0
1219101,12191,HOU,William P Hobby,"Houston, TX",74,United States,US,Texas,TX,48.0,31453,"Houston, TX",74,29.0,N,38.0,42.0,29.645,95.0,W,16.0,43.0,-95.27861111,1/1/1950 12:00:00 AM,6/30/2011 12:00:00 AM,0,0
1219501,12195,HPB,Hooper Bay Airport,"Hooper Bay, AK",1,United States,US,Alaska,AK,2.0,32195,"Hooper Bay, AK",1,61.0,N,31.0,30.0,61.525,166.0,W,8.0,43.0,-166.14527778,1/1/1950 12:00:00 AM,6/30/2011 12:00:00 AM,0,0
1219701,12197,HPN,Westchester County,"White Plains, NY",22,United States,US,New York,NY,36.0,31703,"New York City, NY (Metropolitan Area)",22,41.0,N,4.0,8.0,41.06888889,73.0,W,42.0,28.0,-73.70777778,1/1/1950 12:00:00 AM,6/30/2011 12:00:00 AM,0,0
1219801,12198,HPT,Hampton Municipal,"Hampton, IA",61,United States,US,Iowa,IA,19.0,32198,"Hampton, IA",61,42.0,N,43.0,35.0,42.72638889,93.0,W,13.0,35.0,-93.22638889,3/1/1987 12:00:00 AM,6/30/2011 12:00:00 AM,0,0
1219901,12199,HPV,Princeville,"Hanalei, HI",2,United States,US,Hawaii,HI,15.0,32172,"Hanalei, HI",2,22.0,N,12.0,45.0,22.2125,159.0,W,26.0,48.0,-159.44666667,9/1/1976 12:00:00 AM,6/30/2011 12:00:00 AM,0,0
1220001,12200,HQM,Bowerman,"Hoquiam, WA",93,United States,US,Washington,WA,53.0,32200,"Hoquiam, WA",93,46.0,N,58.0,16.0,46.97111111,123.0,W,56.0,12.0,-123.93666667,1/1/1950 12:00:00 AM,6/30/2025 12:00:00 AM,0,0
1220601,12206,HRL,Valley International,"Harlingen/San Benito, TX",74,United States,US,Texas,TX,48.0,32206,"Harlingen/San Benito, TX",74,26.0,N,13.0,41.0,26.22805556,97.0,W,39.0,8.0,-97.65222222,1/1/1950 12:00:00 AM,6/30/2011 12:00:00 AM,0,0
1220701,12207,HRO,Boone County,"Harrison, AR",71,United States,US,Arkansas,AR,5.0,32207,"Harrison, AR",71,36.0,N,15.0,42.0,36.26166667,93.0,W,9.0,20.0,-93.15555556,1/1/1950 12:00:00 AM,6/30/2011 12:00:00 AM,0,0
1221101,12211,HSH,Henderson Sky Harbor,"Las Vegas, NV",85,United States,US,Nevada,NV,32.0,32211,"Las Vegas, NV",85,35.0,N,58.0,22.0,35.97277778,115.0,W,8.0,4.0,-115.13444444,1/1/1970 12:00:00 AM,6/30/1996 12:00:00 AM,0,0
1221201,12212,HSI,Hastings Municipal,"Hastings, NE",65,United States,US,Nebraska,NE,31.0,32212,"Hastings, NE",65,40.0,N,36.0,20.0,40.60555556,98.0,W,25.0,37.0,-98.42694444,1/1/1950 12:00:00 AM,6/30/2011 12:00:00 AM,0,0
1221401,12214,HSL,Huslia Airport,"Huslia, AK",1,United States,US,Alaska,AK,2.0,32214,"Huslia, AK",1,65.0,N,42.0,9.0,65.7025,156.0,W,22.0,30.0,-156.375,1/1/1950 12:00:00 AM,6/30/2011 12:00:00 AM,0,0
1221501,12215,HSP,Ingalls Field,"Hot Springs, VA",38,United States,US,Virginia,VA,51.0,32215,"Hot Springs, VA",38,37.0,N,57.0,2.0,37.95055556,79.0,W,50.0,2.0,-79.83388889,1/1/1950 12:00:00 AM,6/30/2011 12:00:00 AM,0,0
1221601,12216,HST,Homestead AFB,"Homestead, FL",33,United States,US,Florida,FL,12.0,32216,"Homestead, FL",33,25.0,N,29.0,17.0,25.48805556,80.0,W,23.0,3.0,-80.38416667,1/1/1950 12:00:00 AM,3/31/1994 12:00:00 AM,0,0
1221701,12217,HSV,Huntsville International-Carl T Jones Field,"Huntsville, AL",51,United States,US,Alabama,AL,1.0,30255,"Huntsville, AL",51,34.0,N,38.0,34.0,34.64277778,86.0,W,46.0,32.0,-86.77555556,1/1/1950 12:00:00 AM,6/30/2011 12:00:00 AM,0,0
1222001,12220,HTH,Hawthorne Municipal,"Hawthorne, NV",85,United States,US,Nevada,NV,32.0,32220,"Hawthorne, NV",85,38.0,N,32.0,43.0,38.54527778,118.0,W,37.0,56.0,-118.63222222,3/1/1978 12:00:00 AM,6/30/2011 12:00:00 AM,0,0
1222201,12222,HTO,East Hampton Airport,"East Hampton, NY",22,United States,US,New York,NY,36.0,32222,"East Hampton, NY",22,40.0,N,57.0,34.0,40.95944444,72.0,W,15.0,6.0,-72.25166667,1/1/1950 12:00:00 AM,8/31/1978 12:00:00 AM,0,0
1222301,12223,HTS,Tri-State/Milton J. Ferguson Field,"Ashland, WV",39,United States,US,West Virginia,WV,54.0,32223,"Ashland, WV",39,38.0,N,22.0,1.0,38.36694444,82.0,W,33.0,22.0,-82.55611111,1/1/1950 12:00:00 AM,6/30/2011 12:00:00 AM,0,0
1222501,12225,HUA,Redstone AAF,"Huntsville, AL",51,United States,US,Alabama,AL,1.0,30255,"Huntsville, AL",51,34.0,N,40.0,43.0,34.67861111,86.0,W,41.0,5.0,-86.68472222,1/1/1950 12:00:00 AM,,0,1
1222602,12226,HUC,Humacao Airport,"Humacao, PR",3,United States,US,Puerto Rico,PR,72.0,32226,"Humacao, PR",3,18.0,N,8.0,24.0,18.14,65.0,W,48.0,4.0,-65.80111111,1/1/1990 12:00:00 AM,6/30/2011 12:00:00 AM,0,0
1222801,12228,HUF,Hulman Field,"Terre Haute, IN",42,United States,US,Indiana,IN,18.0,32228,"Terre Haute, IN",42,39.0,N,27.0,16.0,39.45444444,87.0,W,18.0,27.0,-87.3075,1/1/1950 12:00:00 AM,12/31/2005 12:00:00 AM,0,0
1223201,12232,HUL,Houlton International,"Houlton, ME",12,United States,US,Maine,ME,23.0,32232,"Houlton, ME",12,46.0,N,7.0,23.0,46.12305556,67.0,W,47.0,36.0,-67.79333333,1/1/1950 12:00:00 AM,6/30/2011 12:00:00 AM,0,0
1223301,12233,HUM,Houma Terrebonne,"Houma, LA",72,United States,US,Louisiana,LA,22.0,32233,"Houma, LA",72,29.0,N,34.0,1.0,29.56694444,90.0,W,39.0,39.0,-90.66083333,1/1/1950 12:00:00 AM,6/30/2011 12:00:00 AM,0,0
1223501,12235,HUS,Hughes Airport,"Hughes, AK",1,United States,US,Alaska,AK,2.0,32235,"Hughes, AK",1,66.0,N,2.0,26.0,66.04055556,154.0,W,15.0,48.0,-154.26333333,1/1/1950 12:00:00 AM,6/30/2011 12:00:00 AM,0,0
1223601,12236,HUT,Hutchinson Municipal,"Hutchinson, KS",62,United States,US,Kansas,KS,20.0,32236,"Hutchinson, KS",62,38.0,N,4.0,5.0,38.06805556,97.0,W,51.0,40.0,-97.86111111,1/1/1950 12:00:00 AM,6/30/2011 12:00:00 AM,0,0
1224301,12243,HVC,Hopkinsville-Christian County,"Hopkinsville, KY",52,United States,US,Kentucky,KY,21.0,32187,"Hopkinsville, KY",52,36.0,N,51.0,25.0,36.85694444,87.0,W,27.0,18.0,-87.455,1/1/2010 12:00:00 AM,,0,1
1224401,12244,HVN,Tweed New Haven,"New Haven, CT",11,United States,US,Connecticut,CT,9.0,32244,"New Haven, CT",11,41.0,N,15.0,55.0,41.26527778,72.0,W,53.0,18.0,-72.88833333,1/1/1950 12:00:00 AM,6/30/2011 12:00:00 AM,0,0
1224501,12245,HVR,Havre City-County,"Havre, MT",84,United States,US,Montana,MT,30.0,32245,"Havre, MT",84,48.0,N,32.0,40.0,48.54444444,109.0,W,45.0,40.0,-109.76111111,1/1/1950 12:00:00 AM,6/30/2011 12:00:00 AM,0,0
1224601,12246,HVS,Hartsville Regional,"Hartsville, SC",37,United States,US,South Carolina,SC,45.0,32246,"Hartsville, SC",37,34.0,N,24.0,19.0,34.40527778,80.0,W,7.0,5.0,-80.11805556,3/1/1986 12:00:00 AM,6/30/2011 12:00:00 AM,0,0
1224701,12247,HWD,Hayward Air Terminal,"Hayward, CA",91,United States,US,California,CA,6.0,32247,"Hayward, CA",91,37.0,N,39.0,33.0,37.65916667,122.0,W,7.0,21.0,-122.1225,3/1/1975 12:00:00 AM,6/30/2011 12:00:00 AM,0,0
1224801,12248,HWI,Hawk Inlet Airport,"Hawk Inlet, AK",1,United States,US,Alaska,AK,2.0,32248,"Hawk Inlet, AK",1,58.0,N,8.0,0.0,58.13333333,134.0,W,45.0,0.0,-134.75,1/1/1950 12:00:00 AM,,0,1
1225001,12250,HYA,Barnstable Municipal-Boardman/Polando Field,"Hyannis, MA",13,United States,US,Massachusetts,MA,25.0,32250,"Hyannis, MA",13,41.0,N,39.0,57.0,41.66583333,70.0,W,16.0,50.0,-70.28055556,1/1/1950 12:00:00 AM,6/30/2011 12:00:00 AM,0,0
1225201,12252,HYG,Hydaburg Seaplane Base,"Hydaburg, AK",1,United States,US,Alaska,AK,2.0,32252,"Hydaburg, AK",1,55.0,N,12.0,24.0,55.20666667,132.0,W,49.0,36.0,-132.82666667,1/1/1950 12:00:00 AM,,0,1
1225301,12253,HYL,Hollis Seaplane Base,"Hollis, AK",1,United States,US,Alaska,AK,2.0,32253,"Hollis, AK",1,55.0,N,28.0,55.0,55.48194444,132.0,W,38.0,40.0,-132.64444444,1/1/1950 12:00:00 AM,,0,1
1225401,12254,HYR,Hayward Municipal,"Hayward, WI",45,United States,US,Wisconsin,WI,55.0,32254,"Hayward, WI",45,46.0,N,1.0,28.0,46.02444444,91.0,W,26.0,40.0,-91.44444444,1/1/1950 12:00:00 AM,6/30/2011 12:00:00 AM,0,0
1225501,12255,HYS,Hays Municipal,"Hays, KS",62,United States,US,Kansas,KS,20.0,32255,"Hays, KS",62,38.0,N,50.0,46.0,38.84611111,99.0,W,16.0,27.0,-99.27416667,1/1/1950 12:00:00 AM,6/30/2011 12:00:00 AM,0,0
1225901,12259,HZL,Hazleton Municipal,"Hazleton, PA",23,United States,US,Pennsylvania,PA,42.0,32259,"Hazleton, PA",23,40.0,N,59.0,11.0,40.98638889,75.0,W,59.0,28.0,-75.99111111,1/1/1950 12:00:00 AM,6/30/2011 12:00:00 AM,0,0
1226001,12260,IA1,Shenandoah Municipal,"Shenandoah, IA",61,United States,US,Iowa,IA,19.0,32260,"Shenandoah, IA",61,40.0,N,45.0,6.0,40.75166667,95.0,W,24.0,49.0,-95.41361111,4/1/1980 12:00:00 AM,,0,1
1226101,12261,IA2,Webster City Municipal,"Webster City, IA",61,United States,US,Iowa,IA,19.0,32261,"Webster City, IA",61,42.0,N,26.0,12.0,42.43666667,93.0,W,52.0,8.0,-93.86888889,6/1/2005 12:00:00 AM,6/30/2011 12:00:00 AM,0,0
1226201,12262,IA3,Red Oak Municipal,"Red Oak, IA",61,United States,US,Iowa,IA,19.0,32262,"Red Oak, IA",61,41.0,N,0.0,38.0,41.01055556,95.0,W,15.0,36.0,-95.26,4/1/2008 12:00:00 AM,6/30/2011 12:00:00 AM,0,0
1226301,12263,IAB,McConnell AFB,"Wichita, KS",62,United States,US,Kansas,KS,20.0,30928,"Wichita, KS",62,37.0,N,37.0,23.0,37.62305556,97.0,W,16.0,2.0,-97.26722222,1/1/1950 12:00:00 AM,6/30/2012 12:00:00 AM,0,0
1226401,12264,IAD,Washington Dulles International,"Washington, DC",38,United States,US,Virginia,VA,51.0,30852,"Washington, DC (Metropolitan Area)",32,38.0,N,56.0,30.0,38.94166667,77.0,W,27.0,27.0,-77.4575,1/1/1950 12:00:00 AM,6/30/2011 12:00:00 AM,0,0
1226501,12265,IAG,Niagara Falls International,"Niagara Falls, NY",22,United States,US,New York,NY,36.0,32265,"Niagara Falls, NY",22,43.0,N,6.0,26.0,43.10722222,78.0,W,56.0,44.0,-78.94555556,1/1/1950 12:00:00 AM,6/30/2011 12:00:00 AM,0,0
1226601,12266,IAH,Houston Intercontinental,"Houston, TX",74,United States,US,Texas,TX,48.0,31453,"Houston, TX",74,29.0,N,59.0,0.0,29.98333333,95.0,W,20.0,24.0,-95.34,1/1/1950 12:00:00 AM,6/30/1997 12:00:00 AM,0,0
1226801,12268,IAN,Bob Baker Memorial,"Kiana, AK",1,United States,US,Alaska,AK,2.0,32268,"Kiana, AK",1,66.0,N,58.0,32.0,66.97555556,160.0,W,25.0,50.0,-160.43055556,1/1/1950 12:00:00 AM,6/30/2011 12:00:00 AM,0,0
1227801,12278,ICT,Wichita Mid-Continent,"Wichita, KS",62,United States,US,Kansas,KS,20.0,30928,"Wichita, KS",62,37.0,N,39.0,0.0,37.65,97.0,W,25.0,58.0,-97.43277778,1/1/1950 12:00:00 AM,6/30/2011 12:00:00 AM,0,0
1227901,12279,ICY,Icy Bay Airport,"Icy Bay, AK",1,United States,US,Alaska,AK,2.0,32279,"Icy Bay, AK",1,59.0,N,57.0,57.0,59.96583333,141.0,W,39.0,30.0,-141.65833333,1/1/1950 12:00:00 AM,6/30/2011 12:00:00 AM,0,0
1228001,12280,IDA,Fanning Field,"Idaho Falls, ID",83,United States,US,Idaho,ID,16.0,32280,"Idaho Falls, ID",83,43.0,N,30.0,58.0,43.51611111,112.0,W,3.0,53.0,-112.06472222,1/1/1950 12:00:00 AM,6/30/2011 12:00:00 AM,0,0
1228101,12281,IDI,Indiana County/Jimmy Stewart Field,"Indiana, PA",23,United States,US,Pennsylvania,PA,42.0,32281,"Indiana, PA",23,40.0,N,37.0,54.0,40.63166667,79.0,W,6.0,10.0,-79.10277778,1/1/1950 12:00:00 AM,6/30/2011 12:00:00 AM,0,0
1228301,12283,IDP,Independence Municipal,"Independence, KS",62,United States,US,Kansas,KS,20.0,32283,"Independence, KS",62,37.0,N,9.0,30.0,37.15833333,95.0,W,46.0,42.0,-95.77833333,12/1/2000 12:00:00 AM,9/30/2013 12:00:00 AM,0,0
1229401,12294,IGG,Igiugig Airport,"Igiugig, AK",1,United States,US,Alaska,AK,2.0,32294,"Igiugig, AK",1,59.0,N,19.0,26.0,59.32388889,155.0,W,54.0,0.0,-155.9,1/1/1950 12:00:00 AM,6/30/2011 12:00:00 AM,0,0
1229701,12297,IGM,Kingman Airport,"Kingman, AZ",81,United States,US,Arizona,AZ,4.0,32297,"Kingman, AZ",81,35.0,N,15.0,24.0,35.25666667,113.0,W,56.0,24.0,-113.94,1/1/1950 12:00:00 AM,6/30/2011 12:00:00 AM,0,0
1230501,12305,II1,Rantoul National Aviation Center,"Rantoul, IL",41,United States,US,Illinois,IL,17.0,32305,"Rantoul, IL",41,40.0,N,17.0,37.0,40.29361111,88.0,W,8.0,33.0,-88.1425,6/1/2003 12:00:00 AM,,0,1
1230601,12306,II2,Lewis University,"Chicago/Romeoville, IL",41,United States,US,Illinois,IL,17.0,30977,"Chicago, IL",41,41.0,N,36.0,29.0,41.60805556,88.0,W,5.0,46.0,-88.09611111,10/1/2003 12:00:00 AM,12/31/2010 12:00:00 AM,0,0
1230602,12306,LOT,Lewis University,"Chicago/Romeoville, IL",41,United States,US,Illinois,IL,17.0,30977,"Chicago, IL",41,41.0,N,36.0,29.0,41.60805556,88.0,W,5.0,46.0,-88.09611111,1/1/2011 12:00:00 AM,6/30/2019 12:00:00 AM,0,0
1230701,12307,II3,De Kalb Taylor Municipal,"De Kalb, IL",41,United States,US,Illinois,IL,17.0,32307,"De Kalb, IL",41,41.0,N,55.0,53.0,41.93138889,88.0,W,42.0,26.0,-88.70722222,7/1/2006 12:00:00 AM,6/30/2011 12:00:00 AM,0,0
1230801,12308,II4,Logan County,"Lincoln, IL",41,United States,US,Illinois,IL,17.0,32308,"Lincoln, IL",41,40.0,N,9.0,31.0,40.15861111,89.0,W,20.0,6.0,-89.335,1/1/2010 12:00:00 AM,,0,1
1231001,12310,IJX,Jacksonville Municipal,"Jacksonville, IL",41,United States,US,Illinois,IL,17.0,32310,"Jacksonville, IL",41,39.0,N,46.0,27.0,39.77416667,90.0,W,14.0,14.0,-90.23722222,1/1/1950 12:00:00 AM,6/30/2011 12:00:00 AM,0,0
1231201,12312,IKB,Wilkes County,"Wilkesboro, NC",36,United States,US,North Carolina,NC,37.0,32312,"Wilkesboro, NC",36,36.0,N,13.0,22.0,36.22277778,81.0,W,5.0,54.0,-81.09833333,3/1/2003 12:00:00 AM,12/31/2012 12:00:00 AM,0,0
1231401,12314,IKK,Greater Kankakee,"Kankakee, IL",41,United States,US,Illinois,IL,17.0,32314,"Kankakee, IL",41,41.0,N,4.0,17.0,41.07138889,87.0,W,50.0,56.0,-87.84888889,1/1/1950 12:00:00 AM,6/30/2011 12:00:00 AM,0,0
1231501,12315,IKO,Nikolski AFS,"Nikolski, AK",1,United States,US,Alaska,AK,2.0,32315,"Nikolski, AK",1,52.0,N,56.0,30.0,52.94166667,168.0,W,51.0,0.0,-168.85,1/1/1950 12:00:00 AM,6/30/2011 12:00:00 AM,0,0
1231701,12317,IKV,Ankeny Regional,"Ankeny, IA",61,United States,US,Iowa,IA,19.0,32317,"Ankeny, IA",61,41.0,N,41.0,28.0,41.69111111,93.0,W,33.0,59.0,-93.56638889,1/1/2004 12:00:00 AM,4/30/2016 12:00:00 AM,0,0
1231901,12319,ILE,Killeen Municipal,"Killeen, TX",74,United States,US,Texas,TX,48.0,31982,"Killeen, TX",74,31.0,N,5.0,11.0,31.08638889,97.0,W,41.0,12.0,-97.68666667,1/1/1950 12:00:00 AM,3/31/2010 12:00:00 AM,0,0
1232001,12320,ILG,Greater Wilmington,"Wilmington, DE",31,United States,US,Delaware,DE,10.0,32320,"Wilmington, DE",31,39.0,N,40.0,42.0,39.67833333,75.0,W,36.0,27.0,-75.6075,1/1/1950 12:00:00 AM,6/30/2011 12:00:00 AM,0,0
1232101,12321,ILI,Iliamna Roadhouse,"Iliamna, AK",1,United States,US,Alaska,AK,2.0,32321,"Iliamna, AK",1,59.0,N,45.0,10.0,59.75277778,154.0,W,54.0,30.0,-154.90833333,1/1/1950 12:00:00 AM,6/30/2011 12:00:00 AM,0,0
1232201,12322,ILL,Willmar Municipal,"Willmar, MN",63,United States,US,Minnesota,MN,27.0,32322,"Willmar, MN",63,45.0,N,6.0,59.0,45.11638889,95.0,W,5.0,24.0,-95.09,1/1/1950 12:00:00 AM,8/31/2006 12:00:00 AM,0,0
1232301,12323,ILM,Wilmington International,"Wilmington, NC",36,United States,US,North Carolina,NC,37.0,32323,"Wilmington, NC",36,34.0,N,16.0,1.0,34.26694444,77.0,W,54.0,14.0,-77.90388889,1/1/1950 12:00:00 AM,6/30/2011 12:00:00 AM,0,0
1232401,12324,ILN,Wilmington Air Park,"Wilmington, OH",44,United States,US,Ohio,OH,39.0,32324,"Wilmington, OH",44,39.0,N,25.0,41.0,39.42805556,83.0,W,47.0,32.0,-83.79222222,9/1/1976 12:00:00 AM,6/30/2025 12:00:00 AM,0,0
1233201,12332,IML,Imperial Municipal,"Imperial, NE",65,United States,US,Nebraska,NE,31.0,32332,"Imperial, NE",65,40.0,N,30.0,42.0,40.51166667,101.0,W,37.0,13.0,-101.62027778,6/1/1978 12:00:00 AM,6/30/2011 12:00:00 AM,0,0
1233301,12333,IMM,Immokalee Regional,"Immokalee, FL",33,United States,US,Florida,FL,12.0,32333,"Immokalee, FL",33,26.0,N,26.0,2.0,26.43388889,81.0,W,24.0,9.0,-81.4025,3/1/1976 12:00:00 AM,6/30/2011 12:00:00 AM,0,0
1233501,12335,IMT,Ford,"Iron Mountain/Kingsfd, MI",43,United States,US,Michigan,MI,26.0,32335,"Iron Mountain/Kingsfd, MI",43,45.0,N,48.0,56.0,45.81555556,88.0,W,6.0,51.0,-88.11416667,1/1/1950 12:00:00 AM,6/30/2011 12:00:00 AM,0,0
1233601,12336,IN1,De Kalb County,"Auburn, IN",42,United States,US,Indiana,IN,18.0,32336,"Auburn, IN",42,41.0,N,18.0,25.0,41.30694444,85.0,W,3.0,51.0,-85.06416667,4/1/2004 12:00:00 AM,12/31/2005 12:00:00 AM,0,0
1233701,12337,IN2,Indianapolis Executive,"Indianapolis, IN",42,United States,US,Indiana,IN,18.0,32337,"Indianapolis, IN",42,40.0,N,1.0,50.0,40.03055556,86.0,W,15.0,5.0,-86.25138889,12/1/2006 12:00:00 AM,6/30/2025 12:00:00 AM,0,0
1233901,12339,IND,Indianapolis Muni/Weir Cook,"Indianapolis, IN",42,United States,US,Indiana,IN,18.0,32337,"Indianapolis, IN",42,39.0,N,43.0,44.0,39.72888889,86.0,W,16.0,54.0,-86.28166667,1/1/1950 12:00:00 AM,11/30/1989 12:00:00 AM,0,0
1234301,12343,INL,Falls International,"International Falls, MN",63,United States,US,Minnesota,MN,27.0,32343,"International Falls, MN",63,48.0,N,33.0,47.0,48.56305556,93.0,W,24.0,15.0,-93.40416667,1/1/1950 12:00:00 AM,6/30/2011 12:00:00 AM,0,0
1234701,12347,INS,Creech AFB,"Indian Springs, NV",85,United States,US,Nevada,NV,32.0,32347,"Indian Springs, NV",85,36.0,N,35.0,14.0,36.58722222,115.0,W,40.0,24.0,-115.67333333,12/1/1992 12:00:00 AM,4/30/2023 12:00:00 AM,0,0
1234801,12348,INT,Smith Reynolds,"Winston-Salem, NC",36,United States,US,North Carolina,NC,37.0,32348,"Winston-Salem, NC",36,36.0,N,8.0,7.0,36.13527778,80.0,W,13.0,32.0,-80.22555556,1/1/1950 12:00:00 AM,6/30/2011 12:00:00 AM,0,0
1235101,12351,INW,Winslow Municipal,"Winslow, AZ",81,United States,US,Arizona,AZ,4.0,32351,"Winslow, AZ",81,35.0,N,1.0,27.0,35.02416667,110.0,W,43.0,30.0,-110.725,1/1/1950 12:00:00 AM,1/31/2003 12:00:00 AM,0,0
1235801,12358,IOW,Iowa City Municipal,"Iowa City, IA",61,United States,US,Iowa,IA,19.0,32358,"Iowa City, IA",61,41.0,N,38.0,25.0,41.64027778,91.0,W,32.0,50.0,-91.54722222,1/1/1950 12:00:00 AM,6/30/2011 12:00:00 AM,0,0
1236301,12363,IPL,Imperial County,"El Centro, CA",91,United States,US,California,CA,6.0,32363,"El Centro, CA",91,32.0,N,50.0,14.0,32.83722222,115.0,W,34.0,29.0,-115.57472222,1/1/1950 12:00:00 AM,6/30/2011 12:00:00 AM,0,0
1236501,12365,IPT,Williamsport Regional,"Williamsport, PA",23,United States,US,Pennsylvania,PA,42.0,32365,"Williamsport, PA",23,41.0,N,14.0,32.0,41.24222222,76.0,W,55.0,14.0,-76.92055556,1/1/1950 12:00:00 AM,6/30/2011 12:00:00 AM,0,0
1237001,12370,CRC,Circle City,"Circle, AK",1,United States,US,Alaska,AK,2.0,32370,"Circle, AK",1,65.0,N,49.0,45.0,65.82916667,144.0,W,3.0,50.0,-144.06388889,1/1/1950 12:00:00 AM,3/31/1981 12:00:00 AM,0,0
1237002,12370,IRC,Circle City,"Circle, AK",1,United States,US,Alaska,AK,2.0,32370,"Circle, AK",1,65.0,N,49.0,50.0,65.83055556,144.0,W,4.0,33.0,-144.07583333,4/1/1981 12:00:00 AM,6/30/2011 12:00:00 AM,0,0
1237501,12375,IRK,Clarence Cannon Memorial,"Kirksville, MO",64,United States,US,Missouri,MO,29.0,32375,"Kirksville, MO",64,40.0,N,5.0,33.0,40.0925,92.0,W,32.0,38.0,-92.54388889,1/1/1950 12:00:00 AM,6/30/2011 12:00:00 AM,0,0
1237801,12378,IRS,Sturgis Airport,"Sturgis, MI",43,United States,US,Michigan,MI,26.0,32378,"Sturgis, MI",43,41.0,N,48.0,0.0,41.8,85.0,W,25.0,0.0,-85.41666667,1/1/2000 12:00:00 AM,,0,1
1237901,12379,IRV,Roy E. Ray,"Bayou La Batre, AL",51,United States,US,Alabama,AL,1.0,32379,"Bayou La Batre, AL",51,30.0,N,27.0,16.0,30.45444444,88.0,W,12.0,38.0,-88.21055556,12/1/1981 12:00:00 AM,6/30/2011 12:00:00 AM,0,0
1238801,12388,ISM,Kissimmee Gateway,"Orlando, FL",33,United States,US,Florida,FL,12.0,31454,"Orlando, FL",33,28.0,N,17.0,25.0,28.29027778,81.0,W,26.0,14.0,-81.43722222,1/1/1950 12:00:00 AM,6/30/2011 12:00:00 AM,0,0
1238901,12389,ISN,Sloulin Field International,"Williston, ND",66,United States,US,North Dakota,ND,38.0,32389,"Williston, ND",66,48.0,N,10.0,34.0,48.17611111,103.0,W,38.0,10.0,-103.63611111,1/1/1950 12:00:00 AM,6/30/2011 12:00:00 AM,0,0
1239001,12390,ISO,Kinston Regional Jetport at Stallings Field,"Kinston, NC",36,United States,US,North Carolina,NC,37.0,32390,"Kinston, NC",36,35.0,N,19.0,36.0,35.32666667,77.0,W,37.0,0.0,-77.61666667,1/1/1950 12:00:00 AM,6/30/2011 12:00:00 AM,0,0
1239101,12391,ISP,Long Island MacArthur,"Islip, NY",22,United States,US,New York,NY,36.0,31703,"New York City, NY (Metropolitan Area)",22,40.0,N,47.0,48.0,40.79666667,73.0,W,6.0,3.0,-73.10083333,1/1/1950 12:00:00 AM,6/30/2011 12:00:00 AM,0,0
1239201,12392,ISQ,Schoolcraft County,"Manistique, MI",43,United States,US,Michigan,MI,26.0,32392,"Manistique, MI",43,45.0,N,58.0,30.0,45.975,86.0,W,10.0,36.0,-86.17666667,6/1/1995 12:00:00 AM,6/30/2011 12:00:00 AM,0,0
1239401,12394,ISS,Wiscasset Airport,"Wiscasset, ME",12,United States,US,Maine,ME,23.0,32394,"Wiscasset, ME",12,43.0,N,57.0,48.0,43.96333333,69.0,W,42.0,44.0,-69.71222222,3/1/1978 12:00:00 AM,6/30/2011 12:00:00 AM,0,0
1239601,12396,ISW,Wisconsin Rapids Airport,"Wisconsin Rapids, WI",45,United States,US,Wisconsin,WI,55.0,32396,"Wisconsin Rapids, WI",45,44.0,N,21.0,40.0,44.36111111,89.0,W,50.0,18.0,-89.83833333,1/1/1950 12:00:00 AM,8/31/1974 12:00:00 AM,0,0
1239701,12397,ITH,Ithaca Tompkins Regional,"Ithaca/Cortland, NY",22,United States,US,New York,NY,36.0,32397,"Ithaca/Cortland, NY",22,42.0,N,29.0,25.0,42.49027778,76.0,W,27.0,29.0,-76.45805556,1/1/1950 12:00:00 AM,6/30/2011 12:00:00 AM,0,0
1240201,12402,ITO,General Lyman Field,"Hilo, HI",2,United States,US,Hawaii,HI,15.0,32402,"Hilo, HI",2,19.0,N,43.0,25.0,19.72361111,155.0,W,3.0,29.0,-155.05805556,1/1/1950 12:00:00 AM,6/30/1989 12:00:00 AM,0,0
1241201,12412,IWD,Gogebic-Iron County,"Ironwood, MI",43,United States,US,Michigan,MI,26.0,32412,"Ironwood, MI",43,46.0,N,31.0,32.0,46.52555556,90.0,W,7.0,54.0,-90.13166667,1/1/1950 12:00:00 AM,6/30/2011 12:00:00 AM,0,0
1241501,12415,IWS,West Houston,"Houston, TX",74,United States,US,Texas,TX,48.0,31453,"Houston, TX",74,29.0,N,49.0,4.0,29.81777778,95.0,W,40.0,20.0,-95.67222222,4/1/1986 12:00:00 AM,6/30/2011 12:00:00 AM,0,0
1243601,12436,IYK,Inyokern-Kern County,"Inyokern, CA",91,United States,US,California,CA,6.0,32436,"Inyokern, CA",91,35.0,N,39.0,24.0,35.65666667,117.0,W,49.0,45.0,-117.82916667,1/1/1950 12:00:00 AM,6/30/2011 12:00:00 AM,0,0
1244101,12441,JAC,Jackson Hole,"Jackson, WY",88,United States,US,Wyoming,WY,56.0,32441,"Jackson, WY",88,43.0,N,36.0,24.0,43.60666667,110.0,W,44.0,13.0,-110.73694444,1/1/1950 12:00:00 AM,6/30/2011 12:00:00 AM,0,0
1244501,12445,JAJ,Perimeter Mall,"Atlanta, GA",34,United States,US,Georgia,GA,13.0,30397,"Atlanta, GA (Metropolitan Area)",34,33.0,N,45.0,54.0,33.765,84.0,W,25.0,4.0,-84.41777778,12/1/1982 12:00:00 AM,8/31/1983 12:00:00 AM,0,0
1244801,12448,JAN,Allen C Thompson Field,"Jackson/Vicksburg, MS",53,United States,US,Mississippi,MS,28.0,32448,"Jackson/Vicksburg, MS",53,32.0,N,18.0,35.0,32.30972222,90.0,W,4.0,33.0,-90.07583333,1/1/1950 12:00:00 AM,4/30/2005 12:00:00 AM,0,0
1244901,12449,JAO,Beaver Ruin,"Atlanta, GA",34,United States,US,Georgia,GA,13.0,30397,"Atlanta, GA (Metropolitan Area)",34,33.0,N,56.0,0.0,33.93333333,84.0,W,9.0,0.0,-84.15,12/1/1982 12:00:00 AM,,0,1
1245101,12451,JAX,Jacksonville International,"Jacksonville, FL",33,United States,US,Florida,FL,12.0,31136,"Jacksonville, FL",33,30.0,N,29.0,5.0,30.48472222,81.0,W,41.0,16.0,-81.68777778,1/1/1950 12:00:00 AM,6/30/2011 12:00:00 AM,0,0
1245201,12452,JBC,Boston City Heliport,"Boston, MA",13,United States,US,Massachusetts,MA,25.0,30721,"Boston, MA (Metropolitan Area)",13,42.0,N,20.0,0.0,42.33333333,71.0,W,15.0,0.0,-71.25,12/1/1986 12:00:00 AM,,0,1
1245401,12454,JBP,Commerce Business Park,"Commerce, CA",91,United States,US,California,CA,6.0,32575,"Los Angeles, CA (Metropolitan Area)",91,33.0,N,59.0,12.0,33.98666667,118.0,W,9.0,35.0,-118.15972222,6/1/1986 12:00:00 AM,6/30/2011 12:00:00 AM,0,0
1245501,12455,JBR,Jonesboro Municipal,"Jonesboro, AR",71,United States,US,Arkansas,AR,5.0,32455,"Jonesboro, AR",71,35.0,N,49.0,48.0,35.83,90.0,W,38.0,54.0,-90.64833333,1/1/1950 12:00:00 AM,6/30/2011 12:00:00 AM,0,0
1245701,12457,JCC,China Basin Heliport,"San Francisco, CA",91,United States,US,California,CA,6.0,32457,"San Francisco, CA (Metropolitan Area)",91,37.0,N,48.0,0.0,37.8,122.0,W,28.0,0.0,-122.46666667,1/1/1950 12:00:00 AM,,0,1
1245801,12458,JCE,Oakland Convention Center Heliport,"Oakland, CA",91,United States,US,California,CA,6.0,32457,"San Francisco, CA (Metropolitan Area)",91,37.0,N,48.0,20.0,37.80555556,122.0,W,16.0,30.0,-122.275,3/1/1985 12:00:00 AM,,0,1
1246001,12460,JCI,Johnson County Industrial,"Olathe, KS",62,United States,US,Kansas,KS,20.0,33198,"Kansas City, MO",64,38.0,N,49.0,51.0,38.83083333,94.0,W,53.0,25.0,-94.89027778,1/1/1973 12:00:00 AM,8/31/1994 12:00:00 AM,0,0
1246201,12462,JDA,Grant County Regional/Ogilvie Field,"John Day, OR",92,United States,US,Oregon,OR,41.0,32462,"John Day, OR",92,44.0,N,24.0,19.0,44.40527778,118.0,W,57.0,42.0,-118.96166667,9/1/1977 12:00:00 AM,6/30/2011 12:00:00 AM,0,0
1246301,12463,JDB,Downtown Heliport,"Dallas/Fort Worth, TX",74,United States,US,Texas,TX,48.0,30194,"Dallas/Fort Worth, TX",74,32.0,N,46.0,0.0,32.76666667,97.0,W,19.0,0.0,-97.31666667,3/1/1990 12:00:00 AM,,0,1
1246701,12467,JDM,Miami Downtown Heliport,"Miami, FL",33,United States,US,Florida,FL,12.0,32467,"Miami, FL (Metropolitan Area)",33,25.0,N,46.0,0.0,25.76666667,80.0,W,11.0,0.0,-80.18333333,6/1/1984 12:00:00 AM,,0,1
1246901,12469,JDT,Minneapolis Heliport,"Minneapolis, MN",63,United States,US,Minnesota,MN,27.0,31650,"Minneapolis/St. Paul, MN",63,44.0,N,58.0,58.0,44.98277778,93.0,W,16.0,6.0,-93.26833333,1/1/1950 12:00:00 AM,,0,1
1247001,12470,JDX,Houston Central Business District Heliport,"Houston, TX",74,United States,US,Texas,TX,48.0,31453,"Houston, TX",74,29.0,N,46.0,0.0,29.76666667,95.0,W,20.0,0.0,-95.33333333,9/1/1985 12:00:00 AM,,0,1
1247401,12474,JEF,Jefferson City Memorial,"Jefferson City, MO",64,United States,US,Missouri,MO,29.0,32474,"Jefferson City/Columbia, MO",64,38.0,N,35.0,32.0,38.59222222,92.0,W,9.0,23.0,-92.15638889,1/1/1950 12:00:00 AM,6/30/2011 12:00:00 AM,0,0
1247801,12478,JFK,John F. Kennedy International,"New York, NY",22,United States,US,New York,NY,36.0,31703,"New York City, NY (Metropolitan Area)",22,40.0,N,38.0,19.0,40.63861111,73.0,W,46.0,37.0,-73.77694444,1/1/1950 12:00:00 AM,6/30/2011 12:00:00 AM,0,0
1247901,12479,JFN,Ashtabula County,"Jefferson, OH",44,United States,US,Ohio,OH,39.0,32479,"Jefferson, OH",44,41.0,N,46.0,41.0,41.77805556,80.0,W,41.0,44.0,-80.69555556,12/1/1989 12:00:00 AM,12/31/2012 12:00:00 AM,0,0
1248301,12483,JGC,Grand Canyon Heliport,"Grand Canyon, AZ",81,United States,US,Arizona,AZ,4.0,30463,"Grand Canyon, AZ",81,35.0,N,58.0,0.0,35.96666667,112.0,W,8.0,0.0,-112.13333333,3/1/1990 12:00:00 AM,,0,1
1248401,12484,JGG,Williamsburg-Jamestown,"Williamsburg, VA",38,United States,US,Virginia,VA,51.0,33667,"Norfolk, VA (Metropolitan Area)",38,37.0,N,14.0,21.0,37.23916667,76.0,W,42.0,58.0,-76.71611111,1/1/2009 12:00:00 AM,6/30/2025 12:00:00 AM,0,0
1248501,12485,JGL,Galleria,"Atlanta, GA",34,United States,US,Georgia,GA,13.0,30397,"Atlanta, GA (Metropolitan Area)",34,33.0,N,35.0,0.0,33.58333333,84.0,W,28.0,0.0,-84.46666667,3/1/1983 12:00:00 AM,,0,1
1248701,12487,JGQ,Transco Tower Galleria Heliport,"Houston, TX",74,United States,US,Texas,TX,48.0,31453,"Houston, TX",74,29.0,N,44.0,12.0,29.73666667,95.0,W,27.0,33.0,-95.45916667,12/1/1982 12:00:00 AM,,0,1
1249001,12490,JHC,Island Heliport,"Garden City, NY",22,United States,US,New York,NY,36.0,32490,"Garden City, NY",22,40.0,N,44.0,40.0,40.74444444,73.0,W,36.0,30.0,-73.60833333,1/1/1950 12:00:00 AM,,0,1
1249201,12492,JHM,Kapalua West Maui,"Kapalua, HI",2,United States,US,Hawaii,HI,15.0,32492,"Lahaina, HI",2,20.0,N,57.0,58.0,20.96611111,156.0,W,40.0,38.0,-156.67722222,1/1/1987 12:00:00 AM,6/30/2011 12:00:00 AM,0,0
1249401,12494,JHW,Chautauqua County/Jamestown,"Jamestown, NY",22,United States,US,New York,NY,36.0,32494,"Jamestown, NY",22,42.0,N,9.0,2.0,42.15055556,79.0,W,15.0,29.0,-79.25805556,1/1/1950 12:00:00 AM,6/30/2011 12:00:00 AM,0,0
1249501,12495,JHY,Cambridge Airport,"Cambridge, MA",13,United States,US,Massachusetts,MA,25.0,32495,"Cambridge, MA",13,42.0,N,17.0,0.0,42.28333333,71.0,W,8.0,0.0,-71.13333333,3/1/1988 12:00:00 AM,,0,1
1249701,12497,JID,Civic Financial Center Helipad,"City of Industry, CA",91,United States,US,California,CA,6.0,32575,"Los Angeles, CA (Metropolitan Area)",91,34.0,N,1.0,38.0,34.02722222,117.0,W,57.0,30.0,-117.95833333,6/1/1986 12:00:00 AM,6/30/2011 12:00:00 AM,0,0
1250801,12508,JKV,Cherokee County,"Jacksonville, TX",74,United States,US,Texas,TX,48.0,32508,"Jacksonville, TX",74,31.0,N,52.0,9.0,31.86916667,95.0,W,13.0,2.0,-95.21722222,1/1/1950 12:00:00 AM,6/30/2011 12:00:00 AM,0,0
1250901,12509,JLA,Quartz Creek,"Cooper Lodge, AK",1,United States,US,Alaska,AK,2.0,32509,"Cooper Lodge, AK",1,60.0,N,28.0,58.0,60.48277778,149.0,W,43.0,8.0,-149.71888889,4/1/2001 12:00:00 AM,3/31/2015 12:00:00 AM,0,0
1251101,12511,JLN,Joplin Municipal,"Joplin, MO",64,United States,US,Missouri,MO,29.0,32511,"Joplin, MO",64,37.0,N,8.0,59.0,37.14972222,94.0,W,29.0,52.0,-94.49777778,1/1/1950 12:00:00 AM,6/30/2011 12:00:00 AM,0,0
1251301,12513,JMA,Astrodome,"Houston, TX",74,United States,US,Texas,TX,48.0,31453,"Houston, TX",74,29.0,N,41.0,0.0,29.68333333,95.0,W,24.0,0.0,-95.4,9/1/1983 12:00:00 AM,,0,1
1251501,12515,JMC,Marin County Heliport,"San Francisco, CA",91,United States,US,California,CA,6.0,32457,"San Francisco, CA (Metropolitan Area)",91,37.0,N,52.0,43.0,37.87861111,122.0,W,30.0,35.0,-122.50972222,1/1/1950 12:00:00 AM,,0,1
1251801,12518,JMN,Downtown Heliport,"Mankato, MN",63,United States,US,Minnesota,MN,27.0,32518,"Mankato, MN",63,44.0,N,9.0,50.0,44.16388889,94.0,W,0.0,15.0,-94.00416667,1/1/1950 12:00:00 AM,,0,1
1251901,12519,JMS,Jamestown Regional,"Jamestown, ND",66,United States,US,North Dakota,ND,38.0,32519,"Jamestown, ND",66,46.0,N,55.0,48.0,46.93,98.0,W,40.0,42.0,-98.67833333,1/1/1950 12:00:00 AM,6/30/2011 12:00:00 AM,0,0
1252201,12522,JNP,Newport Beach Airport,"Newport Beach, CA",91,United States,US,California,CA,6.0,32522,"Newport Beach, CA",91,33.0,N,36.0,50.0,33.61388889,117.0,W,53.0,23.0,-117.88972222,1/1/1950 12:00:00 AM,,0,1
1252301,12523,JNU,Juneau International,"Juneau, AK",1,United States,US,Alaska,AK,2.0,32523,"Juneau, AK",1,58.0,N,21.0,20.0,58.35555556,134.0,W,34.0,29.0,-134.57472222,1/1/1950 12:00:00 AM,6/30/2011 12:00:00 AM,0,0
1252701,12527,JOC,Centerport Heliport,"Santa Ana, CA",91,United States,US,California,CA,6.0,32575,"Los Angeles, CA (Metropolitan Area)",91,33.0,N,40.0,0.0,33.66666667,117.0,W,52.0,0.0,-117.86666667,1/1/1950 12:00:00 AM,,0,1
1254301,12543,JPT,Park Ten Helipad,"Houston, TX",74,United States,US,Texas,TX,48.0,31453,"Houston, TX",74,29.0,N,30.0,31.0,29.50861111,95.0,W,3.0,1.0,-95.05027778,6/1/1984 12:00:00 AM,,0,1
1254403,12544,USA,Concord Regional,"Concord, NC",36,United States,US,North Carolina,NC,37.0,32544,"Concord, NC",36,35.0,N,23.0,16.0,35.38777778,80.0,W,42.0,33.0,-80.70916667,1/1/2017 12:00:00 AM,3/31/2019 12:00:00 AM,0,0
1254501,12545,JRA,West 30th Street Heliport,"New York, NY",22,United States,US,New York,NY,36.0,31703,"New York City, NY (Metropolitan Area)",22,40.0,N,45.0,16.0,40.75444444,74.0,W,0.0,27.0,-74.0075,6/1/1984 12:00:00 AM,,0,1
1254601,12546,JRB,Downtown Manhattan/Wall Street Heliport,"New York, NY",22,United States,US,New York,NY,36.0,31703,"New York City, NY (Metropolitan Area)",22,40.0,N,42.0,15.0,40.70416667,74.0,W,0.0,30.0,-74.00833333,1/1/1950 12:00:00 AM,6/30/2011 12:00:00 AM,0,0
1254701,12547,JRC,Appache Heliport,"Rochester, MN",63,United States,US,Minnesota,MN,27.0,32547,"Rochester, MN",63,44.0,N,0.0,5.0,44.00138889,92.0,W,28.0,50.0,-92.48055556,1/1/1950 12:00:00 AM,,0,1
1254801,12548,JRE,East 60th Street Heliport,"New York, NY",22,United States,US,New York,NY,36.0,31703,"New York City, NY (Metropolitan Area)",22,40.0,N,48.0,0.0,40.8,73.0,W,58.0,0.0,-73.96666667,12/1/1982 12:00:00 AM,,0,1
1254901,12549,NAX,Barbers Point NAS,"Kapolei, HI",2,United States,US,Hawaii,HI,15.0,32549,"Kapolei, HI",2,21.0,N,18.0,32.0,21.30888889,158.0,W,4.0,30.0,-158.075,1/1/1950 12:00:00 AM,12/31/1998 12:00:00 AM,0,0
1254902,12549,JRF,Kalaeloa,"Kapolei, HI",2,United States,US,Hawaii,HI,15.0,32549,"Kapolei, HI",2,21.0,N,18.0,26.0,21.30722222,158.0,W,4.0,13.0,-158.07027778,1/1/1999 12:00:00 AM,6/30/2025 12:00:00 AM,0,0
1255301,12553,JRV,Jose Aponte de la Torre,"Ceiba, PR",3,United States,US,Puerto Rico,PR,72.0,33743,"Ceiba, PR",3,18.0,N,14.0,42.0,18.245,65.0,W,38.0,36.0,-65.64333333,1/1/2009 12:00:00 AM,5/31/2012 12:00:00 AM,0,0
1255401,12554,JSE,Juneau Seaplane Base,"Juneau, AK",1,United States,US,Alaska,AK,2.0,32523,"Juneau, AK",1,58.0,N,18.0,6.0,58.30166667,134.0,W,25.0,28.0,-134.42444444,1/1/1950 12:00:00 AM,,0,1
1255601,12556,JSK,Crossroads Heliport,"St. Cloud, MN",63,United States,US,Minnesota,MN,27.0,32556,"St. Cloud, MN",63,45.0,N,33.0,0.0,45.55,94.0,W,12.0,0.0,-94.2,1/1/1950 12:00:00 AM,,0,1
1255901,12559,JST,Johnstown Cambria County,"Johnstown, PA",23,United States,US,Pennsylvania,PA,42.0,32559,"Johnstown, PA",23,40.0,N,19.0,0.0,40.31666667,78.0,W,50.0,4.0,-78.83444444,1/1/1950 12:00:00 AM,6/30/2011 12:00:00 AM,0,0
1257101,12571,JVL,Rock County,"Beloit/Janesville, WI",45,United States,US,Wisconsin,WI,55.0,32571,"Beloit/Janesville, WI",45,42.0,N,37.0,7.0,42.61861111,89.0,W,2.0,16.0,-89.03777778,1/1/1950 12:00:00 AM,6/30/2011 12:00:00 AM,0,0
1257301,12573,JWH,Westchase Hilton Helipad,"Houston, TX",74,United States,US,Texas,TX,48.0,31453,"Houston, TX",74,29.0,N,44.0,0.0,29.73333333,95.0,W,32.0,0.0,-95.53333333,6/1/1985 12:00:00 AM,2/28/1986 12:00:00 AM,0,0
1257401,12574,TN8,John C Tune,"Nashville, TN",54,United States,US,Tennessee,TN,47.0,30693,"Nashville, TN",54,36.0,N,10.0,57.0,36.1825,86.0,W,53.0,12.0,-86.88666667,1/1/2007 12:00:00 AM,9/30/2015 12:00:00 AM,0,0
1257601,12576,JXN,Reynolds Municipal,"Jackson, MI",43,United States,US,Michigan,MI,26.0,32576,"Jackson, MI",43,42.0,N,15.0,32.0,42.25888889,84.0,W,27.0,41.0,-84.46138889,1/1/1950 12:00:00 AM,6/30/2011 12:00:00 AM,0,0
1257901,12579,JZA,James H Easom Field,"Newton, MS",53,United States,US,Mississippi,MS,28.0,32579,"Newton, MS",53,32.0,N,18.0,43.0,32.31194444,89.0,W,8.0,9.0,-89.13583333,1/1/1950 12:00:00 AM,4/30/2012 12:00:00 AM,0,0
1258001,12580,JZB,Orange Municipal,"Orange, MA",13,United States,US,Massachusetts,MA,25.0,32580,"Orange, MA",13,42.0,N,34.0,12.0,42.57,72.0,W,17.0,19.0,-72.28861111,12/1/1994 12:00:00 AM,,0,1
1258101,12581,JZC,Stanley Municipal,"Stanley, ND",66,United States,US,North Dakota,ND,38.0,32581,"Stanley, ND",66,48.0,N,18.0,0.0,48.3,102.0,W,24.0,22.0,-102.40611111,12/1/1993 12:00:00 AM,6/30/2011 12:00:00 AM,0,0
1258301,12583,JZE,Trading Bay Production,"Trading Bay, AK",1,United States,US,Alaska,AK,2.0,30114,"Trading Bay, AK",1,60.0,N,48.0,56.0,60.81555556,151.0,W,47.0,56.0,-151.79888889,12/1/1994 12:00:00 AM,,0,1
1258501,12585,JZG,Chamberlain Municipal,"Chamberlain, SD",67,United States,US,South Dakota,SD,46.0,32585,"Chamberlain, SD",67,43.0,N,45.0,54.0,43.765,99.0,W,19.0,14.0,-99.32055556,3/1/1995 12:00:00 AM,6/30/2011 12:00:00 AM,0,0
1258701,12587,JZI,Portland Municipal,"Portland, TN",54,United States,US,Tennessee,TN,47.0,32587,"Portland, TN",54,36.0,N,35.0,34.0,36.59277778,86.0,W,28.0,36.0,-86.47666667,9/1/1995 12:00:00 AM,6/30/2011 12:00:00 AM,0,0
1258801,12588,JZJ,Sky Harbor,"Duluth, MN",63,United States,US,Minnesota,MN,27.0,31337,"Duluth, MN",63,46.0,N,43.0,19.0,46.72194444,92.0,W,2.0,37.0,-92.04361111,6/1/1995 12:00:00 AM,6/30/2011 12:00:00 AM,0,0
1258901,12589,JZK,Cloquet Carlton County,"Cloquet, MN",63,United States,US,Minnesota,MN,27.0,32589,"Cloquet, MN",63,46.0,N,42.0,10.0,46.70277778,92.0,W,30.0,16.0,-92.50444444,6/1/1995 12:00:00 AM,6/30/2011 12:00:00 AM,0,0
1259001,12590,JZL,San Clemente Island Nalf,"San Clemente Island, CA",91,United States,US,California,CA,6.0,32590,"San Clemente Island, CA",91,33.0,N,1.0,24.0,33.02333333,118.0,W,35.0,17.0,-118.58805556,9/1/1995 12:00:00 AM,6/30/2011 12:00:00 AM,0,0
1259101,12591,JZM,Hog River Airport,"Hog River, AK",1,United States,US,Alaska,AK,2.0,32591,"Hog River, AK",1,66.0,N,10.0,58.0,66.18277778,155.0,W,41.0,34.0,-155.69277778,1/1/1950 12:00:00 AM,6/30/2011 12:00:00 AM,0,0
1259201,12592,JZN,Quincy Municipal,"Quincy, WA",93,United States,US,Washington,WA,53.0,32592,"Quincy, WA",93,47.0,N,12.0,42.0,47.21166667,119.0,W,50.0,23.0,-119.83972222,1/1/1950 12:00:00 AM,,0,1
1259301,12593,JZO,American Falls Airport,"American Falls, ID",83,United States,US,Idaho,ID,16.0,32593,"American Falls, ID",83,42.0,N,47.0,50.0,42.79722222,112.0,W,49.0,31.0,-112.82527778,12/1/1995 12:00:00 AM,6/30/2025 12:00:00 AM,0,0
1259401,12594,JZP,Prospect State,"Prospect, OR",92,United States,US,Oregon,OR,41.0,32594,"Prospect, OR",92,42.0,N,44.0,35.0,42.74305556,122.0,W,29.0,17.0,-122.48805556,12/1/1995 12:00:00 AM,9/30/2011 12:00:00 AM,0,0
1259501,12595,JZQ,Hernando County,"Brooksville, FL",33,United States,US,Florida,FL,12.0,32595,"Brooksville, FL",33,28.0,N,28.0,25.0,28.47361111,82.0,W,27.0,20.0,-82.45555556,3/1/1995 12:00:00 AM,3/31/2015 12:00:00 AM,0,0
1259601,12596,JZR,Laurel Municipal,"Laurel, MT",84,United States,US,Montana,MT,30.0,32596,"Laurel, MT",84,45.0,N,42.0,11.0,45.70305556,108.0,W,45.0,40.0,-108.76111111,9/1/1995 12:00:00 AM,6/30/2011 12:00:00 AM,0,0
1259801,12598,JZT,Arlington Municipal,"Arlington, TX",74,United States,US,Texas,TX,48.0,32598,"Arlington, TX",74,32.0,N,39.0,49.0,32.66361111,97.0,W,5.0,39.0,-97.09416667,12/1/1995 12:00:00 AM,6/30/2011 12:00:00 AM,0,0
1259901,12599,JZU,William H. Morse State,"Bennington, VT",16,United States,US,Vermont,VT,50.0,32599,"Bennington, VT",16,42.0,N,53.0,29.0,42.89138889,73.0,W,14.0,47.0,-73.24638889,12/1/1995 12:00:00 AM,6/30/2011 12:00:00 AM,0,0
1260001,12600,JZV,North Little Rock Municipal,"Little Rock, AR",71,United States,US,Arkansas,AR,5.0,32600,"Little Rock, AR",71,34.0,N,50.0,0.0,34.83333333,92.0,W,15.0,14.0,-92.25388889,12/1/1995 12:00:00 AM,6/30/2011 12:00:00 AM,0,0
1260101,12601,JZW,Middleton Field,"Evergreen, AL",51,United States,US,Alabama,AL,1.0,32601,"Evergreen, AL",51,31.0,N,24.0,57.0,31.41583333,87.0,W,2.0,39.0,-87.04416667,1/1/1996 12:00:00 AM,1/31/2012 12:00:00 AM,0,0
1260201,12602,JZX,Virgil O Parrett Field,"Angwin, CA",91,United States,US,California,CA,6.0,32602,"Angwin, CA",91,38.0,N,34.0,43.0,38.57861111,122.0,W,26.0,7.0,-122.43527778,1/1/1996 12:00:00 AM,6/30/2011 12:00:00 AM,0,0
1260301,12603,JZY,Idaho County,"Grangeville, ID",83,United States,US,Idaho,ID,16.0,32603,"Grangeville, ID",83,45.0,N,56.0,33.0,45.9425,116.0,W,7.0,27.0,-116.12416667,1/1/1996 12:00:00 AM,6/30/2011 12:00:00 AM,0,0
1260501,12605,K01,Russellville-Logan County,"Russellville, KY",52,United States,US,Kentucky,KY,21.0,32605,"Russellville, KY",52,36.0,N,48.0,0.0,36.8,86.0,W,48.0,37.0,-86.81027778,12/1/2002 12:00:00 AM,11/30/2017 12:00:00 AM,0,0
1261001,12610,KAE,Kake Seaplane Base,"Kake, AK",1,United States,US,Alaska,AK,2.0,32610,"Kake, AK",1,56.0,N,58.0,24.0,56.97333333,133.0,W,56.0,38.0,-133.94388889,1/1/1950 12:00:00 AM,,0,1
1261501,12615,KAL,Kaltag Airport,"Kaltag, AK",1,United States,US,Alaska,AK,2.0,32615,"Kaltag, AK",1,64.0,N,19.0,8.0,64.31888889,158.0,W,44.0,29.0,-158.74138889,1/1/1950 12:00:00 AM,,0,1
1262101,12621,KBC,Birch Creek Airport,"Birch Creek, AK",1,United States,US,Alaska,AK,2.0,32621,"Birch Creek, AK",1,66.0,N,16.0,0.0,66.26666667,145.0,W,48.0,0.0,-145.8,1/1/1950 12:00:00 AM,6/30/2011 12:00:00 AM,0,0
1262201,12622,KBE,Bell Island Hot Springs Seaplane Base,"Bell Island, AK",1,United States,US,Alaska,AK,2.0,32622,"Bell Island, AK",1,55.0,N,55.0,46.0,55.92944444,131.0,W,34.0,12.0,-131.57,1/1/1950 12:00:00 AM,,0,1
1262401,12624,KBK,Klag Bay Airport,"Klag Bay, AK",1,United States,US,Alaska,AK,2.0,32624,"Klag Bay, AK",1,57.0,N,38.0,41.0,57.64472222,136.0,W,5.0,35.0,-136.09305556,3/1/1986 12:00:00 AM,,0,1
1263301,12633,KCC,Coffman Cove Seaplane Base,"Coffman Cove, AK",1,United States,US,Alaska,AK,2.0,32633,"Coffman Cove, AK",1,56.0,N,2.0,0.0,56.03333333,132.0,W,55.0,0.0,-132.91666667,1/1/1950 12:00:00 AM,,0,1
1263501,12635,KCG,Chignik Bay Airport,"Chignik Bay, AK",1,United States,US,Alaska,AK,2.0,32631,"Chignik, AK",1,56.0,N,18.0,44.0,56.31222222,158.0,W,22.0,19.0,-158.37194444,1/1/1950 12:00:00 AM,6/30/2011 12:00:00 AM,0,0
1263801,12638,KCL,Chignik Lagoon Airport,"Chignik Lagoon, AK",1,United States,US,Alaska,AK,2.0,32631,"Chignik, AK",1,56.0,N,18.0,40.0,56.31111111,158.0,W,32.0,3.0,-158.53416667,1/1/1950 12:00:00 AM,11/30/2015 12:00:00 AM,0,0
1263901,12639,KCN,Chernofski Harbor,"Chernofski, AK",1,United States,US,Alaska,AK,2.0,32639,"Chernofski, AK",1,53.0,N,24.0,0.0,53.4,167.0,W,33.0,0.0,-167.55,1/1/1950 12:00:00 AM,,0,1
1264101,12641,KCQ,Chignik Lake,"Chignik, AK",1,United States,US,Alaska,AK,2.0,32631,"Chignik, AK",1,56.0,N,15.0,21.0,56.25583333,158.0,W,46.0,24.0,-158.77333333,6/1/1988 12:00:00 AM,6/30/2011 12:00:00 AM,0,0
1264201,12642,KCR,Colorado Creek Airport,"Colorado Creek, AK",1,United States,US,Alaska,AK,2.0,32642,"Colorado Creek, AK",1,63.0,N,34.0,16.0,63.57111111,156.0,W,0.0,19.0,-156.00527778,1/1/1950 12:00:00 AM,,0,1
1264701,12647,KDK,Kodiak Municipal,"Kodiak, AK",1,United States,US,Alaska,AK,2.0,30070,"Kodiak, AK",1,57.0,N,48.0,26.0,57.80722222,152.0,W,22.0,12.0,-152.37,1/1/1950 12:00:00 AM,6/30/2011 12:00:00 AM,0,0
1264901,12649,KEB,Nanwalek Airport,"Nanwalek, AK",1,United States,US,Alaska,AK,2.0,32649,"Nanwalek, AK",1,59.0,N,21.0,10.0,59.35277778,151.0,W,55.0,20.0,-151.92222222,1/1/1950 12:00:00 AM,6/30/2011 12:00:00 AM,0,0
1265201,12652,KEH,Kenmore Air Harbor,"Kenmore, WA",93,United States,US,Washington,WA,53.0,30559,"Seattle, WA",93,47.0,N,45.0,17.0,47.75472222,122.0,W,15.0,33.0,-122.25916667,3/1/1988 12:00:00 AM,,0,1
1265301,12653,KEK,Ekwok Airport,"Ekwok, AK",1,United States,US,Alaska,AK,2.0,32653,"Ekwok, AK",1,59.0,N,21.0,19.0,59.35527778,157.0,W,28.0,39.0,-157.4775,1/1/1950 12:00:00 AM,6/30/2011 12:00:00 AM,0,0
1266101,12661,KEZ,Ocean Reef Club,"Key Largo, FL",33,United States,US,Florida,FL,12.0,32661,"Key Largo, FL",33,25.0,N,19.0,22.0,25.32277778,80.0,W,16.0,37.0,-80.27694444,1/1/1950 12:00:00 AM,3/31/1982 12:00:00 AM,0,0
1266102,12661,OCA,Ocean Reef Club,"Key Largo, FL",33,United States,US,Florida,FL,12.0,32661,"Key Largo, FL",33,25.0,N,19.0,21.0,25.3225,80.0,W,16.0,37.0,-80.27694444,4/1/1982 12:00:00 AM,6/30/2011 12:00:00 AM,0,0
1266301,12663,KFP,False Pass Airport,"False Pass, AK",1,United States,US,Alaska,AK,2.0,32663,"False Pass, AK",1,54.0,N,50.0,57.0,54.84916667,163.0,W,24.0,33.0,-163.40916667,1/1/1950 12:00:00 AM,6/30/2011 12:00:00 AM,0,0
1267101,12671,KGK,Koliganek Airport,"Koliganek, AK",1,United States,US,Alaska,AK,2.0,32671,"Koliganek, AK",1,59.0,N,48.0,0.0,59.8,157.0,W,14.0,0.0,-157.23333333,1/1/1950 12:00:00 AM,6/30/2011 12:00:00 AM,0,0
1267601,12676,KGX,Grayling Airport,"Grayling, AK",1,United States,US,Alaska,AK,2.0,32676,"Grayling, AK",1,62.0,N,53.0,43.0,62.89527778,160.0,W,3.0,45.0,-160.0625,1/1/1950 12:00:00 AM,6/30/2011 12:00:00 AM,0,0
1267701,12677,KGZ,Glacier Creek Airport,"Glacier Creek, AK",1,United States,US,Alaska,AK,2.0,32677,"Glacier Creek, AK",1,61.0,N,27.0,20.0,61.45555556,142.0,W,22.0,44.0,-142.37888889,1/1/1950 12:00:00 AM,6/30/2011 12:00:00 AM,0,0
1268601,12686,KIB,Ivanof Bay Seaplane Base,"Ivanof Bay, AK",1,United States,US,Alaska,AK,2.0,32686,"Ivanof Bay, AK",1,55.0,N,54.0,0.0,55.9,159.0,W,29.0,0.0,-159.48333333,1/1/1950 12:00:00 AM,,0,1
1270401,12704,KKA,Koyuk Alfred Adams,"Koyuk, AK",1,United States,US,Alaska,AK,2.0,32704,"Koyuk, AK",1,64.0,N,56.0,22.0,64.93944444,161.0,W,9.0,0.0,-161.15,1/1/1950 12:00:00 AM,6/30/2011 12:00:00 AM,0,0
1270501,12705,KKB,Kitoi Bay Airport,"Kitoi Bay, AK",1,United States,US,Alaska,AK,2.0,32705,"Kitoi Bay, AK",1,58.0,N,11.0,30.0,58.19166667,152.0,W,21.0,0.0,-152.35,1/1/1950 12:00:00 AM,,0,1
1270801,12708,KKH,Kongiganak Airport,"Kongiganak, AK",1,United States,US,Alaska,AK,2.0,32708,"Kongiganak, AK",1,59.0,N,57.0,39.0,59.96083333,162.0,W,52.0,52.0,-162.88111111,12/1/1974 12:00:00 AM,1/31/2013 12:00:00 AM,0,0
1270901,12709,KKI,Akiachak Airport,"Akiachak, AK",1,United States,US,Alaska,AK,2.0,32709,"Akiachak, AK",1,60.0,N,54.0,25.0,60.90694444,161.0,W,25.0,20.0,-161.42222222,1/1/1950 12:00:00 AM,6/30/2011 12:00:00 AM,0,0
1271101,12711,KKK,Kalakaket Creek AFS,"Kalakaket, AK",1,United States,US,Alaska,AK,2.0,32711,"Kalakaket, AK",1,64.0,N,25.0,30.0,64.425,156.0,W,50.0,28.0,-156.84111111,1/1/1950 12:00:00 AM,6/30/2011 12:00:00 AM,0,0
1271201,12712,KKL,Karluk Lake Seaplane Base,"Karluk Lake, AK",1,United States,US,Alaska,AK,2.0,32712,"Karluk Lake, AK",1,57.0,N,22.0,4.0,57.36777778,154.0,W,1.0,31.0,-154.02527778,1/1/1950 12:00:00 AM,,0,1
1271601,12716,KKU,Ekuk Airport,"Ekuk, AK",1,United States,US,Alaska,AK,2.0,32716,"Ekuk, AK",1,58.0,N,48.0,45.0,58.8125,158.0,W,33.0,38.0,-158.56055556,1/1/1950 12:00:00 AM,6/30/2011 12:00:00 AM,0,0
1271901,12719,KLG,Kalskag Airport,"Kalskag, AK",1,United States,US,Alaska,AK,2.0,32719,"Kalskag, AK",1,61.0,N,32.0,18.0,61.53833333,160.0,W,19.0,28.0,-160.32444444,1/1/1950 12:00:00 AM,6/30/2011 12:00:00 AM,0,0
1272001,12720,KLL,Levelock Airport,"Levelock, AK",1,United States,US,Alaska,AK,2.0,32720,"Levelock, AK",1,59.0,N,7.0,7.0,59.11861111,156.0,W,51.0,48.0,-156.86333333,1/1/1950 12:00:00 AM,6/30/2011 12:00:00 AM,0,0
1272101,12721,KLN,Larsen Bay Airport,"Larsen Bay, AK",1,United States,US,Alaska,AK,2.0,32721,"Larsen Bay, AK",1,57.0,N,32.0,0.0,57.53333333,154.0,W,0.0,0.0,-154.0,1/1/1950 12:00:00 AM,6/30/2011 12:00:00 AM,0,0
1272301,12723,KLP,Kelp Bay Airport,"Kelp Bay, AK",1,United States,US,Alaska,AK,2.0,32723,"Kelp Bay, AK",1,57.0,N,33.0,0.0,57.55,134.0,W,52.0,0.0,-134.86666667,7/1/1995 12:00:00 AM,,0,1
1272501,12725,KLS,Kelso-Longview,"Kelso, WA",93,United States,US,Washington,WA,53.0,32725,"Kelso, WA",93,46.0,N,7.0,5.0,46.11805556,122.0,W,53.0,54.0,-122.89833333,1/1/1950 12:00:00 AM,2/28/2009 12:00:00 AM,0,0
1272801,12728,KLW,Klawock Airport,"Klawock, AK",1,United States,US,Alaska,AK,2.0,30007,"Klawock, AK",1,55.0,N,34.0,45.0,55.57916667,133.0,W,4.0,34.0,-133.07611111,1/1/1950 12:00:00 AM,,0,1
1273701,12737,KMO,Manokatak Seaplane Base,"Manokotak, AK",1,United States,US,Alaska,AK,2.0,32737,"Manokotak, AK",1,58.0,N,58.0,54.0,58.98166667,159.0,W,3.0,24.0,-159.05666667,1/1/1950 12:00:00 AM,,0,1
1274301,12743,KMY,Moser Bay Airport,"Moser Bay, AK",1,United States,US,Alaska,AK,2.0,32743,"Moser Bay, AK",1,57.0,N,1.0,35.0,57.02638889,154.0,W,8.0,37.0,-154.14361111,1/1/1950 12:00:00 AM,,0,1
1274501,12745,KNB,Kanab Municipal,"Kanab, UT",87,United States,US,Utah,UT,49.0,32745,"Kanab, UT",87,37.0,N,0.0,34.0,37.00944444,112.0,W,31.0,54.0,-112.53166667,9/1/1976 12:00:00 AM,6/30/2011 12:00:00 AM,0,0
1274801,12748,KNK,Kokhanok Airport,"Kokhanok, AK",1,United States,US,Alaska,AK,2.0,32748,"Kokhanok, AK",1,59.0,N,26.0,0.0,59.43333333,154.0,W,48.0,9.0,-154.8025,3/1/1976 12:00:00 AM,,0,1
1275301,12753,KNT,Kennett Memorial,"Kennett, MO",64,United States,US,Missouri,MO,29.0,32753,"Kennett, MO",64,36.0,N,13.0,33.0,36.22583333,90.0,W,2.0,12.0,-90.03666667,3/1/2003 12:00:00 AM,,0,1
1275501,12755,KNW,New Stuyahok Airport,"New Stuyahok, AK",1,United States,US,Alaska,AK,2.0,32755,"New Stuyahok, AK",1,59.0,N,27.0,8.0,59.45222222,157.0,W,19.0,47.0,-157.32972222,1/1/1950 12:00:00 AM,6/30/2011 12:00:00 AM,0,0
1275801,12758,KOA,Keahole,"Kona, HI",2,United States,US,Hawaii,HI,15.0,32758,"Kona, HI",2,19.0,N,44.0,20.0,19.73888889,156.0,W,2.0,44.0,-156.04555556,1/1/1950 12:00:00 AM,3/31/1993 12:00:00 AM,0,0
1276901,12769,KOT,Kotlik Airport,"Kotlik, AK",1,United States,US,Alaska,AK,2.0,32769,"Kotlik, AK",1,63.0,N,1.0,47.0,63.02972222,163.0,W,33.0,37.0,-163.56027778,1/1/1950 12:00:00 AM,6/30/2011 12:00:00 AM,0,0
1277101,12771,KOY,Olga Bay Seaplane Base,"Olga Bay, AK",1,United States,US,Alaska,AK,2.0,32771,"Olga Bay, AK",1,57.0,N,9.0,44.0,57.16222222,154.0,W,13.0,39.0,-154.2275,1/1/1950 12:00:00 AM,,0,1
1277201,12772,KOZ,Ouzinkie Airport,"Ouzinkie, AK",1,United States,US,Alaska,AK,2.0,32772,"Ouzinkie, AK",1,57.0,N,55.0,0.0,57.91666667,152.0,W,30.0,0.0,-152.5,1/1/1950 12:00:00 AM,6/30/2011 12:00:00 AM,0,0
1277301,12773,KPB,Point Baker Airport,"Point Baker, AK",1,United States,US,Alaska,AK,2.0,32773,"Point Baker, AK",1,56.0,N,21.0,0.0,56.35,133.0,W,37.0,0.0,-133.61666667,1/1/1950 12:00:00 AM,,0,1
1277401,12774,KPC,Port Clarence CGS,"Port Clarence, AK",1,United States,US,Alaska,AK,2.0,32774,"Port Clarence, AK",1,65.0,N,15.0,16.0,65.25444444,166.0,W,51.0,21.0,-166.85583333,1/1/1950 12:00:00 AM,6/30/2011 12:00:00 AM,0,0
1277501,12775,KPH,Pauloff Harbor Airport,"Pauloff Harbor, AK",1,United States,US,Alaska,AK,2.0,32775,"Pauloff Harbor, AK",1,54.0,N,27.0,0.0,54.45,162.0,W,41.0,0.0,-162.68333333,1/1/1950 12:00:00 AM,,0,1
1277701,12777,KPK,Parks Seaplane Base,"Parks, AK",1,United States,US,Alaska,AK,2.0,32777,"Parks, AK",1,57.0,N,26.0,1.0,57.43361111,153.0,W,54.0,0.0,-153.9,1/1/1950 12:00:00 AM,,0,1
1277801,12778,KPM,Napamute Airport,"Napamute, AK",1,United States,US,Alaska,AK,2.0,32778,"Napamute, AK",1,61.0,N,31.0,53.0,61.53138889,158.0,W,38.0,27.0,-158.64083333,1/1/1950 12:00:00 AM,,0,1
1277901,12779,KPN,Kipnuk Airport,"Kipnuk, AK",1,United States,US,Alaska,AK,2.0,32779,"Kipnuk, AK",1,59.0,N,56.0,0.0,59.93333333,164.0,W,3.0,0.0,-164.05,1/1/1950 12:00:00 AM,6/30/2011 12:00:00 AM,0,0
1278201,12782,KPR,Port Williams Airport,"Port Williams, AK",1,United States,US,Alaska,AK,2.0,32782,"Port Williams, AK",1,58.0,N,26.0,0.0,58.43333333,152.0,W,35.0,0.0,-152.58333333,1/1/1950 12:00:00 AM,,0,1
1278401,12784,KPV,Perryville Airport,"Perryville, AK",1,United States,US,Alaska,AK,2.0,32784,"Perryville, AK",1,55.0,N,54.0,24.0,55.90666667,159.0,W,8.0,42.0,-159.145,1/1/1950 12:00:00 AM,5/31/1984 12:00:00 AM,0,0
1278501,12785,KPY,Port Bailey Airport,"Port Bailey, AK",1,United States,US,Alaska,AK,2.0,32785,"Port Bailey, AK",1,57.0,N,56.0,0.0,57.93333333,153.0,W,2.0,0.0,-153.03333333,1/1/1950 12:00:00 AM,,0,1
1278601,12786,KQA,Akutan Airport,"Akutan, AK",1,United States,US,Alaska,AK,2.0,32786,"Akutan, AK",1,54.0,N,8.0,0.0,54.13333333,165.0,W,47.0,0.0,-165.78333333,1/1/1950 12:00:00 AM,,0,1
1279601,12796,KS2,Coffey County,"Burlington, KS",62,United States,US,Kansas,KS,20.0,32796,"Burlington, KS",62,38.0,N,18.0,9.0,38.3025,95.0,W,43.0,30.0,-95.725,1/1/2006 12:00:00 AM,,0,1
1280701,12807,KSM,St. Mary's Airport,"St. Mary's, AK",1,United States,US,Alaska,AK,2.0,32807,"St. Mary's, AK",1,62.0,N,3.0,42.0,62.06166667,163.0,W,17.0,53.0,-163.29805556,1/1/1950 12:00:00 AM,6/30/2011 12:00:00 AM,0,0
1281201,12812,KSR,Federal No.1,"Sandy River, AK",1,United States,US,Alaska,AK,2.0,32812,"Sandy River, AK",1,56.0,N,14.0,40.0,56.24444444,160.0,W,23.0,11.0,-160.38638889,6/1/2002 12:00:00 AM,,0,1
1281501,12815,KTB,Thorne Bay Seaplane Base,"Thorne Bay, AK",1,United States,US,Alaska,AK,2.0,32815,"Thorne Bay, AK",1,55.0,N,41.0,18.0,55.68833333,132.0,W,32.0,6.0,-132.535,1/1/1950 12:00:00 AM,,0,1
1281901,12819,KTN,Ketchikan International,"Ketchikan, AK",1,United States,US,Alaska,AK,2.0,31401,"Ketchikan, AK",1,55.0,N,21.0,30.0,55.35833333,131.0,W,43.0,0.0,-131.71666667,8/1/1973 12:00:00 AM,6/30/2011 12:00:00 AM,0,0
1282201,12822,KTS,Brevig Mission Airport,"Brevig Mission, AK",1,United States,US,Alaska,AK,2.0,32822,"Brevig Mission, AK",1,65.0,N,19.0,46.0,65.32944444,166.0,W,28.0,18.0,-166.47166667,1/1/1950 12:00:00 AM,6/30/2011 12:00:00 AM,0,0
1283101,12831,KUK,Kasigluk Airport,"Kasigluk, AK",1,United States,US,Alaska,AK,2.0,32831,"Kasigluk, AK",1,60.0,N,52.0,22.0,60.87277778,162.0,W,31.0,21.0,-162.5225,4/1/1981 12:00:00 AM,6/30/2011 12:00:00 AM,0,0
1283701,12837,KUW,Kugururok River Airport,"Kugururok River, AK",1,United States,US,Alaska,AK,2.0,32837,"Kugururok River, AK",1,68.0,N,18.0,25.0,68.30694444,161.0,W,24.0,0.0,-161.4,7/1/2002 12:00:00 AM,,0,1
1284101,12841,KVC,King Cove Airport,"King Cove, AK",1,United States,US,Alaska,AK,2.0,32841,"King Cove, AK",1,55.0,N,3.0,18.0,55.055,162.0,W,18.0,48.0,-162.31333333,1/1/1950 12:00:00 AM,6/30/2011 12:00:00 AM,0,0
1284401,12844,KVL,Kivalina Airport,"Kivalina, AK",1,United States,US,Alaska,AK,2.0,32844,"Kivalina, AK",1,67.0,N,43.0,54.0,67.73166667,164.0,W,32.0,50.0,-164.54722222,1/1/1950 12:00:00 AM,6/30/2011 12:00:00 AM,0,0
1284701,12847,KWF,Waterfall Seaplane Base,"Waterfall, AK",1,United States,US,Alaska,AK,2.0,32847,"Waterfall, AK",1,55.0,N,17.0,50.0,55.29722222,133.0,W,14.0,26.0,-133.24055556,1/1/1950 12:00:00 AM,,0,1
1285101,12851,KWK,Kwigillingok Airport,"Kwigillingok, AK",1,United States,US,Alaska,AK,2.0,32851,"Kwigillingok, AK",1,59.0,N,50.0,0.0,59.83333333,163.0,W,8.0,0.0,-163.13333333,1/1/1950 12:00:00 AM,6/30/2011 12:00:00 AM,0,0
1285301,12853,KWN,Quinhagak Airport,"Quinhagak, AK",1,United States,US,Alaska,AK,2.0,32853,"Quinhagak, AK",1,59.0,N,45.0,40.0,59.76111111,161.0,W,51.0,45.0,-161.8625,1/1/1950 12:00:00 AM,6/30/2011 12:00:00 AM,0,0
1285401,12854,KWP,West Point Village,"West Point, AK",1,United States,US,Alaska,AK,2.0,32854,"West Point, AK",1,57.0,N,46.0,1.0,57.76694444,153.0,W,33.0,0.0,-153.55,1/1/1950 12:00:00 AM,,0,1
1285501,12855,KWT,Kwethluk Airport,"Kwethluk, AK",1,United States,US,Alaska,AK,2.0,32855,"Kwethluk, AK",1,60.0,N,48.0,32.0,60.80888889,161.0,W,26.0,15.0,-161.4375,1/1/1950 12:00:00 AM,6/30/2011 12:00:00 AM,0,0
1285701,12857,KXA,Kasaan Seaplane Base,"Kasaan, AK",1,United States,US,Alaska,AK,2.0,32857,"Kasaan, AK",1,55.0,N,32.0,16.0,55.53777778,132.0,W,23.0,45.0,-132.39583333,1/1/1950 12:00:00 AM,,0,1
1285901,12859,KY1,Stuart Powell Field,"Danville, KY",52,United States,US,Kentucky,KY,21.0,32859,"Danville, KY",52,37.0,N,34.0,7.0,37.56861111,84.0,W,46.0,20.0,-84.77222222,4/1/2003 12:00:00 AM,6/30/2011 12:00:00 AM,0,0
1286001,12860,KY2,Sturgis Municipal,"Sturgis, KY",52,United States,US,Kentucky,KY,21.0,32860,"Sturgis, KY",52,37.0,N,32.0,45.0,37.54583333,87.0,W,57.0,11.0,-87.95305556,5/1/2003 12:00:00 AM,6/30/2011 12:00:00 AM,0,0
1286101,12861,KY3,Mount Sterling - Montgomery County,"Mount Sterling, KY",52,United States,US,Kentucky,KY,21.0,32861,"Mount Sterling, KY",52,38.0,N,3.0,29.0,38.05805556,83.0,W,58.0,46.0,-83.97944444,1/1/2005 12:00:00 AM,9/30/2018 12:00:00 AM,0,0
1286201,12862,KY4,Henderson City - County,"Henderson, KY",52,United States,US,Kentucky,KY,21.0,32862,"Henderson, KY",52,37.0,N,48.0,28.0,37.80777778,87.0,W,41.0,8.0,-87.68555556,1/1/2005 12:00:00 AM,6/30/2011 12:00:00 AM,0,0
1286301,12863,KY5,Madisonville Municipal,"Madisonville, KY",52,United States,US,Kentucky,KY,21.0,32863,"Madisonville, KY",52,37.0,N,21.0,18.0,37.355,87.0,W,23.0,58.0,-87.39944444,1/1/2005 12:00:00 AM,6/30/2011 12:00:00 AM,0,0
1286501,12865,KYC,Yankee Creek 2,"Yankee Creek, AK",1,United States,US,Alaska,AK,2.0,32865,"Yankee Creek, AK",1,63.0,N,0.0,9.0,63.0025,156.0,W,21.0,56.0,-156.36555556,1/1/1950 12:00:00 AM,6/30/2011 12:00:00 AM,0,0
1286601,12866,KYK,Karluk Airport,"Karluk, AK",1,United States,US,Alaska,AK,2.0,32866,"Karluk, AK",1,57.0,N,33.0,58.0,57.56611111,154.0,W,27.0,0.0,-154.45,1/1/1950 12:00:00 AM,6/30/2011 12:00:00 AM,0,0
1286801,12868,KYU,Koyukuk Airport,"Koyukuk, AK",1,United States,US,Alaska,AK,2.0,32868,"Koyukuk, AK",1,64.0,N,52.0,41.0,64.87805556,157.0,W,42.0,47.0,-157.71305556,1/1/1950 12:00:00 AM,6/30/2011 12:00:00 AM,0,0
1286901,12869,KZB,Zachar Bay Airport,"Zachar Bay, AK",1,United States,US,Alaska,AK,2.0,32869,"Zachar Bay, AK",1,57.0,N,33.0,0.0,57.55,153.0,W,45.0,0.0,-153.75,1/1/1950 12:00:00 AM,,0,1
1287001,12870,KZH,Kizhuyak Airport,"Kizhuyak, AK",1,United States,US,Alaska,AK,2.0,30006,"Kizhuyak, AK",1,57.0,N,34.0,59.0,57.58305556,153.0,W,9.0,0.0,-153.15,6/1/1984 12:00:00 AM,,0,1
1287301,12873,LAA,Lamar Municipal,"Lamar, CO",82,United States,US,Colorado,CO,8.0,32873,"Lamar, CO",82,38.0,N,4.0,7.0,38.06861111,102.0,W,41.0,25.0,-102.69027778,1/1/1950 12:00:00 AM,6/30/2011 12:00:00 AM,0,0
1287801,12878,LAF,Purdue University,"Lafayette, IN",42,United States,US,Indiana,IN,18.0,32878,"Lafayette, IN",42,40.0,N,24.0,43.0,40.41194444,86.0,W,56.0,1.0,-86.93361111,1/1/1950 12:00:00 AM,12/31/2005 12:00:00 AM,0,0
1288201,12882,LAL,Lakeland Municipal,"Lakeland, FL",33,United States,US,Florida,FL,12.0,33195,"Tampa, FL (Metropolitan Area)",33,27.0,N,59.0,20.0,27.98888889,82.0,W,0.0,53.0,-82.01472222,1/1/1950 12:00:00 AM,6/30/2011 12:00:00 AM,0,0
1288301,12883,LAM,Los Alamos Airport,"Los Alamos, NM",86,United States,US,New Mexico,NM,35.0,32883,"Los Alamos, NM",86,35.0,N,52.0,47.0,35.87972222,106.0,W,16.0,10.0,-106.26944444,1/1/1950 12:00:00 AM,9/30/2011 12:00:00 AM,0,0
1288401,12884,LAN,Capital City,"Lansing, MI",43,United States,US,Michigan,MI,26.0,32884,"Lansing, MI",43,42.0,N,46.0,45.0,42.77916667,84.0,W,35.0,18.0,-84.58833333,1/1/1950 12:00:00 AM,12/31/2008 12:00:00 AM,0,0
1288801,12888,LAR,General Brees Field,"Laramie, WY",88,United States,US,Wyoming,WY,56.0,32888,"Laramie, WY",88,41.0,N,18.0,49.0,41.31361111,105.0,W,40.0,23.0,-105.67305556,1/1/1950 12:00:00 AM,6/30/2011 12:00:00 AM,0,0
1288901,12889,LAS,McCarran International,"Las Vegas, NV",85,United States,US,Nevada,NV,32.0,32211,"Las Vegas, NV",85,36.0,N,4.0,48.0,36.08,115.0,W,9.0,8.0,-115.15222222,1/1/1950 12:00:00 AM,12/31/1989 12:00:00 AM,0,0
1289101,12891,LAW,Lawton-Fort Sill Regional,"Lawton/Fort Sill, OK",73,United States,US,Oklahoma,OK,40.0,32891,"Lawton/Fort Sill, OK",73,34.0,N,34.0,11.0,34.56972222,98.0,W,24.0,58.0,-98.41611111,1/1/1950 12:00:00 AM,6/30/2011 12:00:00 AM,0,0
1289201,12892,LAX,Los Angeles International,"Los Angeles, CA",91,United States,US,California,CA,6.0,32575,"Los Angeles, CA (Metropolitan Area)",91,33.0,N,56.0,33.0,33.9425,118.0,W,24.0,29.0,-118.40805556,1/1/1950 12:00:00 AM,6/30/2011 12:00:00 AM,0,0
1289601,12896,LBB,Lubbock Regional,"Lubbock, TX",74,United States,US,Texas,TX,48.0,32896,"Lubbock, TX",74,33.0,N,39.0,44.0,33.66222222,101.0,W,49.0,22.0,-101.82277778,1/1/1950 12:00:00 AM,11/30/1991 12:00:00 AM,0,0
1289801,12898,LBE,Latrobe Airport,"Latrobe, PA",23,United States,US,Pennsylvania,PA,42.0,32898,"Latrobe, PA",23,40.0,N,16.0,35.0,40.27638889,79.0,W,24.0,10.0,-79.40277778,12/1/1976 12:00:00 AM,1/31/2003 12:00:00 AM,0,0
1289901,12899,LBF,North Platte Regional Airport Lee Bird Field,"North Platte, NE",65,United States,US,Nebraska,NE,31.0,32899,"North Platte, NE",65,41.0,N,7.0,42.0,41.12833333,100.0,W,41.0,48.0,-100.69666667,1/1/1950 12:00:00 AM,6/30/2011 12:00:00 AM,0,0
1290201,12902,LBL,Liberal Municipal,"Liberal, KS",62,United States,US,Kansas,KS,20.0,32902,"Liberal, KS",62,37.0,N,2.0,40.0,37.04444444,100.0,W,57.0,38.0,-100.96055556,1/1/1950 12:00:00 AM,6/30/2011 12:00:00 AM,0,0
1290601,12906,LBT,Lumberton Municipal,"Lumberton, NC",36,United States,US,North Carolina,NC,37.0,32906,"Lumberton, NC",36,34.0,N,36.0,40.0,34.61111111,79.0,W,3.0,28.0,-79.05777778,9/1/1977 12:00:00 AM,6/30/2011 12:00:00 AM,0,0
1291501,12915,LCH,Lake Charles Regional,"Lake Charles, LA",72,United States,US,Louisiana,LA,22.0,31205,"Lake Charles, LA",72,30.0,N,7.0,52.0,30.13111111,93.0,W,13.0,32.0,-93.22555556,1/1/1950 12:00:00 AM,12/31/1990 12:00:00 AM,0,0
1291601,12916,LCI,Laconia Municipal,"Laconia, NH",14,United States,US,New Hampshire,NH,33.0,32916,"Laconia, NH",14,43.0,N,34.0,17.0,43.57138889,71.0,W,25.0,16.0,-71.42111111,1/1/1950 12:00:00 AM,6/30/2011 12:00:00 AM,0,0
1291701,12917,LCK,Lockbourne AFB,"Columbus, OH",44,United States,US,Ohio,OH,39.0,31066,"Columbus, OH",44,39.0,N,48.0,51.0,39.81416667,82.0,W,55.0,56.0,-82.93222222,3/1/1977 12:00:00 AM,12/31/1997 12:00:00 AM,0,0
1292501,12925,LDJ,Linden Airport,"Linden, NJ",21,United States,US,New Jersey,NJ,34.0,32925,"Linden, NJ",21,40.0,N,37.0,3.0,40.6175,74.0,W,14.0,42.0,-74.245,3/1/1976 12:00:00 AM,6/30/2011 12:00:00 AM,0,0
1292701,12927,LDM,Ludington Airport,"Ludington, MI",43,United States,US,Michigan,MI,26.0,32927,"Ludington, MI",43,43.0,N,57.0,44.0,43.96222222,86.0,W,24.0,35.0,-86.40972222,4/1/1976 12:00:00 AM,1/31/2003 12:00:00 AM,0,0
1293201,12932,LEB,Lebanon Municipal,"Lebanon-Hanover, NH",14,United States,US,New Hampshire,NH,33.0,32932,"Lebanon-Hanover, NH",14,43.0,N,37.0,41.0,43.62805556,72.0,W,18.0,21.0,-72.30583333,7/1/1969 12:00:00 AM,6/30/2011 12:00:00 AM,0,0
1293401,12934,LEE,Leesburg Municipal,"Leesburg, FL",33,United States,US,Florida,FL,12.0,32934,"Leesburg, FL",33,28.0,N,49.0,22.0,28.82277778,81.0,W,48.0,33.0,-81.80916667,12/1/1986 12:00:00 AM,6/30/2011 12:00:00 AM,0,0
1294401,12944,LEW,Auburn Lewiston Municipal,"Lewiston/Auburn, ME",12,United States,US,Maine,ME,23.0,32944,"Lewiston/Auburn, ME",12,44.0,N,2.0,51.0,44.0475,70.0,W,17.0,2.0,-70.28388889,1/1/1950 12:00:00 AM,6/30/2011 12:00:00 AM,0,0
1294501,12945,LEX,Blue Grass,"Lexington, KY",52,United States,US,Kentucky,KY,21.0,32945,"Lexington, KY",52,38.0,N,2.0,23.0,38.03972222,84.0,W,36.0,8.0,-84.60222222,1/1/1950 12:00:00 AM,2/28/2001 12:00:00 AM,0,0
1294701,12947,LFI,Langley AFB,"Newport News/Hampton, VA",38,United States,US,Virginia,VA,51.0,33667,"Norfolk, VA (Metropolitan Area)",38,37.0,N,4.0,58.0,37.08277778,76.0,W,21.0,39.0,-76.36083333,1/1/1950 12:00:00 AM,6/30/2011 12:00:00 AM,0,0
1294801,12948,LFK,Angelina County,"Lufkin, TX",74,United States,US,Texas,TX,48.0,32948,"Lufkin, TX",74,31.0,N,14.0,3.0,31.23416667,94.0,W,45.0,1.0,-94.75027778,1/1/1950 12:00:00 AM,6/30/2011 12:00:00 AM,0,0
1295101,12951,LFT,Lafayette Regional,"Lafayette, LA",72,United States,US,Louisiana,LA,22.0,32951,"Lafayette, LA",72,30.0,N,12.0,17.0,30.20472222,91.0,W,59.0,15.0,-91.9875,1/1/1950 12:00:00 AM,6/30/2011 12:00:00 AM,0,0
1295301,12953,LGA,LaGuardia,"New York, NY",22,United States,US,New York,NY,36.0,31703,"New York City, NY (Metropolitan Area)",22,40.0,N,46.0,46.0,40.77944444,73.0,W,52.0,33.0,-73.87583333,1/1/1950 12:00:00 AM,6/30/2011 12:00:00 AM,0,0
1295401,12954,LGB,Long Beach Daugherty Field,"Long Beach, CA",91,United States,US,California,CA,6.0,32575,"Los Angeles, CA (Metropolitan Area)",91,33.0,N,49.0,3.0,33.8175,118.0,W,9.0,4.0,-118.15111111,1/1/1950 12:00:00 AM,6/30/2011 12:00:00 AM,0,0
1295501,12955,LGC,Callaway,"LaGrange, GA",34,United States,US,Georgia,GA,13.0,32955,"LaGrange, GA",34,33.0,N,0.0,31.0,33.00861111,85.0,W,4.0,22.0,-85.07277778,1/1/1950 12:00:00 AM,6/30/2011 12:00:00 AM,0,0
1295601,12956,LGD,La Grande/Union County,"La Grande, OR",92,United States,US,Oregon,OR,41.0,32956,"La Grande, OR",92,45.0,N,17.0,22.0,45.28944444,118.0,W,0.0,18.0,-118.005,1/1/1950 12:00:00 AM,6/30/2011 12:00:00 AM,0,0
1296101,12961,LGM,Longmont Municipal,"Longmont, CO",82,United States,US,Colorado,CO,8.0,32961,"Longmont, CO",82,40.0,N,9.0,42.0,40.16166667,105.0,W,9.0,41.0,-105.16138889,1/1/1950 12:00:00 AM,,0,1
1296501,12965,LGU,Logan Cache,"Logan, UT",87,United States,US,Utah,UT,49.0,32965,"Logan, UT",87,41.0,N,47.0,15.0,41.7875,111.0,W,51.0,18.0,-111.855,1/1/1950 12:00:00 AM,6/30/2011 12:00:00 AM,0,0
1296801,12968,LHB,Lost Harbor Airport,"Lost Harbor, AK",1,United States,US,Alaska,AK,2.0,32968,"Lost Harbor, AK",1,54.0,N,13.0,34.0,54.22611111,165.0,W,36.0,40.0,-165.61111111,3/1/1990 12:00:00 AM,,0,1
1297101,12971,LHQ,Fairfield County,"Lancaster, OH",44,United States,US,Ohio,OH,39.0,32971,"Lancaster, OH",44,39.0,N,45.0,20.0,39.75555556,82.0,W,39.0,26.0,-82.65722222,3/1/2002 12:00:00 AM,,0,1
1297401,12974,LHV,William T. Piper Memorial,"Lock Haven, PA",23,United States,US,Pennsylvania,PA,42.0,32974,"Lock Haven, PA",23,41.0,N,8.0,8.0,41.13555556,77.0,W,25.0,20.0,-77.42222222,1/1/2004 12:00:00 AM,9/30/2011 12:00:00 AM,0,0
1297601,12976,LHX,La Junta Municipal,"La Junta, CO",82,United States,US,Colorado,CO,8.0,32976,"La Junta, CO",82,38.0,N,3.0,3.0,38.05083333,103.0,W,30.0,41.0,-103.51138889,1/1/1950 12:00:00 AM,6/30/2011 12:00:00 AM,0,0
1297901,12979,LIC,Limon Municipal,"Limon, CO",82,United States,US,Colorado,CO,8.0,32979,"Limon, CO",82,39.0,N,16.0,22.0,39.27277778,103.0,W,39.0,57.0,-103.66583333,3/1/1991 12:00:00 AM,6/30/2011 12:00:00 AM,0,0
1298201,12982,LIH,Lihue Airport,"Lihue, HI",2,United States,US,Hawaii,HI,15.0,32982,"Lihue, HI",2,21.0,N,58.0,45.0,21.97916667,159.0,W,20.0,45.0,-159.34583333,1/1/1950 12:00:00 AM,6/30/2011 12:00:00 AM,0,0
1298301,12983,LIJ,Long Island Airport,"Long Island, AK",1,United States,US,Alaska,AK,2.0,32983,"Long Island, AK",1,54.0,N,54.0,0.0,54.9,132.0,W,45.0,0.0,-132.75,12/1/1984 12:00:00 AM,,0,1
1299201,12992,LIT,Adams Field,"Little Rock, AR",71,United States,US,Arkansas,AR,5.0,32600,"Little Rock, AR",71,34.0,N,43.0,45.0,34.72916667,92.0,W,14.0,4.0,-92.23444444,1/1/1950 12:00:00 AM,11/30/1995 12:00:00 AM,0,0
1299301,12993,LIV,Livengood Airport,"Livengood, AK",1,United States,US,Alaska,AK,2.0,32993,"Livengood, AK",1,65.0,N,31.0,52.0,65.53111111,148.0,W,32.0,28.0,-148.54111111,1/1/1950 12:00:00 AM,,0,1
1299501,12995,LIY,Wright AAF,"Hinesville, GA",34,United States,US,Georgia,GA,13.0,32995,"Hinesville, GA",34,31.0,N,53.0,24.0,31.89,81.0,W,33.0,40.0,-81.56111111,1/1/1950 12:00:00 AM,6/30/2011 12:00:00 AM,0,0
1299601,12996,LIZ,Loring AFB,"Limestone, ME",12,United States,US,Maine,ME,23.0,32996,"Limestone, ME",12,46.0,N,57.0,1.0,46.95027778,67.0,W,53.0,10.0,-67.88611111,1/1/1950 12:00:00 AM,9/30/1994 12:00:00 AM,0,0
1299901,12999,LJN,Brazoria County,"Lake Jackson, TX",74,United States,US,Texas,TX,48.0,32999,"Lake Jackson, TX",74,29.0,N,2.0,18.0,29.03833333,95.0,W,27.0,25.0,-95.45694444,1/1/1950 12:00:00 AM,,0,1
1300101,13001,LJY,Floyd W Jones Lebanon,"Lebanon, MO",64,United States,US,Missouri,MO,29.0,33001,"Lebanon, MO",64,37.0,N,38.0,40.0,37.64444444,92.0,W,39.0,9.0,-92.6525,1/1/1950 12:00:00 AM,6/30/2011 12:00:00 AM,0,0
1300201,13002,LKE,Lake Union Terminal,"Seattle, WA",93,United States,US,Washington,WA,53.0,30559,"Seattle, WA",93,47.0,N,37.0,44.0,47.62888889,122.0,W,20.0,19.0,-122.33861111,1/1/1950 12:00:00 AM,,0,1
1300301,13003,LKK,Kulik Lake Airport,"Kulik Lake, AK",1,United States,US,Alaska,AK,2.0,33003,"Kulik Lake, AK",1,58.0,N,58.0,3.0,58.9675,155.0,W,5.0,42.0,-155.095,1/1/1950 12:00:00 AM,6/30/2011 12:00:00 AM,0,0
1300801,13008,LKP,Lake Placid Airport,"Lake Placid, NY",22,United States,US,New York,NY,36.0,33008,"Lake Placid, NY",22,44.0,N,15.0,52.0,44.26444444,73.0,W,57.0,42.0,-73.96166667,6/1/2006 12:00:00 AM,6/30/2011 12:00:00 AM,0,0
1300901,13009,LKV,Lake County,"Lakeview, OR",92,United States,US,Oregon,OR,41.0,33009,"Lakeview, OR",92,42.0,N,9.0,40.0,42.16111111,120.0,W,23.0,53.0,-120.39805556,3/1/1978 12:00:00 AM,6/30/2011 12:00:00 AM,0,0
1301501,13015,LLY,South Jersey Regional,"Mount Holly, NJ",21,United States,US,New Jersey,NJ,34.0,33015,"Mount Holly, NJ",21,39.0,N,56.0,36.0,39.94333333,74.0,W,50.0,37.0,-74.84361111,9/1/1981 12:00:00 AM,6/30/2011 12:00:00 AM,0,0
1301601,13016,LMA,Lake Minchumina Airport,"Lake Minchumina, AK",1,United States,US,Alaska,AK,2.0,33016,"Minchumina, AK",1,63.0,N,53.0,10.0,63.88611111,152.0,W,18.0,7.0,-152.30194444,1/1/1950 12:00:00 AM,1/31/2012 12:00:00 AM,0,0
1302301,13023,LMS,Louisville Winston County,"Louisville, MS",53,United States,US,Mississippi,MS,28.0,33023,"Louisville, MS",53,33.0,N,8.0,34.0,33.14277778,89.0,W,3.0,40.0,-89.06111111,1/1/1950 12:00:00 AM,6/30/2011 12:00:00 AM,0,0
1302401,13024,LMT,Kingsley Field,"Klamath Falls, OR",92,United States,US,Oregon,OR,41.0,33024,"Klamath Falls, OR",92,42.0,N,9.0,47.0,42.16305556,121.0,W,44.0,9.0,-121.73583333,1/1/1950 12:00:00 AM,6/30/2011 12:00:00 AM,0,0
1302601,13026,LND,Hunt Field,"Lander, WY",88,United States,US,Wyoming,WY,56.0,33026,"Lander, WY",88,42.0,N,48.0,55.0,42.81527778,108.0,W,43.0,46.0,-108.72944444,3/1/1977 12:00:00 AM,6/30/2011 12:00:00 AM,0,0
1302801,13028,LNI,Lonely Air Station,"Lonely, AK",1,United States,US,Alaska,AK,2.0,30032,"Lonely, AK",1,70.0,N,54.0,40.0,70.91111111,153.0,W,14.0,20.0,-153.23888889,1/1/1950 12:00:00 AM,6/30/2011 12:00:00 AM,0,0
1302901,13029,LNK,Lincoln Airport,"Lincoln, NE",65,United States,US,Nebraska,NE,31.0,33029,"Lincoln, NE",65,40.0,N,51.0,3.0,40.85083333,96.0,W,45.0,32.0,-96.75888889,1/1/1950 12:00:00 AM,6/30/2011 12:00:00 AM,0,0
1303001,13030,LNL,Kings Land O' Lakes,"Land O' Lakes, WI",45,United States,US,Wisconsin,WI,55.0,33030,"Land O' Lakes, WI",45,46.0,N,9.0,0.0,46.15,89.0,W,13.0,0.0,-89.21666667,1/1/1950 12:00:00 AM,6/30/2011 12:00:00 AM,0,0
1303101,13031,LNP,Lonesome Pine,"Wise, VA",38,United States,US,Virginia,VA,51.0,33031,"Wise, VA",38,36.0,N,59.0,9.0,36.98583333,82.0,W,31.0,59.0,-82.53305556,6/1/1977 12:00:00 AM,6/30/2011 12:00:00 AM,0,0
1303201,13032,LNS,Lancaster Airport,"Lancaster, PA",23,United States,US,Pennsylvania,PA,42.0,33032,"Lancaster, PA",23,40.0,N,7.0,16.0,40.12111111,76.0,W,17.0,59.0,-76.29972222,1/1/1950 12:00:00 AM,6/30/2011 12:00:00 AM,0,0
1303301,13033,LNT,Lanett Municipal,"Lanett, AL",51,United States,US,Alabama,AL,1.0,33033,"Lanett, AL",51,32.0,N,49.0,20.0,32.82222222,85.0,W,14.0,0.0,-85.23333333,1/1/1950 12:00:00 AM,6/30/2011 12:00:00 AM,0,0
1303401,13034,LNY,Lanai Airport,"Lanai, HI",2,United States,US,Hawaii,HI,15.0,33034,"Lanai, HI",2,20.0,N,47.0,5.0,20.78472222,156.0,W,56.0,58.0,-156.94944444,1/1/1950 12:00:00 AM,6/30/2011 12:00:00 AM,0,0
1303901,13039,LOL,Derby Field,"Lovelock, NV",85,United States,US,Nevada,NV,32.0,33039,"Lovelock, NV",85,40.0,N,4.0,5.0,40.06805556,118.0,W,33.0,42.0,-118.56166667,1/1/1950 12:00:00 AM,6/30/2011 12:00:00 AM,0,0
1304401,13044,LOU,Bowman Field,"Louisville, KY",52,United States,US,Kentucky,KY,21.0,33044,"Louisville, KY",52,38.0,N,13.0,38.0,38.22722222,85.0,W,39.0,49.0,-85.66361111,1/1/1950 12:00:00 AM,6/30/2011 12:00:00 AM,0,0
1304601,13046,LOZ,Roscoe E. Magee Memorial,"London/Corbin, KY",52,United States,US,Kentucky,KY,21.0,33046,"London/Corbin, KY",52,37.0,N,5.0,14.0,37.08722222,84.0,W,4.0,37.0,-84.07694444,1/1/1950 12:00:00 AM,6/30/2011 12:00:00 AM,0,0
1304901,13049,LPC,Lompoc Airport,"Lompoc, CA",91,United States,US,California,CA,6.0,33049,"Lompoc, CA",91,34.0,N,39.0,58.0,34.66611111,120.0,W,27.0,56.0,-120.46555556,1/1/1950 12:00:00 AM,6/30/2011 12:00:00 AM,0,0
1305201,13052,LPO,La Porte Municipal,"La Porte, IN",42,United States,US,Indiana,IN,18.0,33052,"La Porte, IN",42,41.0,N,34.0,22.0,41.57277778,86.0,W,44.0,3.0,-86.73416667,12/1/1977 12:00:00 AM,6/30/2011 12:00:00 AM,0,0
1305501,13055,LPS,Lopez Island Airport,"Lopez Island, WA",93,United States,US,Washington,WA,53.0,33055,"Lopez Island, WA",93,48.0,N,28.0,58.0,48.48277778,122.0,W,56.0,8.0,-122.93555556,6/1/1977 12:00:00 AM,6/30/2011 12:00:00 AM,0,0
1305701,13057,LPW,Little Port Walter Airport,"Little Port Walter, AK",1,United States,US,Alaska,AK,2.0,33057,"Little Port Walter, AK",1,56.0,N,23.0,0.0,56.38333333,134.0,W,50.0,0.0,-134.83333333,1/1/1950 12:00:00 AM,,0,1
1305801,13058,LQK,Pickens County,"Pickens, SC",37,United States,US,South Carolina,SC,45.0,33058,"Pickens, SC",37,34.0,N,48.0,36.0,34.81,82.0,W,42.0,10.0,-82.70277778,6/1/1978 12:00:00 AM,,0,1
1306101,13061,LRD,Laredo AFB,"Laredo, TX",74,United States,US,Texas,TX,48.0,33038,"Laredo, TX",74,27.0,N,32.0,41.0,27.54472222,99.0,W,27.0,40.0,-99.46111111,1/1/1950 12:00:00 AM,12/31/1973 12:00:00 AM,0,0
1306301,13063,LRF,Little Rock AFB,"Jacksonville, AR",71,United States,US,Arkansas,AR,5.0,33063,"Jacksonville, AR",71,34.0,N,54.0,59.0,34.91638889,92.0,W,8.0,46.0,-92.14611111,1/1/1950 12:00:00 AM,6/30/2011 12:00:00 AM,0,0
1306401,13064,LRG,Loring Airport,"Loring, AK",1,United States,US,Alaska,AK,2.0,33064,"Loring, AK",1,55.0,N,36.0,6.0,55.60166667,131.0,W,38.0,6.0,-131.635,1/1/1950 12:00:00 AM,6/30/1982 12:00:00 AM,0,0
1306402,13064,WLR,Loring Airport,"Loring, AK",1,United States,US,Alaska,AK,2.0,33064,"Loring, AK",1,55.0,N,36.0,6.0,55.60166667,131.0,W,38.0,6.0,-131.635,7/1/1982 12:00:00 AM,,0,1
1306901,13069,LRN,Larson AFB,"Moses Lake, WA",93,United States,US,Washington,WA,53.0,33546,"Moses Lake, WA",93,47.0,N,8.0,35.0,47.14305556,119.0,W,14.0,25.0,-119.24027778,9/1/1994 12:00:00 AM,,0,1
1307001,13070,LRO,Sharpe AFF,"Lathrop, CA",91,United States,US,California,CA,6.0,33070,"Lathrop, CA",91,37.0,N,50.0,12.0,37.83666667,121.0,W,16.0,20.0,-121.27222222,3/1/1985 12:00:00 AM,,0,1
1307201,13072,LRU,Las Cruces Municipal,"Las Cruces, NM",86,United States,US,New Mexico,NM,35.0,33072,"Las Cruces, NM",86,32.0,N,17.0,27.0,32.29083333,106.0,W,55.0,18.0,-106.92166667,1/1/1950 12:00:00 AM,6/30/2011 12:00:00 AM,0,0
1307601,13076,LSE,La Crosse Municipal,"La Crosse, WI",45,United States,US,Wisconsin,WI,55.0,33076,"La Crosse, WI",45,43.0,N,52.0,38.0,43.87722222,91.0,W,15.0,23.0,-91.25638889,1/1/1950 12:00:00 AM,6/30/2011 12:00:00 AM,0,0
1307701,13077,LSF,Lawson AAF,"Columbus, GA",34,United States,US,Georgia,GA,13.0,31150,"Columbus, GA",34,32.0,N,20.0,16.0,32.33777778,84.0,W,59.0,32.0,-84.99222222,1/1/1950 12:00:00 AM,6/30/2011 12:00:00 AM,0,0
1308001,13080,LSN,Los Banos Municipal,"Los Banos, CA",91,United States,US,California,CA,6.0,33080,"Los Banos, CA",91,37.0,N,3.0,47.0,37.06305556,120.0,W,52.0,9.0,-120.86916667,1/1/1950 12:00:00 AM,6/30/2011 12:00:00 AM,0,0
1308302,13083,LSR,Lost River 1,"Lost River, AK",1,United States,US,Alaska,AK,2.0,33083,"Lost River, AK",1,65.0,N,23.0,46.0,65.39611111,167.0,W,9.0,47.0,-167.16305556,1/1/2023 12:00:00 AM,,0,1
1308701,13087,LSV,Nellis AFB,"Las Vegas, NV",85,United States,US,Nevada,NV,32.0,32211,"Las Vegas, NV",85,36.0,N,14.0,2.0,36.23388889,115.0,W,2.0,1.0,-115.03361111,1/1/1950 12:00:00 AM,6/30/2011 12:00:00 AM,0,0
1309701,13097,LTS,Altus AFB,"Altus, OK",73,United States,US,Oklahoma,OK,40.0,30451,"Altus, OK",73,34.0,N,39.0,50.0,34.66388889,99.0,W,16.0,25.0,-99.27361111,1/1/1950 12:00:00 AM,6/30/2011 12:00:00 AM,0,0
1310201,13102,LUF,Luke AFB,"Phoenix, AZ",81,United States,US,Arizona,AZ,4.0,30466,"Phoenix, AZ",81,33.0,N,32.0,6.0,33.535,112.0,W,22.0,59.0,-112.38305556,1/1/1950 12:00:00 AM,,0,1
1310501,13105,LUK,Lunken Field,"Cincinnati, OH",44,United States,US,Ohio,OH,39.0,33105,"Cincinnati, OH",44,39.0,N,6.0,10.0,39.10277778,84.0,W,25.0,17.0,-84.42138889,1/1/1950 12:00:00 AM,6/30/2011 12:00:00 AM,0,0
1310601,13106,LUL,Hesler-Noble Field,"Laurel, MS",53,United States,US,Mississippi,MS,28.0,33106,"Laurel, MS",53,31.0,N,40.0,8.0,31.66888889,89.0,W,10.0,13.0,-89.17027778,1/1/1950 12:00:00 AM,6/30/2011 12:00:00 AM,0,0
1310901,13109,LUP,Kalaupapa Airport,"Kalaupapa, HI",2,United States,US,Hawaii,HI,15.0,33109,"Kalaupapa, HI",2,21.0,N,12.0,40.0,21.21111111,156.0,W,58.0,28.0,-156.97444444,1/1/1950 12:00:00 AM,6/30/2011 12:00:00 AM,0,0
1311101,13111,LUR,Cape Lisburne AFS,"Cape Lisburne, AK",1,United States,US,Alaska,AK,2.0,33111,"Cape Lisburne, AK",1,68.0,N,52.0,33.0,68.87583333,166.0,W,6.0,25.0,-166.10694444,1/1/1950 12:00:00 AM,6/30/2011 12:00:00 AM,0,0
1311501,13115,LVD,Lime Village Airport,"Lime Village, AK",1,United States,US,Alaska,AK,2.0,33115,"Lime Village, AK",1,61.0,N,21.0,31.0,61.35861111,155.0,W,26.0,25.0,-155.44027778,3/1/1988 12:00:00 AM,6/30/2011 12:00:00 AM,0,0
1311701,13117,LVK,Livermore Municipal,"Livermore, CA",91,United States,US,California,CA,6.0,33117,"Livermore, CA",91,37.0,N,41.0,37.0,37.69361111,121.0,W,49.0,13.0,-121.82027778,12/1/1975 12:00:00 AM,6/30/2011 12:00:00 AM,0,0
1311801,13118,LVM,Livingston Airport,"Livingston, MT",84,United States,US,Montana,MT,30.0,33118,"Livingston, MT",84,45.0,N,40.0,0.0,45.66666667,110.0,W,34.0,0.0,-110.56666667,1/1/2000 12:00:00 AM,,0,1
1312001,13120,LVS,Las Vegas Municipal,"Las Vegas, NM",86,United States,US,New Mexico,NM,35.0,33120,"Las Vegas, NM",86,35.0,N,39.0,15.0,35.65416667,105.0,W,8.0,33.0,-105.1425,1/1/1950 12:00:00 AM,,0,1
1312101,13121,LWB,Greenbrier Valley,"Lewisburg, WV",39,United States,US,West Virginia,WV,54.0,33121,"Lewisburg, WV",39,37.0,N,51.0,35.0,37.85972222,80.0,W,23.0,55.0,-80.39861111,1/1/1950 12:00:00 AM,6/30/2011 12:00:00 AM,0,0
1312201,13122,LWC,Lawrence Municipal,"Lawrence, KS",62,United States,US,Kansas,KS,20.0,33122,"Lawrence, KS",62,39.0,N,0.0,33.0,39.00916667,95.0,W,13.0,3.0,-95.2175,1/1/1950 12:00:00 AM,6/30/2011 12:00:00 AM,0,0
1312301,13123,LWF,Lawrenceburg-Lawrence County,"Lawrenceburg, TN",54,United States,US,Tennessee,TN,47.0,33123,"Lawrenceburg, TN",54,35.0,N,14.0,3.0,35.23416667,87.0,W,15.0,29.0,-87.25805556,3/1/2002 12:00:00 AM,10/31/2011 12:00:00 AM,0,0
1312401,13124,LWL,Harriet Field,"Wells, NV",85,United States,US,Nevada,NV,32.0,33124,"Wells, NV",85,41.0,N,6.0,50.0,41.11388889,114.0,W,55.0,24.0,-114.92333333,9/1/1975 12:00:00 AM,6/30/2011 12:00:00 AM,0,0
1312501,13125,LWM,Lawrence Municipal,"Lawrence, MA",13,United States,US,Massachusetts,MA,25.0,33125,"Lawrence, MA",13,42.0,N,43.0,3.0,42.7175,71.0,W,7.0,21.0,-71.1225,1/1/1950 12:00:00 AM,6/30/2011 12:00:00 AM,0,0
1312701,13127,LWS,Lewiston Nez Perce County,"Lewiston, ID",83,United States,US,Idaho,ID,16.0,33127,"Lewiston, ID",83,46.0,N,22.0,29.0,46.37472222,117.0,W,0.0,52.0,-117.01444444,1/1/1950 12:00:00 AM,6/30/2011 12:00:00 AM,0,0
1312801,13128,LWT,Lewistown Municipal,"Lewistown, MT",84,United States,US,Montana,MT,30.0,33128,"Lewistown, MT",84,47.0,N,3.0,4.0,47.05111111,109.0,W,28.0,16.0,-109.47111111,1/1/1950 12:00:00 AM,6/30/2011 12:00:00 AM,0,0
1312901,13129,LWV,Lawrenceville-Vincennes International,"Lawrenceville, IL",41,United States,US,Illinois,IL,17.0,33129,"Lawrenceville, IL",41,38.0,N,45.0,47.0,38.76305556,87.0,W,36.0,4.0,-87.60111111,1/1/1950 12:00:00 AM,6/30/2011 12:00:00 AM,0,0
1313201,13132,LXN,Jim Kelly Field,"Lexington, NE",65,United States,US,Nebraska,NE,31.0,33132,"Lexington, NE",65,40.0,N,47.0,26.0,40.79055556,99.0,W,46.0,33.0,-99.77583333,12/1/1977 12:00:00 AM,,0,1
1313501,13135,LXV,Lake County,"Leadville, CO",82,United States,US,Colorado,CO,8.0,33135,"Leadville, CO",82,39.0,N,13.0,13.0,39.22027778,106.0,W,18.0,58.0,-106.31611111,1/1/1950 12:00:00 AM,6/30/2011 12:00:00 AM,0,0
1313901,13139,LYH,Lynchburg Regional/Preston Glenn Field,"Lynchburg, VA",38,United States,US,Virginia,VA,51.0,33139,"Lynchburg, VA",38,37.0,N,19.0,37.0,37.32694444,79.0,W,12.0,4.0,-79.20111111,1/1/1950 12:00:00 AM,6/30/2011 12:00:00 AM,0,0
1314401,13144,LYU,Ely Municipal,"Ely, MN",63,United States,US,Minnesota,MN,27.0,33144,"Ely, MN",63,47.0,N,49.0,28.0,47.82444444,91.0,W,49.0,51.0,-91.83083333,9/1/1975 12:00:00 AM,9/30/2011 12:00:00 AM,0,0
1315101,13151,LZU,Gwinnett County - Briscoe Field,"Lawrenceville, GA",34,United States,US,Georgia,GA,13.0,33151,"Lawrenceville, GA",34,33.0,N,58.0,40.0,33.97777778,83.0,W,57.0,44.0,-83.96222222,9/1/2000 12:00:00 AM,6/30/2011 12:00:00 AM,0,0
1315201,13152,MA1,Katama Airpark,"Edgartown, MA",13,United States,US,Massachusetts,MA,25.0,33152,"Edgartown, MA",13,41.0,N,21.0,30.0,41.35833333,70.0,W,31.0,28.0,-70.52444444,6/1/2008 12:00:00 AM,,0,1
1315501,13155,MAC,Macon Downtown,"Macon, GA",34,United States,US,Georgia,GA,13.0,33155,"Macon, GA",34,32.0,N,49.0,21.0,32.8225,83.0,W,33.0,44.0,-83.56222222,1/1/1950 12:00:00 AM,6/30/2011 12:00:00 AM,0,0
1315701,13157,MAE,Madera Municipal,"Madera, CA",91,United States,US,California,CA,6.0,33157,"Madera, CA",91,36.0,N,59.0,16.0,36.98777778,120.0,W,6.0,38.0,-120.11055556,12/1/1987 12:00:00 AM,6/30/2011 12:00:00 AM,0,0
1315801,13158,MAF,Midland Regional Air Trml,"Midland/Odessa, TX",74,United States,US,Texas,TX,48.0,33158,"Midland/Odessa, TX",74,31.0,N,56.0,27.0,31.94083333,102.0,W,12.0,5.0,-102.20138889,1/1/1950 12:00:00 AM,12/31/1992 12:00:00 AM,0,0
1317301,13173,MAW,Malden Municipal,"Malden, MO",64,United States,US,Missouri,MO,29.0,33173,"Malden, MO",64,36.0,N,36.0,2.0,36.60055556,89.0,W,59.0,32.0,-89.99222222,1/1/1950 12:00:00 AM,6/30/2011 12:00:00 AM,0,0
1317602,13176,MAZ,Eugenio Maria de Hostos,"Mayaguez, PR",3,United States,US,Puerto Rico,PR,72.0,33176,"Mayaguez, PR",3,18.0,N,15.0,28.0,18.25777778,67.0,W,8.0,55.0,-67.14861111,1/1/1990 12:00:00 AM,6/30/2011 12:00:00 AM,0,0
1318201,13182,MBL,Manistee County-Blacker,"Manistee/Ludington, MI",43,United States,US,Michigan,MI,26.0,33182,"Manistee/Ludington, MI",43,44.0,N,16.0,26.0,44.27388889,86.0,W,15.0,12.0,-86.25333333,1/1/1950 12:00:00 AM,6/30/2011 12:00:00 AM,0,0
1318401,13184,MBS,Tri City,"Saginaw/Bay City/Midland, MI",43,United States,US,Michigan,MI,26.0,33184,"Saginaw/Bay City/Midland, MI",43,43.0,N,31.0,54.0,43.53166667,84.0,W,4.0,54.0,-84.08166667,1/1/1950 12:00:00 AM,6/30/1984 12:00:00 AM,0,0
1318801,13188,MBY,Omar N Bradley,"Moberley, MO",64,United States,US,Missouri,MO,29.0,33188,"Moberley, MO",64,39.0,N,27.0,50.0,39.46388889,92.0,W,25.0,36.0,-92.42666667,1/1/1950 12:00:00 AM,6/30/2011 12:00:00 AM,0,0
1319101,13191,MCB,McComb/Pike County/John E. Lewis Field,"McComb, MS",53,United States,US,Mississippi,MS,28.0,33191,"McComb, MS",53,31.0,N,10.0,43.0,31.17861111,90.0,W,28.0,18.0,-90.47166667,1/1/1950 12:00:00 AM,6/30/2011 12:00:00 AM,0,0
1319201,13192,MCC,McClellan AFB,"Sacramento, CA",91,United States,US,California,CA,6.0,33192,"Sacramento, CA",91,38.0,N,40.0,4.0,38.66777778,121.0,W,23.0,58.0,-121.39944444,1/1/1950 12:00:00 AM,7/31/2001 12:00:00 AM,0,0
1319301,13193,MCD,Mackinac Island Airport,"Mackinac Island, MI",43,United States,US,Michigan,MI,26.0,33193,"Mackinac Island, MI",43,45.0,N,51.0,53.0,45.86472222,84.0,W,38.0,14.0,-84.63722222,12/1/1980 12:00:00 AM,6/30/2011 12:00:00 AM,0,0
1319401,13194,MCE,Merced Macready Regional,"Merced, CA",91,United States,US,California,CA,6.0,33194,"Merced, CA",91,37.0,N,17.0,5.0,37.28472222,120.0,W,30.0,46.0,-120.51277778,1/1/1950 12:00:00 AM,6/30/2011 12:00:00 AM,0,0
1319501,13195,MCF,Macdill AFB,"Tampa, FL",33,United States,US,Florida,FL,12.0,33195,"Tampa, FL (Metropolitan Area)",33,27.0,N,50.0,56.0,27.84888889,82.0,W,31.0,18.0,-82.52166667,1/1/1950 12:00:00 AM,6/30/2011 12:00:00 AM,0,0
1319601,13196,MCG,McGrath Airport,"McGrath, AK",1,United States,US,Alaska,AK,2.0,33196,"McGrath, AK",1,62.0,N,57.0,11.0,62.95305556,155.0,W,36.0,21.0,-155.60583333,1/1/1950 12:00:00 AM,6/30/2011 12:00:00 AM,0,0
1319801,13198,MCI,Kansas City International,"Kansas City, MO",64,United States,US,Missouri,MO,29.0,33198,"Kansas City, MO",64,39.0,N,17.0,51.0,39.2975,94.0,W,42.0,50.0,-94.71388889,1/1/1950 12:00:00 AM,6/30/2025 12:00:00 AM,0,0
1320001,13200,MCK,McCook Municipal,"McCook, NE",65,United States,US,Nebraska,NE,31.0,33200,"McCook, NE",65,40.0,N,12.0,22.0,40.20611111,100.0,W,35.0,24.0,-100.59,1/1/1950 12:00:00 AM,6/30/2011 12:00:00 AM,0,0
1320101,13201,MCL,Denali,"McKinley Park, AK",1,United States,US,Alaska,AK,2.0,30086,"McKinley Park, AK",1,63.0,N,38.0,28.0,63.64111111,148.0,W,47.0,11.0,-148.78638889,6/1/1989 12:00:00 AM,6/30/2011 12:00:00 AM,0,0
1320301,13203,MCN,Middle Georgia Regional,"Macon, GA",34,United States,US,Georgia,GA,13.0,33155,"Macon, GA",34,32.0,N,41.0,45.0,32.69583333,83.0,W,38.0,57.0,-83.64916667,1/1/1950 12:00:00 AM,6/30/2011 12:00:00 AM,0,0
1320401,13204,MCO,Orlando International,"Orlando, FL",33,United States,US,Florida,FL,12.0,31454,"Orlando, FL",33,28.0,N,25.0,54.0,28.43166667,81.0,W,19.0,29.0,-81.32472222,1/1/1950 12:00:00 AM,6/30/2011 12:00:00 AM,0,0
1321101,13211,MCW,Mason City Municipal,"Mason City, IA",61,United States,US,Iowa,IA,19.0,33211,"Mason City, IA",61,43.0,N,9.0,25.0,43.15694444,93.0,W,19.0,46.0,-93.32944444,1/1/1950 12:00:00 AM,6/30/2011 12:00:00 AM,0,0
1321401,13214,MDA,Martindale AHP,"San Antonio, TX",74,United States,US,Texas,TX,48.0,33214,"San Antonio, TX",74,29.0,N,25.0,53.0,29.43138889,98.0,W,22.0,40.0,-98.37777778,3/1/2003 12:00:00 AM,4/30/2023 12:00:00 AM,0,0
1321701,13217,MDD,Midland Airpark,"Midland/Odessa, TX",74,United States,US,Texas,TX,48.0,33158,"Midland/Odessa, TX",74,32.0,N,2.0,9.0,32.03583333,102.0,W,6.0,8.0,-102.10222222,3/1/1993 12:00:00 AM,6/30/2011 12:00:00 AM,0,0
1321901,13219,MDF,Taylor County,"Medford, WI",45,United States,US,Wisconsin,WI,55.0,33219,"Medford, WI",45,45.0,N,6.0,4.0,45.10111111,90.0,W,18.0,12.0,-90.30333333,1/1/2010 12:00:00 AM,6/30/2011 12:00:00 AM,0,0
1322101,13221,MDH,Southern Illinois,"Carbondale, IL",41,United States,US,Illinois,IL,17.0,33221,"Carbondale, IL",41,37.0,N,46.0,53.0,37.78138889,89.0,W,14.0,49.0,-89.24694444,1/1/1950 12:00:00 AM,6/30/2011 12:00:00 AM,0,0
1322301,13223,MDJ,City County,"Madras, OR",92,United States,US,Oregon,OR,41.0,33223,"Madras, OR",92,44.0,N,39.0,58.0,44.66611111,121.0,W,9.0,47.0,-121.16305556,9/1/1977 12:00:00 AM,6/30/2011 12:00:00 AM,0,0
1322601,13226,MDO,Middleton Island Airport,"Middleton Island, AK",1,United States,US,Alaska,AK,2.0,33226,"Middleton Island, AK",1,59.0,N,27.0,11.0,59.45305556,146.0,W,18.0,0.0,-146.3,1/1/1950 12:00:00 AM,6/30/2011 12:00:00 AM,0,0
1322801,13228,MDR,Medfra Airport,"Medfra, AK",1,United States,US,Alaska,AK,2.0,33228,"Medfra, AK",1,63.0,N,6.0,25.0,63.10694444,154.0,W,43.0,0.0,-154.71666667,1/1/1950 12:00:00 AM,,0,1
1323001,13230,MDT,Harrisburg International,"Harrisburg, PA",23,United States,US,Pennsylvania,PA,42.0,32070,"Harrisburg, PA",23,40.0,N,11.0,35.0,40.19305556,76.0,W,45.0,44.0,-76.76222222,1/1/1950 12:00:00 AM,6/30/2011 12:00:00 AM,0,0
1323201,13232,MDW,Chicago Midway International,"Chicago, IL",41,United States,US,Illinois,IL,17.0,30977,"Chicago, IL",41,41.0,N,47.0,6.0,41.785,87.0,W,45.0,7.0,-87.75194444,1/1/1950 12:00:00 AM,6/30/2011 12:00:00 AM,0,0
1323402,13234,MDY,Midway NAF,"Midway Island, TT",5,United States,US,U.S. Pacific Trust Territories and Possessions,TT,75.0,33234,"Midway Island, TT",5,28.0,N,11.0,55.0,28.19861111,177.0,W,22.0,49.0,-177.38027778,1/1/1990 12:00:00 AM,12/31/2002 12:00:00 AM,0,0
1323601,13236,ME1,Steven A. Bean Municipal,"Rangeley, ME",12,United States,US,Maine,ME,23.0,33236,"Rangeley, ME",12,44.0,N,59.0,31.0,44.99194444,70.0,W,39.0,53.0,-70.66472222,6/1/2008 12:00:00 AM,9/30/2022 12:00:00 AM,0,0
1324101,13241,MEI,Key Field,"Meridian, MS",53,United States,US,Mississippi,MS,28.0,33241,"Meridian, MS",53,32.0,N,20.0,14.0,32.33722222,88.0,W,44.0,57.0,-88.74916667,1/1/1950 12:00:00 AM,6/30/2011 12:00:00 AM,0,0
1324201,13242,MEJ,Port Meadville,"Meadville, PA",23,United States,US,Pennsylvania,PA,42.0,33242,"Meadville, PA",23,41.0,N,37.0,36.0,41.62666667,80.0,W,12.0,53.0,-80.21472222,7/1/1982 12:00:00 AM,,0,1
1324401,13244,MEM,Memphis International,"Memphis, TN",54,United States,US,Tennessee,TN,47.0,33244,"Memphis, TN",54,35.0,N,2.0,59.0,35.04972222,89.0,W,58.0,43.0,-89.97861111,1/1/1950 12:00:00 AM,6/30/2011 12:00:00 AM,0,0
1324601,13246,MEO,Dare County Regional,"Manteo, NC",36,United States,US,North Carolina,NC,37.0,33246,"Manteo, NC",36,35.0,N,55.0,8.0,35.91888889,75.0,W,41.0,44.0,-75.69555556,9/1/1999 12:00:00 AM,,0,1
1324901,13249,MER,Castle,"Atwater, CA",91,United States,US,California,CA,6.0,33249,"Atwater, CA",91,37.0,N,22.0,50.0,37.38055556,120.0,W,34.0,5.0,-120.56805556,10/1/2001 12:00:00 AM,6/30/2025 12:00:00 AM,0,0
1325101,13251,MEV,Minden-Tahoe,"Minden, NV",85,United States,US,Nevada,NV,32.0,33251,"Minden, NV",85,39.0,N,0.0,1.0,39.00027778,119.0,W,45.0,3.0,-119.75083333,3/1/2001 12:00:00 AM,6/30/2011 12:00:00 AM,0,0
1325501,13255,MFD,Mansfield Lahm Municipal,"Mansfield, OH",44,United States,US,Ohio,OH,39.0,33255,"Mansfield, OH",44,40.0,N,49.0,12.0,40.82,82.0,W,30.0,46.0,-82.51277778,1/1/1950 12:00:00 AM,3/31/2009 12:00:00 AM,0,0
1325601,13256,MFE,McAllen Miller International,"Mission/McAllen/Edinburg, TX",74,United States,US,Texas,TX,48.0,33256,"Mission/McAllen/Edinburg, TX",74,26.0,N,10.0,37.0,26.17694444,98.0,W,14.0,23.0,-98.23972222,1/1/1950 12:00:00 AM,6/30/2011 12:00:00 AM,0,0
1325901,13259,MFH,Mesquite Airport,"Mesquite, NV",85,United States,US,Nevada,NV,32.0,33259,"Mesquite, NV",85,36.0,N,50.0,6.0,36.835,114.0,W,3.0,19.0,-114.05527778,3/1/2002 12:00:00 AM,6/30/2011 12:00:00 AM,0,0
1326001,13260,MFI,Marshfield Municipal,"Marshfield, WI",45,United States,US,Wisconsin,WI,55.0,33260,"Marshfield, WI",45,44.0,N,38.0,2.0,44.63388889,90.0,W,11.0,12.0,-90.18666667,1/1/1950 12:00:00 AM,6/30/2011 12:00:00 AM,0,0
1326401,13264,MFR,Medford Jackson County,"Medford, OR",92,United States,US,Oregon,OR,41.0,33264,"Medford, OR",92,42.0,N,22.0,25.0,42.37361111,122.0,W,52.0,20.0,-122.87222222,1/1/1950 12:00:00 AM,2/28/1995 12:00:00 AM,0,0
1326801,13268,MFV,Accomack County,"Melfa, VA",38,United States,US,Virginia,VA,51.0,33268,"Melfa, VA",38,37.0,N,38.0,48.0,37.64666667,75.0,W,45.0,41.0,-75.76138889,3/1/1977 12:00:00 AM,6/30/2011 12:00:00 AM,0,0
1327101,13271,MGC,Michigan City Municipal,"Michigan City, IN",42,United States,US,Indiana,IN,18.0,33271,"Michigan City, IN",42,41.0,N,42.0,0.0,41.7,86.0,W,49.0,0.0,-86.81666667,1/1/1950 12:00:00 AM,6/30/2011 12:00:00 AM,0,0
1327301,13273,MGE,Dobbins AFB,"Marietta, GA",34,United States,US,Georgia,GA,13.0,33273,"Marietta, GA",34,33.0,N,54.0,53.0,33.91472222,84.0,W,31.0,18.0,-84.52166667,1/1/1950 12:00:00 AM,6/30/2011 12:00:00 AM,0,0
1327501,13275,MGJ,Orange County,"Montgomery, NY",22,United States,US,New York,NY,36.0,33275,"Montgomery, NY",22,41.0,N,30.0,41.0,41.51138889,74.0,W,15.0,51.0,-74.26416667,9/1/1976 12:00:00 AM,6/30/2011 12:00:00 AM,0,0
1327701,13277,MGM,Dannelly Field,"Montgomery, AL",51,United States,US,Alabama,AL,1.0,33277,"Montgomery, AL",51,32.0,N,18.0,0.0,32.3,86.0,W,23.0,28.0,-86.39111111,1/1/1950 12:00:00 AM,6/30/2011 12:00:00 AM,0,0
1328001,13280,MGR,Moultrie Thomasville,"Moultrie/Thomasville, GA",34,United States,US,Georgia,GA,13.0,33280,"Moultrie/Thomasville, GA",34,31.0,N,4.0,10.0,31.06944444,83.0,W,48.0,10.0,-83.80277778,1/1/1950 12:00:00 AM,8/31/1974 12:00:00 AM,0,0
1328201,13282,MGW,Morgantown Municipal-Walter L. Bill Hart Field,"Morgantown, WV",39,United States,US,West Virginia,WV,54.0,33282,"Morgantown, WV",39,39.0,N,38.0,34.0,39.64277778,79.0,W,54.0,57.0,-79.91583333,1/1/1950 12:00:00 AM,6/30/2011 12:00:00 AM,0,0
1328301,13283,MGY,Montgomery County,"Dayton, OH",44,United States,US,Ohio,OH,39.0,31267,"Dayton, OH",44,39.0,N,35.0,28.0,39.59111111,84.0,W,13.0,26.0,-84.22388889,12/1/1986 12:00:00 AM,6/30/2011 12:00:00 AM,0,0
1328701,13287,MHE,Mitchell Municipal,"Mitchell, SD",67,United States,US,South Dakota,SD,46.0,33287,"Mitchell, SD",67,43.0,N,46.0,31.0,43.77527778,98.0,W,2.0,17.0,-98.03805556,1/1/1950 12:00:00 AM,6/30/2011 12:00:00 AM,0,0
1329001,13290,MHK,Manhattan Regional,"Manhattan/Ft. Riley, KS",62,United States,US,Kansas,KS,20.0,33290,"Manhattan/Ft. Riley, KS",62,39.0,N,8.0,32.0,39.14222222,96.0,W,40.0,8.0,-96.66888889,1/1/1950 12:00:00 AM,6/30/2011 12:00:00 AM,0,0
1329101,13291,MHL,Marshall Memorial Municipal,"Marshall, MO",64,United States,US,Missouri,MO,29.0,33291,"Marshall, MO",64,39.0,N,6.0,0.0,39.1,93.0,W,12.0,0.0,-93.2,3/1/1986 12:00:00 AM,6/30/2011 12:00:00 AM,0,0
1329201,13292,MHM,Minchumina Airport,"Minchumina, AK",1,United States,US,Alaska,AK,2.0,33016,"Minchumina, AK",1,63.0,N,53.0,10.0,63.88611111,152.0,W,18.0,7.0,-152.30194444,1/1/1950 12:00:00 AM,1/31/2012 12:00:00 AM,0,0
1329501,13295,MHR,Mather AFB,"Sacramento, CA",91,United States,US,California,CA,6.0,33192,"Sacramento, CA",91,38.0,N,33.0,23.0,38.55638889,121.0,W,17.0,44.0,-121.29555556,1/1/1950 12:00:00 AM,6/30/2011 12:00:00 AM,0,0
1329601,13296,MHT,Grenier Field/Manchester Municipal,"Manchester, NH",14,United States,US,New Hampshire,NH,33.0,30721,"Boston, MA (Metropolitan Area)",13,42.0,N,56.0,18.0,42.93833333,71.0,W,26.0,20.0,-71.43888889,1/1/1950 12:00:00 AM,12/31/1977 12:00:00 AM,0,0
1329701,13297,MHV,Mojave Airport,"Mojave, CA",91,United States,US,California,CA,6.0,33297,"Mojave, CA",91,35.0,N,4.0,0.0,35.06666667,118.0,W,9.0,0.0,-118.15,1/1/1950 12:00:00 AM,6/30/2011 12:00:00 AM,0,0
1330001,13300,MI1,Greenville Municipal,"Greenville, MI",43,United States,US,Michigan,MI,26.0,33300,"Greenville, MI",43,43.0,N,8.0,32.0,43.14222222,85.0,W,15.0,14.0,-85.25388889,7/1/2005 12:00:00 AM,,0,1
1330101,13301,MI2,Tulip City,"Holland, MI",43,United States,US,Michigan,MI,26.0,32155,"Holland, MI",43,42.0,N,44.0,35.0,42.74305556,86.0,W,6.0,18.0,-86.105,11/1/2005 12:00:00 AM,6/30/2011 12:00:00 AM,0,0
1330201,13302,MI3,Livingston County Spencer J. Hardy,"Howell, MI",43,United States,US,Michigan,MI,26.0,33302,"Howell, MI",43,42.0,N,37.0,46.0,42.62944444,83.0,W,59.0,3.0,-83.98416667,9/1/2006 12:00:00 AM,6/30/2011 12:00:00 AM,0,0
1330301,13303,MIA,Miami International,"Miami, FL",33,United States,US,Florida,FL,12.0,32467,"Miami, FL (Metropolitan Area)",33,25.0,N,47.0,33.0,25.7925,80.0,W,17.0,10.0,-80.28611111,1/1/1950 12:00:00 AM,3/31/1980 12:00:00 AM,0,0
1330401,13304,MIB,Minot AFB,"Minot, ND",66,United States,US,North Dakota,ND,38.0,33304,"Minot, ND",66,48.0,N,24.0,56.0,48.41555556,101.0,W,21.0,26.0,-101.35722222,1/1/1950 12:00:00 AM,6/30/2011 12:00:00 AM,0,0
1330501,13305,MIC,Crystal,"Minneapolis, MN",63,United States,US,Minnesota,MN,27.0,31650,"Minneapolis/St. Paul, MN",63,45.0,N,3.0,44.0,45.06222222,93.0,W,21.0,13.0,-93.35361111,3/1/1984 12:00:00 AM,6/30/2011 12:00:00 AM,0,0
1330701,13307,MIE,Delaware Co/Johnson Field,"Muncie/Anderson/Newcastle, IN",42,United States,US,Indiana,IN,18.0,33307,"Muncie/Anderson/Newcastle, IN",42,40.0,N,14.0,23.0,40.23972222,85.0,W,23.0,40.0,-85.39444444,1/1/1950 12:00:00 AM,12/31/2005 12:00:00 AM,0,0
1331401,13314,MIO,Miami Municipal,"Miami, OK",73,United States,US,Oklahoma,OK,40.0,33314,"Miami, OK",73,36.0,N,54.0,26.0,36.90722222,94.0,W,53.0,15.0,-94.8875,3/1/1984 12:00:00 AM,6/30/2011 12:00:00 AM,0,0
1331601,13316,MIQ,Millard,"Omaha, NE",65,United States,US,Nebraska,NE,31.0,33316,"Omaha, NE",65,41.0,N,11.0,46.0,41.19611111,96.0,W,6.0,43.0,-96.11194444,12/1/1975 12:00:00 AM,6/30/2011 12:00:00 AM,0,0
1331901,13319,MIT,Shafter - Minter Field,"Shafter, CA",91,United States,US,California,CA,6.0,33319,"Shafter, CA",91,35.0,N,30.0,27.0,35.5075,119.0,W,11.0,32.0,-119.19222222,1/1/2008 12:00:00 AM,6/30/2011 12:00:00 AM,0,0
1332101,13321,MIV,Millville Municipal,"Millville, NJ",21,United States,US,New Jersey,NJ,34.0,33321,"Millville, NJ",21,39.0,N,22.0,5.0,39.36805556,75.0,W,4.0,28.0,-75.07444444,1/1/1950 12:00:00 AM,6/30/2011 12:00:00 AM,0,0
1332201,13322,MIW,Marshalltown Municipal,"Marshalltown, IA",61,United States,US,Iowa,IA,19.0,33322,"Marshalltown, IA",61,42.0,N,6.0,52.0,42.11444444,92.0,W,55.0,9.0,-92.91916667,1/1/1950 12:00:00 AM,6/30/2011 12:00:00 AM,0,0
1333501,13335,MJQ,Jackson Airport,"Jackson, MN",63,United States,US,Minnesota,MN,27.0,33335,"Jackson, MN",63,43.0,N,38.0,0.0,43.63333333,94.0,W,59.0,0.0,-94.98333333,3/1/2003 12:00:00 AM,,0,1
1333801,13338,MJX,Robert J. Miller Air Park,"Toms River, NJ",21,United States,US,New Jersey,NJ,34.0,33338,"Toms River, NJ",21,39.0,N,55.0,39.0,39.9275,74.0,W,17.0,34.0,-74.29277778,3/1/1986 12:00:00 AM,6/30/2011 12:00:00 AM,0,0
1334101,13341,MKC,Kansas City Downtown,"Kansas City, MO",64,United States,US,Missouri,MO,29.0,33198,"Kansas City, MO",64,39.0,N,7.0,24.0,39.12333333,94.0,W,35.0,34.0,-94.59277778,1/1/1950 12:00:00 AM,6/30/2011 12:00:00 AM,0,0
1334201,13342,MKE,General Mitchell Field,"Milwaukee, WI",45,United States,US,Wisconsin,WI,55.0,33342,"Milwaukee, WI",45,42.0,N,57.0,1.0,42.95027778,87.0,W,53.0,50.0,-87.89722222,1/1/1950 12:00:00 AM,5/31/1986 12:00:00 AM,0,0
1334401,13344,MKG,Muskegon County,"Muskegon, MI",43,United States,US,Michigan,MI,26.0,33344,"Muskegon, MI",43,43.0,N,10.0,14.0,43.17055556,86.0,W,14.0,15.0,-86.2375,1/1/1950 12:00:00 AM,6/30/2011 12:00:00 AM,0,0
1334701,13347,MKK,Molokai,"Hoolehua, HI",2,United States,US,Hawaii,HI,15.0,33347,"Hoolehua, HI",2,21.0,N,9.0,10.0,21.15277778,157.0,W,6.0,0.0,-157.1,1/1/1950 12:00:00 AM,6/30/2011 12:00:00 AM,0,0
1334801,13348,MKL,McKellar Field,"Jackson, TN",54,United States,US,Tennessee,TN,47.0,33348,"Jackson, TN",54,35.0,N,36.0,5.0,35.60138889,88.0,W,54.0,55.0,-88.91527778,1/1/1950 12:00:00 AM,6/30/2011 12:00:00 AM,0,0
1335001,13350,MKO,Davis Field,"Muskogee, OK",73,United States,US,Oklahoma,OK,40.0,33350,"Muskogee, OK",73,35.0,N,39.0,38.0,35.66055556,95.0,W,22.0,0.0,-95.36666667,1/1/1950 12:00:00 AM,6/30/2011 12:00:00 AM,0,0
1335401,13354,MKT,Mankato Regional,"Mankato, MN",63,United States,US,Minnesota,MN,27.0,32518,"Mankato, MN",63,44.0,N,13.0,25.0,44.22361111,93.0,W,55.0,6.0,-93.91833333,1/1/1950 12:00:00 AM,6/30/2011 12:00:00 AM,0,0
1336001,13360,MLB,Melbourne Regional,"Melbourne, FL",33,United States,US,Florida,FL,12.0,33360,"Melbourne, FL",33,28.0,N,6.0,9.0,28.1025,80.0,W,38.0,35.0,-80.64305556,1/1/1950 12:00:00 AM,6/30/1993 12:00:00 AM,0,0
1336101,13361,MLC,McAlester Regional,"McAlester, OK",73,United States,US,Oklahoma,OK,40.0,33361,"McAlester, OK",73,34.0,N,52.0,49.0,34.88027778,95.0,W,47.0,6.0,-95.785,1/1/1950 12:00:00 AM,6/30/2011 12:00:00 AM,0,0
1336201,13362,MLD,Malad City Airport,"Malad City, ID",83,United States,US,Idaho,ID,16.0,33362,"Malad City, ID",83,42.0,N,10.0,10.0,42.16944444,112.0,W,17.0,30.0,-112.29166667,9/1/1975 12:00:00 AM,6/30/2011 12:00:00 AM,0,0
1336401,13364,MLF,Milford Municipal/Ben and Judy Briscoe Field,"Milford, UT",87,United States,US,Utah,UT,49.0,33364,"Milford, UT",87,38.0,N,25.0,36.0,38.42666667,113.0,W,0.0,45.0,-113.0125,1/1/1950 12:00:00 AM,3/31/2015 12:00:00 AM,0,0
1336701,13367,MLI,Quad City International,"Moline, IL",41,United States,US,Illinois,IL,17.0,33367,"Quad Cities, IL (Metropolitan Area)",41,41.0,N,26.0,56.0,41.44888889,90.0,W,30.0,18.0,-90.505,1/1/1950 12:00:00 AM,6/30/2011 12:00:00 AM,0,0
1336801,13368,MLK,Malta Airport,"Malta, MT",84,United States,US,Montana,MT,30.0,33368,"Malta, MT",84,48.0,N,22.0,1.0,48.36694444,107.0,W,55.0,10.0,-107.91944444,12/1/2002 12:00:00 AM,,0,1
1336901,13369,MLL,Marshall Don Hunter Sr.,"Marshall, AK",1,United States,US,Alaska,AK,2.0,33369,"Marshall, AK",1,61.0,N,51.0,51.0,61.86416667,162.0,W,1.0,34.0,-162.02611111,1/1/1950 12:00:00 AM,,0,1
1337501,13375,MLS,Frank Wiley Field,"Miles City, MT",84,United States,US,Montana,MT,30.0,33375,"Miles City, MT",84,46.0,N,25.0,50.0,46.43055556,105.0,W,52.0,50.0,-105.88055556,9/1/1964 12:00:00 AM,6/30/2011 12:00:00 AM,0,0
1337601,13376,MLT,Millinocket Municipal,"Millinocket, ME",12,United States,US,Maine,ME,23.0,33376,"Millinocket, ME",12,45.0,N,38.0,52.0,45.64777778,68.0,W,41.0,8.0,-68.68555556,12/1/1997 12:00:00 AM,,0,1
1337701,13377,MLU,Monroe Regional,"Monroe, LA",72,United States,US,Louisiana,LA,22.0,33377,"Monroe, LA",72,32.0,N,30.0,40.0,32.51111111,92.0,W,2.0,20.0,-92.03888889,1/1/1950 12:00:00 AM,6/30/2011 12:00:00 AM,0,0
1338101,13381,MLY,Manley Hot Springs Airport,"Manley Hot Springs, AK",1,United States,US,Alaska,AK,2.0,33381,"Manley Hot Springs, AK",1,64.0,N,59.0,48.0,64.99666667,150.0,W,38.0,35.0,-150.64305556,1/1/1950 12:00:00 AM,6/30/2011 12:00:00 AM,0,0
1338801,13388,MMH,Mammoth Lakes Airport,"Mammoth Lakes, CA",91,United States,US,California,CA,6.0,33388,"Mammoth Lakes, CA",91,37.0,N,37.0,52.0,37.63111111,118.0,W,51.0,5.0,-118.85138889,1/1/1950 12:00:00 AM,,0,1
1338901,13389,MMI,McMinn County,"Athens, TN",54,United States,US,Tennessee,TN,47.0,33389,"Athens, TN",54,35.0,N,23.0,48.0,35.39666667,84.0,W,33.0,46.0,-84.56277778,6/1/1999 12:00:00 AM,6/30/2011 12:00:00 AM,0,0
1339201,13392,MML,Marshall Muni/Ryan Field,"Marshall, MN",63,United States,US,Minnesota,MN,27.0,33392,"Marshall, MN",63,44.0,N,26.0,50.0,44.44722222,95.0,W,49.0,3.0,-95.8175,1/1/1950 12:00:00 AM,11/30/1989 12:00:00 AM,0,0
1339401,13394,MMN,Minute Man Air Field,"Stow, MA",13,United States,US,Massachusetts,MA,25.0,33394,"Stow, MA",13,42.0,N,27.0,40.0,42.46111111,71.0,W,31.0,9.0,-71.51916667,3/1/1988 12:00:00 AM,6/30/2011 12:00:00 AM,0,0
1339701,13397,MMT,McEntire Jngb,"Columbia, SC",37,United States,US,South Carolina,SC,45.0,30868,"Columbia, SC",37,33.0,N,55.0,6.0,33.91833333,80.0,W,47.0,59.0,-80.79972222,3/1/1985 12:00:00 AM,6/30/2011 12:00:00 AM,0,0
1339801,13398,MMU,Morristown Municipal,"Morristown, NJ",21,United States,US,New Jersey,NJ,34.0,33398,"Morristown, NJ",21,40.0,N,47.0,57.0,40.79916667,74.0,W,24.0,57.0,-74.41583333,1/1/1950 12:00:00 AM,6/30/2011 12:00:00 AM,0,0
1340101,13401,MN1,Fosston Municipal,"Fosston, MN",63,United States,US,Minnesota,MN,27.0,33401,"Fosston, MN",63,47.0,N,35.0,34.0,47.59277778,95.0,W,46.0,25.0,-95.77361111,8/1/2007 12:00:00 AM,9/30/2018 12:00:00 AM,0,0
1340201,13402,MN2,Moose Lake Carlton County,"Moose Lake, MN",63,United States,US,Minnesota,MN,27.0,33402,"Moose Lake, MN",63,46.0,N,25.0,8.0,46.41888889,92.0,W,48.0,17.0,-92.80472222,10/1/2007 12:00:00 AM,6/30/2011 12:00:00 AM,0,0
1340301,13403,MN3,Ortonville Municipal-Martinson Field,"Ortonville, MN",63,United States,US,Minnesota,MN,27.0,33403,"Ortonville, MN",63,45.0,N,18.0,20.0,45.30555556,96.0,W,25.0,28.0,-96.42444444,1/1/2008 12:00:00 AM,7/31/2017 12:00:00 AM,0,0
1340901,13409,MNM,Menominee County,"Marinette, MI",43,United States,US,Michigan,MI,26.0,33409,"Marinette, MI",43,45.0,N,7.0,18.0,45.12166667,87.0,W,38.0,10.0,-87.63611111,1/1/1950 12:00:00 AM,6/30/2011 12:00:00 AM,0,0
1341001,13410,MNN,Marion Municipal,"Marion, OH",44,United States,US,Ohio,OH,39.0,33410,"Marion, OH",44,40.0,N,36.0,59.0,40.61638889,83.0,W,3.0,57.0,-83.06583333,1/1/1950 12:00:00 AM,6/30/2011 12:00:00 AM,0,0
1341501,13415,MNT,Minto Airport,"Minto, AK",1,United States,US,Alaska,AK,2.0,33415,"Minto, AK",1,65.0,N,8.0,37.0,65.14361111,149.0,W,22.0,12.0,-149.37,1/1/1950 12:00:00 AM,5/31/1992 12:00:00 AM,0,0
1341801,13418,MNZ,Manassas Regional/Harry P. Davis Field,"Manassas, VA",38,United States,US,Virginia,VA,51.0,33418,"Manassas, VA",38,38.0,N,43.0,19.0,38.72194444,77.0,W,31.0,5.0,-77.51805556,9/1/1977 12:00:00 AM,6/30/2011 12:00:00 AM,0,0
1341901,13419,MO1,Midwest National Air Center,"Mosby, MO",64,United States,US,Missouri,MO,29.0,33419,"Mosby, MO",64,39.0,N,19.0,57.0,39.3325,94.0,W,18.0,34.0,-94.30944444,9/1/2007 12:00:00 AM,6/30/2011 12:00:00 AM,0,0
1342001,13420,MO2,Washington Regional,"Washington, MO",64,United States,US,Missouri,MO,29.0,33420,"Washington, MO",64,38.0,N,35.0,15.0,38.5875,90.0,W,59.0,38.0,-90.99388889,6/1/2008 12:00:00 AM,,0,1
1342201,13422,MOB,Mobile Regional,"Mobile, AL",51,United States,US,Alabama,AL,1.0,30562,"Mobile, AL",51,30.0,N,41.0,18.0,30.68833333,88.0,W,14.0,27.0,-88.24083333,1/1/1950 12:00:00 AM,6/30/2011 12:00:00 AM,0,0
1342401,13424,MOD,Modesto City-County-Harry Sham Field,"Modesto, CA",91,United States,US,California,CA,6.0,33424,"Modesto, CA",91,37.0,N,37.0,37.0,37.62694444,120.0,W,57.0,19.0,-120.95527778,1/1/1950 12:00:00 AM,6/30/2011 12:00:00 AM,0,0
1342901,13429,MOP,Mount Pleasant Municipal,"Mount Pleasant, MI",43,United States,US,Michigan,MI,26.0,33429,"Mount Pleasant, MI",43,43.0,N,37.0,15.0,43.62083333,84.0,W,44.0,0.0,-84.73333333,1/1/1950 12:00:00 AM,6/30/2011 12:00:00 AM,0,0
1343101,13431,MOR,Moore-Murrell,"Morristown, TN",54,United States,US,Tennessee,TN,47.0,33431,"Morristown, TN",54,36.0,N,10.0,46.0,36.17944444,83.0,W,22.0,33.0,-83.37583333,3/1/1990 12:00:00 AM,6/30/2011 12:00:00 AM,0,0
1343201,13432,MOS,Moses Point Airport,"Moses Point, AK",1,United States,US,Alaska,AK,2.0,33432,"Moses Point, AK",1,64.0,N,41.0,44.0,64.69555556,162.0,W,2.0,36.0,-162.04333333,1/1/1950 12:00:00 AM,6/30/2011 12:00:00 AM,0,0
1343301,13433,MOT,Minot International,"Minot, ND",66,United States,US,North Dakota,ND,38.0,33304,"Minot, ND",66,48.0,N,15.0,34.0,48.25944444,101.0,W,16.0,51.0,-101.28083333,1/1/1950 12:00:00 AM,6/30/2011 12:00:00 AM,0,0
1343401,13434,MOU,Mountain Village Airport,"Mountain Village, AK",1,United States,US,Alaska,AK,2.0,33434,"Mountain Village, AK",1,62.0,N,5.0,22.0,62.08944444,163.0,W,43.0,0.0,-163.71666667,1/1/1950 12:00:00 AM,6/30/2011 12:00:00 AM,0,0
1343901,13439,MPB,Watson Island International,"Miami, FL",33,United States,US,Florida,FL,12.0,32467,"Miami, FL (Metropolitan Area)",33,25.0,N,46.0,42.0,25.77833333,80.0,W,10.0,13.0,-80.17027778,3/1/1980 12:00:00 AM,,0,1
1344001,13440,ID2,Montpelier Airport,"Montpelier, ID",83,United States,US,Idaho,ID,16.0,33440,"Montpelier, ID",83,42.0,N,20.0,10.0,42.33611111,111.0,W,17.0,20.0,-111.28888889,1/1/1950 12:00:00 AM,,0,1
1344101,13441,MPJ,Petit Jean Park,"Morrilton, AR",71,United States,US,Arkansas,AR,5.0,33441,"Morrilton, AR",71,35.0,N,8.0,15.0,35.1375,92.0,W,54.0,42.0,-92.91166667,3/1/1985 12:00:00 AM,6/30/2011 12:00:00 AM,0,0
1344601,13446,MPO,Pocono Mountains Municipal,"Mt. Pocono, PA",23,United States,US,Pennsylvania,PA,42.0,33446,"Mt. Pocono, PA",23,41.0,N,8.0,15.0,41.1375,75.0,W,22.0,30.0,-75.375,1/1/1950 12:00:00 AM,6/30/2011 12:00:00 AM,0,0
1344701,13447,MPR,McPherson Airport,"McPherson, KS",62,United States,US,Kansas,KS,20.0,33447,"McPherson, KS",62,38.0,N,21.0,19.0,38.35527778,97.0,W,41.0,29.0,-97.69138889,1/1/1950 12:00:00 AM,6/30/2011 12:00:00 AM,0,0
1345001,13450,MPV,Edward F Knapp State,"Montpelier/Barre, VT",16,United States,US,Vermont,VT,50.0,33450,"Montpelier/Barre, VT",16,44.0,N,12.0,12.0,44.20333333,72.0,W,34.0,0.0,-72.56666667,1/1/1950 12:00:00 AM,6/30/2011 12:00:00 AM,0,0
1345201,13452,MQB,Macomb Municipal,"Macomb, IL",41,United States,US,Illinois,IL,17.0,33452,"Macomb, IL",41,40.0,N,31.0,12.0,40.52,90.0,W,39.0,9.0,-90.6525,1/1/1950 12:00:00 AM,,0,1
1345301,13453,MQJ,Mount Comfort,"Indianapolis, IN",42,United States,US,Indiana,IN,18.0,32337,"Indianapolis, IN",42,39.0,N,50.0,37.0,39.84361111,85.0,W,53.0,49.0,-85.89694444,7/1/2009 12:00:00 AM,2/28/2011 12:00:00 AM,0,0
1345901,13459,MQT,Marquette County,"Marquette, MI",43,United States,US,Michigan,MI,26.0,33459,"Marquette, MI",43,46.0,N,21.0,13.0,46.35361111,87.0,W,23.0,43.0,-87.39527778,1/1/1950 12:00:00 AM,5/31/2002 12:00:00 AM,0,0
1346101,13461,MQY,Smyrna Airport,"Smyrna, TN",54,United States,US,Tennessee,TN,47.0,33461,"Smyrna, TN",54,36.0,N,0.0,32.0,36.00888889,86.0,W,31.0,12.0,-86.52,3/1/1983 12:00:00 AM,,0,1
1346301,13463,MRB,Martinsburg Municipal,"Martinsburg, WV",39,United States,US,West Virginia,WV,54.0,33463,"Martinsburg, WV",39,39.0,N,24.0,6.0,39.40166667,77.0,W,59.0,6.0,-77.985,1/1/1950 12:00:00 AM,6/30/2011 12:00:00 AM,0,0
1346401,13464,MRC,Maury County,"Columbia, TN",54,United States,US,Tennessee,TN,47.0,33464,"Columbia, TN",54,35.0,N,33.0,16.0,35.55444444,87.0,W,10.0,49.0,-87.18027778,3/1/1990 12:00:00 AM,6/30/2011 12:00:00 AM,0,0
1346601,13466,MRH,Beaufort/Morehead,"Morehead City, NC",36,United States,US,North Carolina,NC,37.0,33466,"Morehead City, NC",36,34.0,N,44.0,3.0,34.73416667,76.0,W,39.0,37.0,-76.66027778,1/1/1950 12:00:00 AM,2/28/1981 12:00:00 AM,0,0
1346701,13467,MRI,Merrill Field,"Anchorage, AK",1,United States,US,Alaska,AK,2.0,30299,"Anchorage, AK",1,61.0,N,12.0,58.0,61.21611111,149.0,W,51.0,0.0,-149.85,1/1/1950 12:00:00 AM,11/30/1999 12:00:00 AM,0,0
1346901,13469,MRK,Marco Island Airport,"Marco Island, FL",33,United States,US,Florida,FL,12.0,33469,"Marco Island, FL",33,25.0,N,59.0,41.0,25.99472222,81.0,W,40.0,22.0,-81.67277778,1/1/1950 12:00:00 AM,6/30/2011 12:00:00 AM,0,0
1347001,13470,MRN,Morganton Lenoir,"Morganton, NC",36,United States,US,North Carolina,NC,37.0,33470,"Morganton, NC",36,35.0,N,50.0,0.0,35.83333333,81.0,W,37.0,0.0,-81.61666667,3/1/2003 12:00:00 AM,,0,1
1347601,13476,MRY,Monterey Peninsula,"Monterey, CA",91,United States,US,California,CA,6.0,34922,"Salinas/Monterey, CA",91,36.0,N,35.0,17.0,36.58805556,121.0,W,50.0,53.0,-121.84805556,1/1/1950 12:00:00 AM,6/30/2011 12:00:00 AM,0,0
1347801,13478,MS1,Grenada Municipal,"Grenada, MS",53,United States,US,Mississippi,MS,28.0,33478,"Grenada, MS",53,33.0,N,49.0,57.0,33.8325,89.0,W,47.0,54.0,-89.79833333,6/1/2003 12:00:00 AM,6/30/2011 12:00:00 AM,0,0
1348001,13480,MSC,Falcon Field,"Mesa, AZ",81,United States,US,Arizona,AZ,4.0,33480,"Mesa, AZ",81,33.0,N,27.0,39.0,33.46083333,111.0,W,43.0,42.0,-111.72833333,12/1/1979 12:00:00 AM,,0,1
1348401,13484,MSL,Northwest Alabama Regional,"Muscle Shoals, AL",51,United States,US,Alabama,AL,1.0,33484,"Muscle Shoals, AL",51,34.0,N,44.0,43.0,34.74527778,87.0,W,36.0,37.0,-87.61027778,1/1/1950 12:00:00 AM,,0,1
1348501,13485,MSN,Truax Field,"Madison, WI",45,United States,US,Wisconsin,WI,55.0,33485,"Madison, WI",45,43.0,N,8.0,31.0,43.14194444,89.0,W,20.0,13.0,-89.33694444,1/1/1950 12:00:00 AM,6/30/2011 12:00:00 AM,0,0
1348601,13486,MSO,Missoula International,"Missoula, MT",84,United States,US,Montana,MT,30.0,33486,"Missoula, MT",84,46.0,N,54.0,56.0,46.91555556,114.0,W,5.0,15.0,-114.0875,1/1/1950 12:00:00 AM,6/30/2011 12:00:00 AM,0,0
1348701,13487,MSP,Minneapolis-St Paul International,"Minneapolis, MN",63,United States,US,Minnesota,MN,27.0,31650,"Minneapolis/St. Paul, MN",63,44.0,N,53.0,10.0,44.88611111,93.0,W,13.0,4.0,-93.21777778,1/1/1950 12:00:00 AM,6/30/2011 12:00:00 AM,0,0
1349001,13490,MSS,Richards Field,"Massena, NY",22,United States,US,New York,NY,36.0,33490,"Massena, NY",22,44.0,N,56.0,16.0,44.93777778,74.0,W,50.0,48.0,-74.84666667,1/1/1950 12:00:00 AM,6/30/2011 12:00:00 AM,0,0
1349301,13493,MSV,Sullivan County International,"Monticello, NY",22,United States,US,New York,NY,36.0,33493,"Monticello, NY",22,41.0,N,42.0,6.0,41.70166667,74.0,W,47.0,42.0,-74.795,1/1/1969 12:00:00 AM,,0,1
1349501,13495,MSY,Louis Armstrong New Orleans International,"New Orleans, LA",72,United States,US,Louisiana,LA,22.0,33495,"New Orleans, LA",72,29.0,N,59.0,28.0,29.99111111,90.0,W,15.0,5.0,-90.25138889,1/1/1950 12:00:00 AM,6/30/2011 12:00:00 AM,0,0
1349701,13497,MT1,Colstrip Airport,"Colstrip, MT",84,United States,US,Montana,MT,30.0,33497,"Colstrip, MT",84,45.0,N,51.0,10.0,45.85277778,106.0,W,42.0,33.0,-106.70916667,1/1/2005 12:00:00 AM,,0,1
1349801,13498,MTC,Selfridge Angb,"Mt. Clemens, MI",43,United States,US,Michigan,MI,26.0,33498,"Mt. Clemens, MI",43,42.0,N,36.0,3.0,42.60083333,82.0,W,50.0,14.0,-82.83722222,6/1/1974 12:00:00 AM,6/30/2011 12:00:00 AM,0,0
1350101,13501,MTH,The Florida Keys Marathon,"Marathon, FL",33,United States,US,Florida,FL,12.0,33501,"Marathon, FL",33,24.0,N,43.0,34.0,24.72611111,81.0,W,3.0,5.0,-81.05138889,1/1/1950 12:00:00 AM,4/30/2016 12:00:00 AM,0,0
1350201,13502,MTJ,Montrose Regional,"Montrose/Delta, CO",82,United States,US,Colorado,CO,8.0,33502,"Montrose/Delta, CO",82,38.0,N,30.0,2.0,38.50055556,107.0,W,53.0,41.0,-107.89472222,1/1/1950 12:00:00 AM,6/30/2011 12:00:00 AM,0,0
1350401,13504,MTM,Metlakatala,"Metlakatla, AK",1,United States,US,Alaska,AK,2.0,33504,"Metlakatla, AK",1,55.0,N,8.0,0.0,55.13333333,131.0,W,35.0,0.0,-131.58333333,3/1/1976 12:00:00 AM,,0,1
1350501,13505,MTN,Martin State,"Baltimore, MD",35,United States,US,Maryland,MD,24.0,30852,"Washington, DC (Metropolitan Area)",32,39.0,N,19.0,32.0,39.32555556,76.0,W,24.0,50.0,-76.41388889,7/1/1994 12:00:00 AM,,0,1
1350601,13506,MTO,Coles County Memorial,"Mattoon/Charleston, IL",41,United States,US,Illinois,IL,17.0,33506,"Mattoon/Charleston, IL",41,39.0,N,28.0,43.0,39.47861111,88.0,W,16.0,42.0,-88.27833333,1/1/1950 12:00:00 AM,6/30/2011 12:00:00 AM,0,0
1350701,13507,MTP,Sky Portal,"Montauk Point, NY",22,United States,US,New York,NY,36.0,33507,"Montauk Point, NY",22,41.0,N,4.0,36.0,41.07666667,71.0,W,55.0,14.0,-71.92055556,1/1/1950 12:00:00 AM,,0,1
1351201,13512,MTW,Manitowoc County,"Manitowoc, WI",45,United States,US,Wisconsin,WI,55.0,33512,"Manitowoc, WI",45,44.0,N,7.0,47.0,44.12972222,87.0,W,40.0,56.0,-87.68222222,1/1/1950 12:00:00 AM,6/30/2011 12:00:00 AM,0,0
1351301,13513,MTX,Metro Field,"Fairbanks, AK",1,United States,US,Alaska,AK,2.0,31517,"Fairbanks, AK",1,64.0,N,48.0,30.0,64.80833333,147.0,W,45.0,36.0,-147.76,1/1/1950 12:00:00 AM,6/30/2011 12:00:00 AM,0,0
1352001,13520,MUE,Waimea-Kohala,"Kamuela, HI",2,United States,US,Hawaii,HI,15.0,33520,"Kamuela, HI",2,20.0,N,0.0,5.0,20.00138889,155.0,W,40.0,5.0,-155.66805556,1/1/1950 12:00:00 AM,,0,1
1352301,13523,MUL,Spence,"Moultrie, GA",34,United States,US,Georgia,GA,13.0,33523,"Moultrie, GA",34,31.0,N,8.0,15.0,31.1375,83.0,W,42.0,15.0,-83.70416667,6/1/1976 12:00:00 AM,6/30/2011 12:00:00 AM,0,0
1352501,13525,MUO,Mountain Home AFB,"Mountain Home, ID",83,United States,US,Idaho,ID,16.0,33525,"Mountain Home, ID",83,43.0,N,2.0,37.0,43.04361111,115.0,W,52.0,18.0,-115.87166667,1/1/1950 12:00:00 AM,6/30/2011 12:00:00 AM,0,0
1352701,13527,MUT,Muscatine Municipal,"Muscatine, IA",61,United States,US,Iowa,IA,19.0,33527,"Muscatine, IA",61,41.0,N,22.0,0.0,41.36666667,91.0,W,8.0,42.0,-91.145,1/1/1950 12:00:00 AM,6/30/2011 12:00:00 AM,0,0
1353501,13535,MVL,Morrisville Stowe State,"Morrisville, VT",16,United States,US,Vermont,VT,50.0,33535,"Morrisville, VT",16,44.0,N,32.0,9.0,44.53583333,72.0,W,36.0,52.0,-72.61444444,1/1/1950 12:00:00 AM,6/30/2011 12:00:00 AM,0,0
1353601,13536,MVM,Kayenta Airport,"Kayenta, AZ",81,United States,US,Arizona,AZ,4.0,33536,"Kayenta, AZ",81,36.0,N,42.0,35.0,36.70972222,110.0,W,14.0,13.0,-110.23694444,3/1/1978 12:00:00 AM,6/30/2011 12:00:00 AM,0,0
1353701,13537,MVN,Mount Vernon Airport,"Mount Vernon, IL",41,United States,US,Illinois,IL,17.0,33537,"Mount Vernon, IL",41,38.0,N,19.0,23.0,38.32305556,88.0,W,51.0,31.0,-88.85861111,1/1/1950 12:00:00 AM,6/30/2011 12:00:00 AM,0,0
1354001,13540,MVW,Skagit Regional (Bayview),"Burlington/Mount Vernon, WA",93,United States,US,Washington,WA,53.0,33540,"Burlington/Mount Vernon, WA",93,48.0,N,28.0,13.0,48.47027778,122.0,W,24.0,38.0,-122.41055556,6/1/1977 12:00:00 AM,6/30/2011 12:00:00 AM,0,0
1354101,13541,MVY,Martha's Vineyard Airport,"Martha's Vineyard, MA",13,United States,US,Massachusetts,MA,25.0,33541,"Martha's Vineyard, MA",13,41.0,N,23.0,34.0,41.39277778,70.0,W,37.0,0.0,-70.61666667,1/1/1950 12:00:00 AM,6/30/2011 12:00:00 AM,0,0
1354301,13543,MWA,Williamson County Regional,"Marion/Herrin, IL",41,United States,US,Illinois,IL,17.0,33543,"Marion/Herrin, IL",41,37.0,N,45.0,7.0,37.75194444,89.0,W,0.0,59.0,-89.01638889,1/1/1950 12:00:00 AM,6/30/2011 12:00:00 AM,0,0
1354401,13544,MWC,Lawrence J Timmerman,"Milwaukee, WI",45,United States,US,Wisconsin,WI,55.0,33342,"Milwaukee, WI",45,43.0,N,6.0,34.0,43.10944444,88.0,W,2.0,3.0,-88.03416667,1/1/1950 12:00:00 AM,6/30/2011 12:00:00 AM,0,0
1354601,13546,MWH,Grant County International,"Moses Lake, WA",93,United States,US,Washington,WA,53.0,33546,"Moses Lake, WA",93,47.0,N,12.0,18.0,47.205,119.0,W,18.0,56.0,-119.31555556,1/1/1950 12:00:00 AM,5/31/1994 12:00:00 AM,0,0
1354701,13547,MWL,Mineral Wells Airport,"Mineral Wells, TX",74,United States,US,Texas,TX,48.0,33547,"Mineral Wells, TX",74,32.0,N,46.0,56.0,32.78222222,98.0,W,3.0,40.0,-98.06111111,3/1/1975 12:00:00 AM,6/30/2011 12:00:00 AM,0,0
1354801,13548,MWM,Windom Municipal,"Windom, MN",63,United States,US,Minnesota,MN,27.0,33548,"Windom, MN",63,43.0,N,54.0,45.0,43.9125,95.0,W,6.0,30.0,-95.10833333,1/1/1950 12:00:00 AM,6/30/2011 12:00:00 AM,0,0
1354901,13549,MWO,Hook Field Municipal,"Middletown, OH",44,United States,US,Ohio,OH,39.0,33549,"Middletown, OH",44,39.0,N,31.0,54.0,39.53166667,84.0,W,23.0,48.0,-84.39666667,1/1/1950 12:00:00 AM,6/30/2011 12:00:00 AM,0,0
1355301,13553,MXC,Monticello Airport,"Monticello, UT",87,United States,US,Utah,UT,49.0,33553,"Monticello, UT",87,37.0,N,56.0,14.0,37.93722222,109.0,W,20.0,47.0,-109.34638889,3/1/1984 12:00:00 AM,,0,1
1355401,13554,MXE,Laurinburg-Maxton,"Maxton, NC",36,United States,US,North Carolina,NC,37.0,33554,"Maxton, NC",36,34.0,N,47.0,30.0,34.79166667,79.0,W,21.0,58.0,-79.36611111,3/1/1987 12:00:00 AM,6/30/2011 12:00:00 AM,0,0
1355501,13555,MXF,Maxwell AFB,"Montgomery, AL",51,United States,US,Alabama,AL,1.0,33277,"Montgomery, AL",51,32.0,N,22.0,45.0,32.37916667,86.0,W,21.0,45.0,-86.3625,1/1/1950 12:00:00 AM,6/30/2011 12:00:00 AM,0,0
1355601,13556,MXG,Marlboro Airport,"Marlboro, MA",13,United States,US,Massachusetts,MA,25.0,33556,"Marlboro, MA",13,42.0,N,20.0,35.0,42.34305556,71.0,W,30.0,34.0,-71.50944444,3/1/1988 12:00:00 AM,6/30/2011 12:00:00 AM,0,0
1356401,13564,MXY,McCarthy Airport,"McCarthy, AK",1,United States,US,Alaska,AK,2.0,33564,"McCarthy, AK",1,61.0,N,26.0,21.0,61.43916667,142.0,W,55.0,26.0,-142.92388889,1/1/1950 12:00:00 AM,6/30/2011 12:00:00 AM,0,0
1357001,13570,MYF,Montgomery Field,"San Diego, CA",91,United States,US,California,CA,6.0,33570,"San Diego, CA",91,32.0,N,48.0,57.0,32.81583333,117.0,W,8.0,22.0,-117.13944444,1/1/1950 12:00:00 AM,6/30/2016 12:00:00 AM,0,0
1357201,13572,MYH,Cliff Dwellers Lodge,"Marble Canyon, AZ",81,United States,US,Arizona,AZ,4.0,33572,"Marble Canyon, AZ",81,36.0,N,44.0,2.0,36.73388889,111.0,W,45.0,12.0,-111.75333333,3/1/1984 12:00:00 AM,6/30/2011 12:00:00 AM,0,0
1357401,13574,MYK,May Creek Airport,"May Creek, AK",1,United States,US,Alaska,AK,2.0,33574,"May Creek, AK",1,61.0,N,20.0,12.0,61.33666667,142.0,W,41.0,5.0,-142.68472222,1/1/1950 12:00:00 AM,6/30/2011 12:00:00 AM,0,0
1357501,13575,MYL,McCall Municipal,"McCall, ID",83,United States,US,Idaho,ID,16.0,33575,"McCall, ID",83,44.0,N,53.0,20.0,44.88888889,116.0,W,6.0,6.0,-116.10166667,1/1/1950 12:00:00 AM,6/30/2011 12:00:00 AM,0,0
1357701,13577,MYR,Myrtle Beach International,"Myrtle Beach, SC",37,United States,US,South Carolina,SC,45.0,31135,"Myrtle Beach, SC",37,33.0,N,40.0,45.0,33.67916667,78.0,W,55.0,47.0,-78.92972222,1/1/1950 12:00:00 AM,6/30/2011 12:00:00 AM,0,0
1357901,13579,MYU,Mekoryuk Airport,"Mekoryuk, AK",1,United States,US,Alaska,AK,2.0,33579,"Mekoryuk, AK",1,60.0,N,22.0,22.0,60.37277778,166.0,W,16.0,5.0,-166.26805556,1/1/1950 12:00:00 AM,6/30/2011 12:00:00 AM,0,0
1358001,13580,MYV,Yuba County,"Marysville, CA",91,United States,US,California,CA,6.0,30474,"Marysville, CA",91,39.0,N,5.0,53.0,39.09805556,121.0,W,34.0,11.0,-121.56972222,1/1/1950 12:00:00 AM,6/30/2011 12:00:00 AM,0,0
1358701,13587,MZJ,Pinal Airpark,"Marana, AZ",81,United States,US,Arizona,AZ,4.0,33587,"Marana, AZ",81,32.0,N,30.0,31.0,32.50861111,111.0,W,19.0,46.0,-111.32944444,12/1/1976 12:00:00 AM,6/30/2011 12:00:00 AM,0,0
1359501,13595,MZZ,Marion Municipal,"Marion, IN",42,United States,US,Indiana,IN,18.0,33595,"Marion, IN",42,40.0,N,29.0,27.0,40.49083333,85.0,W,40.0,46.0,-85.67944444,1/1/1950 12:00:00 AM,12/31/2005 12:00:00 AM,0,0
1359601,13596,N47,Pottstown Municipal,"Pottstown, PA",23,United States,US,Pennsylvania,PA,42.0,33596,"Pottstown, PA",23,40.0,N,15.0,37.0,40.26027778,75.0,W,40.0,15.0,-75.67083333,7/1/2008 12:00:00 AM,11/30/2017 12:00:00 AM,0,0
1359701,13597,N87,Trenton-Robbinsville,"Robbinsville, NJ",21,United States,US,New Jersey,NJ,34.0,33597,"Robbinsville, NJ",21,40.0,N,12.0,50.0,40.21388889,74.0,W,36.0,6.0,-74.60166667,7/1/2008 12:00:00 AM,,0,1
1359901,13599,NAD,Harriman-and-West,"North Adams, MA",13,United States,US,Massachusetts,MA,25.0,33599,"North Adams, MA",13,42.0,N,41.0,47.0,42.69638889,73.0,W,10.0,18.0,-73.17166667,6/1/1976 12:00:00 AM,6/30/2011 12:00:00 AM,0,0
1361201,13612,NBG,New Orleans NAS,"New Orleans, LA",72,United States,US,Louisiana,LA,22.0,33495,"New Orleans, LA",72,29.0,N,49.0,30.0,29.825,90.0,W,2.0,6.0,-90.035,9/1/1979 12:00:00 AM,6/30/2011 12:00:00 AM,0,0
1361302,13613,NBJ,Newburgh Airport,"Newburgh, NY",22,United States,US,New York,NY,36.0,33613,"Newburgh, NY",22,41.0,N,32.0,0.0,41.53333333,72.0,W,2.0,35.0,-72.04305556,1/1/2025 12:00:00 AM,,0,1
1361901,13619,NC1,Gastonia Municipal,"Gastonia, NC",36,United States,US,North Carolina,NC,37.0,33619,"Gastonia, NC",36,35.0,N,12.0,10.0,35.20277778,81.0,W,8.0,59.0,-81.14972222,7/1/2002 12:00:00 AM,6/30/2011 12:00:00 AM,0,0
1362001,13620,NC2,Johnston County,"Smithfield, NC",36,United States,US,North Carolina,NC,37.0,33620,"Smithfield, NC",36,35.0,N,32.0,27.0,35.54083333,78.0,W,23.0,25.0,-78.39027778,2/1/2004 12:00:00 AM,4/30/2015 12:00:00 AM,0,0
1362101,13621,NC3,Shelby Municipal,"Shelby, NC",36,United States,US,North Carolina,NC,37.0,33621,"Shelby, NC",36,35.0,N,15.0,20.0,35.25555556,81.0,W,36.0,3.0,-81.60083333,3/1/2004 12:00:00 AM,6/30/2011 12:00:00 AM,0,0
1362201,13622,NC4,Currituck County Regional,"Currituck, NC",36,United States,US,North Carolina,NC,37.0,33622,"Currituck, NC",36,36.0,N,23.0,56.0,36.39888889,76.0,W,0.0,58.0,-76.01611111,1/1/2005 12:00:00 AM,6/30/2011 12:00:00 AM,0,0
1362301,13623,NC5,Duplin County,"Kenansville, NC",36,United States,US,North Carolina,NC,37.0,33623,"Kenansville, NC",36,35.0,N,0.0,0.0,35.0,77.0,W,58.0,54.0,-77.98166667,6/1/2006 12:00:00 AM,,0,1
1362901,13629,NCN,Chenega Bay,"Chenega, AK",1,United States,US,Alaska,AK,2.0,31501,"Chenega, AK",1,60.0,N,4.0,38.0,60.07722222,147.0,W,59.0,31.0,-147.99194444,6/1/1985 12:00:00 AM,9/30/2011 12:00:00 AM,0,0
1363001,13630,NCO,Quonset State Air Reserve National Guard Helipad,"North Kingstown, RI",15,United States,US,Rhode Island,RI,44.0,36353,"North Kingstown, RI",15,41.0,N,35.0,58.0,41.59944444,71.0,W,25.0,0.0,-71.41666667,1/1/1950 12:00:00 AM,,0,1
1363201,13632,NCQ,Dobbins ARB,"Marietta, GA",34,United States,US,Georgia,GA,13.0,33273,"Marietta, GA",34,33.0,N,54.0,55.0,33.91527778,84.0,W,30.0,59.0,-84.51638889,12/1/1983 12:00:00 AM,5/31/2015 12:00:00 AM,0,0
1363701,13637,ND1,Hamry Field,"Kindred, ND",66,United States,US,North Dakota,ND,38.0,33637,"Kindred, ND",66,46.0,N,38.0,56.0,46.64888889,96.0,W,59.0,55.0,-96.99861111,7/1/2009 12:00:00 AM,6/30/2011 12:00:00 AM,0,0
1364501,13645,NE1,Quinn Field,"Gothenburg, NE",65,United States,US,Nebraska,NE,31.0,33645,"Gothenburg, NE",65,40.0,N,55.0,35.0,40.92638889,100.0,W,8.0,54.0,-100.14833333,1/1/2007 12:00:00 AM,6/30/2011 12:00:00 AM,0,0
1364601,13646,NE2,Blair Municipal,"Blair, NE",65,United States,US,Nebraska,NE,31.0,33646,"Blair, NE",65,41.0,N,25.0,5.0,41.41805556,96.0,W,6.0,49.0,-96.11361111,4/1/2008 12:00:00 AM,6/30/2011 12:00:00 AM,0,0
1365001,13650,NEL,Lakehurst Naec,"Lakehurst, NJ",21,United States,US,New Jersey,NJ,34.0,33650,"Lakehurst, NJ",21,40.0,N,1.0,24.0,40.02333333,74.0,W,23.0,57.0,-74.39916667,12/1/1987 12:00:00 AM,6/30/2011 12:00:00 AM,0,0
1365501,13655,NEW,Lakefront,"New Orleans, LA",72,United States,US,Louisiana,LA,22.0,33495,"New Orleans, LA",72,30.0,N,2.0,22.0,30.03944444,90.0,W,1.0,36.0,-90.02666667,1/1/1950 12:00:00 AM,6/30/2011 12:00:00 AM,0,0
1365601,13656,NFL,Fallon NAS,"Fallon, NV",85,United States,US,Nevada,NV,32.0,31706,"Fallon, NV",85,39.0,N,25.0,0.0,39.41666667,118.0,W,42.0,0.0,-118.7,1/1/1950 12:00:00 AM,6/30/2011 12:00:00 AM,0,0
1365901,13659,NGC,North Rim,"Grand Canyon, AZ",81,United States,US,Arizona,AZ,4.0,30463,"Grand Canyon, AZ",81,36.0,N,11.0,0.0,36.18333333,112.0,W,8.0,0.0,-112.13333333,9/1/1975 12:00:00 AM,,0,1
1366201,13662,NGF,Kaneohe Bay MCAS,"Kaneohe, HI",2,United States,US,Hawaii,HI,15.0,33662,"Kaneohe, HI",2,21.0,N,27.0,2.0,21.45055556,157.0,W,46.0,5.0,-157.76805556,3/1/1987 12:00:00 AM,,0,1
1366302,13663,NGM,Agana NAS,"Guam, TT",5,United States,US,U.S. Pacific Trust Territories and Possessions,TT,75.0,32016,"Guam, TT",5,13.0,N,26.0,59.0,13.44972222,144.0,E,45.0,0.0,144.75,1/1/1990 12:00:00 AM,,0,1
1366501,13665,NGP,Corpus Christi NAS,"Corpus Christi, TX",74,United States,US,Texas,TX,48.0,31140,"Corpus Christi, TX",74,27.0,N,41.0,34.0,27.69277778,97.0,W,17.0,28.0,-97.29111111,1/1/1950 12:00:00 AM,6/30/2011 12:00:00 AM,0,0
1366701,13667,NGU,Norfolk NAS,"Norfolk, VA",38,United States,US,Virginia,VA,51.0,33667,"Norfolk, VA (Metropolitan Area)",38,36.0,N,56.0,14.0,36.93722222,76.0,W,17.0,26.0,-76.29055556,1/1/1950 12:00:00 AM,6/30/2011 12:00:00 AM,0,0
1367101,13671,NHK,Patuxent River NAS,"Patuxent River, MD",35,United States,US,Maryland,MD,24.0,33671,"Patuxent River, MD",35,38.0,N,17.0,30.0,38.29166667,76.0,W,24.0,59.0,-76.41638889,1/1/1950 12:00:00 AM,6/30/2011 12:00:00 AM,0,0
1367401,13674,NHZ,Brunswick NAS,"Brunswick, ME",12,United States,US,Maine,ME,23.0,33674,"Brunswick, ME",12,43.0,N,53.0,32.0,43.89222222,69.0,W,56.0,21.0,-69.93916667,1/1/1950 12:00:00 AM,5/31/2011 12:00:00 AM,0,0
1367601,13676,NIB,Nikolai Airport,"Nikolai, AK",1,United States,US,Alaska,AK,2.0,33676,"Nikolai, AK",1,63.0,N,1.0,5.0,63.01805556,154.0,W,22.0,45.0,-154.37916667,1/1/1950 12:00:00 AM,6/30/2011 12:00:00 AM,0,0
1367801,13678,NIE,Niblack Airport,"Niblack, AK",1,United States,US,Alaska,AK,2.0,33678,"Niblack, AK",1,55.0,N,4.0,0.0,55.06666667,132.0,W,8.0,45.0,-132.14583333,12/1/1987 12:00:00 AM,,0,1
1368101,13681,NIN,Ninilchik Airport,"Ninilchik, AK",1,United States,US,Alaska,AK,2.0,33681,"Ninilchik, AK",1,60.0,N,1.0,8.0,60.01888889,151.0,W,35.0,15.0,-151.5875,1/1/1950 12:00:00 AM,6/30/2011 12:00:00 AM,0,0
1368201,13682,NIP,Jacksonville NAS,"Jacksonville, FL",33,United States,US,Florida,FL,12.0,31136,"Jacksonville, FL",33,30.0,N,14.0,3.0,30.23416667,81.0,W,40.0,31.0,-81.67527778,1/1/1950 12:00:00 AM,6/30/2011 12:00:00 AM,0,0
1368501,13685,NJ1,Camden County,"Berlin, NJ",21,United States,US,New Jersey,NJ,34.0,33685,"Berlin, NJ",21,39.0,N,46.0,42.0,39.77833333,74.0,W,56.0,52.0,-74.94777778,6/1/2006 12:00:00 AM,9/30/2023 12:00:00 AM,0,0
1368601,13686,NJ2,Eagles Nest,"West Creek, NJ",21,United States,US,New Jersey,NJ,34.0,33686,"West Creek, NJ",21,39.0,N,39.0,59.0,39.66638889,74.0,W,18.0,29.0,-74.30805556,7/1/2009 12:00:00 AM,6/30/2011 12:00:00 AM,0,0
1368901,13689,NJK,El Centro NAF,"El Centro, CA",91,United States,US,California,CA,6.0,32363,"El Centro, CA",91,32.0,N,49.0,39.0,32.8275,115.0,W,40.0,8.0,-115.66888889,1/1/1950 12:00:00 AM,6/30/2011 12:00:00 AM,0,0
1369301,13693,NKI,Naukiti Airport,"Naukiti, AK",1,United States,US,Alaska,AK,2.0,33693,"Naukiti, AK",1,55.0,N,52.0,30.0,55.875,133.0,W,13.0,15.0,-133.22083333,1/1/1950 12:00:00 AM,,0,1
1369701,13697,NKT,Cherry Point MCAS,"Cherry Point, NC",36,United States,US,North Carolina,NC,37.0,33697,"Cherry Point, NC",36,34.0,N,54.0,9.0,34.9025,76.0,W,52.0,53.0,-76.88138889,1/1/1950 12:00:00 AM,6/30/2011 12:00:00 AM,0,0
1369702,13697,N1C,Cherry Point MCAS,"Cherry Point, NC",36,United States,US,North Carolina,NC,37.0,33697,"Cherry Point, NC",36,34.0,N,54.0,3.0,34.90083333,76.0,W,52.0,51.0,-76.88083333,7/1/2011 12:00:00 AM,4/30/2016 12:00:00 AM,0,0
1369801,13698,NKV,Nichin Cove Seaplane Base,"Nichen Cove, AK",1,United States,US,Alaska,AK,2.0,33698,"Nichen Cove, AK",1,55.0,N,51.0,0.0,55.85,133.0,W,13.0,0.0,-133.21666667,12/1/1997 12:00:00 AM,,0,1
1370001,13700,NKX,Miramar NAS,"San Diego, CA",91,United States,US,California,CA,6.0,33570,"San Diego, CA",91,32.0,N,52.0,9.0,32.86916667,117.0,W,8.0,37.0,-117.14361111,1/1/1950 12:00:00 AM,6/30/2011 12:00:00 AM,0,0
1370201,13702,NLC,Lemoore NAS,"Lemoore, CA",91,United States,US,California,CA,6.0,33702,"Lemoore, CA",91,36.0,N,19.0,59.0,36.33305556,119.0,W,57.0,8.0,-119.95222222,1/1/1950 12:00:00 AM,6/30/2011 12:00:00 AM,0,0
1370401,13704,NLG,Nelson Lagoon Airport,"Nelson Lagoon, AK",1,United States,US,Alaska,AK,2.0,33704,"Nelson Lagoon, AK",1,56.0,N,0.0,27.0,56.0075,161.0,W,10.0,3.0,-161.1675,3/1/1993 12:00:00 AM,6/30/2011 12:00:00 AM,0,0
1371001,13710,NME,Nightmute Airport,"Nightmute, AK",1,United States,US,Alaska,AK,2.0,33710,"Nightmute, AK",1,60.0,N,29.0,30.0,60.49166667,164.0,W,43.0,15.0,-164.72083333,4/1/1981 12:00:00 AM,6/30/2011 12:00:00 AM,0,0
1371401,13714,NNK,Naknek Airport,"Naknek, AK",1,United States,US,Alaska,AK,2.0,33714,"Naknek, AK",1,58.0,N,43.0,58.0,58.73277778,157.0,W,1.0,12.0,-157.02,1/1/1950 12:00:00 AM,4/30/2014 12:00:00 AM,0,0
1371501,13715,NNL,Nondalton Airport,"Nondalton, AK",1,United States,US,Alaska,AK,2.0,33715,"Nondalton, AK",1,59.0,N,58.0,41.0,59.97805556,154.0,W,50.0,29.0,-154.84138889,3/1/1976 12:00:00 AM,6/30/2011 12:00:00 AM,0,0
1372501,13725,NOT,Gnoss Field,"Novato, CA",91,United States,US,California,CA,6.0,33725,"Novato, CA",91,38.0,N,8.0,40.0,38.14444444,122.0,W,33.0,29.0,-122.55805556,10/1/1975 12:00:00 AM,6/30/2011 12:00:00 AM,0,0
1372801,13728,NPA,Pensacola NAS Forrest Sherman Field,"Pensacola, FL",33,United States,US,Florida,FL,12.0,33728,"Pensacola, FL",33,30.0,N,21.0,10.0,30.35277778,87.0,W,19.0,13.0,-87.32027778,1/1/1950 12:00:00 AM,6/30/2011 12:00:00 AM,0,0
1373101,13731,NPT,Newport State,"Newport, RI",15,United States,US,Rhode Island,RI,44.0,33731,"Newport, RI",15,41.0,N,31.0,51.0,41.53083333,71.0,W,16.0,57.0,-71.2825,1/1/1950 12:00:00 AM,6/30/2011 12:00:00 AM,0,0
1373201,13732,NQA,Millington Regional Jetport,"Millington, TN",54,United States,US,Tennessee,TN,47.0,33244,"Memphis, TN",54,35.0,N,21.0,24.0,35.35666667,89.0,W,52.0,13.0,-89.87027778,1/1/1950 12:00:00 AM,10/31/2011 12:00:00 AM,0,0
1373301,13733,NQI,Kingsville NAS,"Kingsville, TX",74,United States,US,Texas,TX,48.0,33733,"Kingsville, TX",74,27.0,N,30.0,25.0,27.50694444,97.0,W,48.0,34.0,-97.80944444,1/1/1950 12:00:00 AM,6/30/2011 12:00:00 AM,0,0
1373601,13736,NQX,Key West NAS,"Key West, FL",33,United States,US,Florida,FL,12.0,31624,"Key West, FL",33,24.0,N,34.0,31.0,24.57527778,81.0,W,41.0,21.0,-81.68916667,1/1/1950 12:00:00 AM,6/30/2011 12:00:00 AM,0,0
1373901,13739,NRB,Mayport NS,"Mayport, FL",33,United States,US,Florida,FL,12.0,33739,"Mayport, FL",33,30.0,N,23.0,30.0,30.39166667,81.0,W,25.0,26.0,-81.42388889,1/1/1950 12:00:00 AM,6/30/2011 12:00:00 AM,0,0
1374001,13740,NRI,Grand Lake Regional,"Afton, OK",73,United States,US,Oklahoma,OK,40.0,33740,"Afton, OK",73,36.0,N,34.0,38.0,36.57722222,94.0,W,51.0,41.0,-94.86138889,6/1/1982 12:00:00 AM,6/30/2011 12:00:00 AM,0,0
1374701,13747,NSE,Whiting Field NAS North,"Milton, FL",33,United States,US,Florida,FL,12.0,33747,"Milton, FL",33,30.0,N,43.0,26.0,30.72388889,87.0,W,1.0,19.0,-87.02194444,1/1/1950 12:00:00 AM,6/30/2011 12:00:00 AM,0,0
1374801,13748,NSF,Andrews NAF,"Camp Springs, MD",35,United States,US,Maryland,MD,24.0,30172,"Camp Springs, MD",35,38.0,N,48.0,39.0,38.81083333,76.0,W,52.0,2.0,-76.86722222,12/1/1987 12:00:00 AM,6/30/2011 12:00:00 AM,0,0
1375001,13750,NSL,NASA Shuttle Landing Facility,"Merritt Island, FL",33,United States,US,Florida,FL,12.0,33750,"Merritt Island, FL",33,28.0,N,36.0,53.0,28.61472222,80.0,W,41.0,41.0,-80.69472222,3/1/1982 12:00:00 AM,6/30/2011 12:00:00 AM,0,0
1375003,13750,1FL,NASA Shuttle Landing Facility,"Titusville, FL",33,United States,US,Florida,FL,12.0,35221,"Titusville, FL",33,28.0,N,36.0,54.0,28.615,80.0,W,41.0,40.0,-80.69444444,1/1/2020 12:00:00 AM,9/30/2022 12:00:00 AM,0,0
1375601,13756,NTD,Point Mugu NAS,"Port Hueneme, CA",91,United States,US,California,CA,6.0,33756,"Port Hueneme, CA",91,34.0,N,7.0,13.0,34.12027778,119.0,W,7.0,12.0,-119.12,1/1/1950 12:00:00 AM,6/30/2011 12:00:00 AM,0,0
1376301,13763,NTU,Oceana NAS,"Oceana, VA",38,United States,US,Virginia,VA,51.0,33763,"Oceana, VA",38,36.0,N,49.0,14.0,36.82055556,76.0,W,2.0,2.0,-76.03388889,1/1/1950 12:00:00 AM,6/30/2011 12:00:00 AM,0,0
1376701,13767,NUI,Nuiqsut Airport,"Nuiqsut, AK",1,United States,US,Alaska,AK,2.0,33767,"Nuiqsut, AK",1,70.0,N,12.0,38.0,70.21055556,151.0,W,0.0,17.0,-151.00472222,1/1/1950 12:00:00 AM,6/30/2011 12:00:00 AM,0,0
1376801,13768,NUL,Nulato Airport,"Nulato, AK",1,United States,US,Alaska,AK,2.0,33768,"Nulato, AK",1,64.0,N,43.0,40.0,64.72777778,158.0,W,4.0,36.0,-158.07666667,1/1/1950 12:00:00 AM,6/30/2011 12:00:00 AM,0,0
1376901,13769,NUN,Saufley NAS,"Pensacola, FL",33,United States,US,Florida,FL,12.0,33728,"Pensacola, FL",33,30.0,N,28.0,10.0,30.46944444,87.0,W,20.0,17.0,-87.33805556,1/1/1950 12:00:00 AM,6/30/2011 12:00:00 AM,0,0
1377001,13770,NUP,Nunapitchuk Airport,"Nunapitchuk, AK",1,United States,US,Alaska,AK,2.0,33770,"Nunapitchuk, AK",1,60.0,N,53.0,40.0,60.89444444,162.0,W,28.0,0.0,-162.46666667,1/1/1950 12:00:00 AM,6/30/2011 12:00:00 AM,0,0
1377101,13771,NUQ,Moffett Field NAS,"Mountain View, CA",91,United States,US,California,CA,6.0,33771,"Mountain View, CA",91,37.0,N,24.0,55.0,37.41527778,122.0,W,2.0,50.0,-122.04722222,1/1/1950 12:00:00 AM,8/31/1993 12:00:00 AM,0,0
1377201,13772,NUW,Whidbey Island NAS,"Whidbey Island, WA",93,United States,US,Washington,WA,53.0,33772,"Whidbey Island, WA",93,48.0,N,21.0,8.0,48.35222222,122.0,W,39.0,15.0,-122.65416667,1/1/1950 12:00:00 AM,6/30/2011 12:00:00 AM,0,0
1377301,13773,NV1,Perkins Field,"Overton, NV",85,United States,US,Nevada,NV,32.0,33773,"Overton, NV",85,36.0,N,34.0,5.0,36.56805556,114.0,W,26.0,36.0,-114.44333333,7/1/2005 12:00:00 AM,,0,1
1377501,13775,NVD,Nevada Municipal,"Nevada, MO",64,United States,US,Missouri,MO,29.0,33775,"Nevada, MO",64,37.0,N,51.0,5.0,37.85138889,94.0,W,18.0,14.0,-94.30388889,1/1/1950 12:00:00 AM,5/31/1978 12:00:00 AM,0,0
1378001,13780,NXX,Willow Grove NAS,"Willow Grove, PA",23,United States,US,Pennsylvania,PA,42.0,33780,"Willow Grove, PA",23,40.0,N,12.0,1.0,40.20027778,75.0,W,8.0,54.0,-75.14833333,1/1/1950 12:00:00 AM,6/30/2011 12:00:00 AM,0,0
1378101,13781,NY1,Kingston Ulster,"Kingston, NY",22,United States,US,New York,NY,36.0,33781,"Kingston, NY",22,41.0,N,59.0,7.0,41.98527778,73.0,W,57.0,51.0,-73.96416667,6/1/2006 12:00:00 AM,6/30/2011 12:00:00 AM,0,0
1378201,13782,NY2,Oswego County,"Fulton, NY",22,United States,US,New York,NY,36.0,33782,"Fulton, NY",22,43.0,N,21.0,3.0,43.35083333,76.0,W,23.0,17.0,-76.38805556,10/1/2006 12:00:00 AM,,0,1
1378401,13784,NYC,New York City Metropolitan Area,"New York, NY",22,United States,US,New York,NY,36.0,31703,"New York City, NY (Metropolitan Area)",22,40.0,N,43.0,38.0,40.72722222,73.0,W,55.0,36.0,-73.92666667,1/1/1950 12:00:00 AM,,0,1
1378501,13785,NYL,Yuma MCAS/Yuma International,"Yuma, AZ",81,United States,US,Arizona,AZ,4.0,33785,"Yuma, AZ",81,32.0,N,39.0,24.0,32.65666667,114.0,W,36.0,21.0,-114.60583333,1/1/1950 12:00:00 AM,9/30/2018 12:00:00 AM,0,0
1378801,13788,NZC,Cecil Field,"Jacksonville, FL",33,United States,US,Florida,FL,12.0,31136,"Jacksonville, FL",33,30.0,N,13.0,7.0,30.21861111,81.0,W,52.0,36.0,-81.87666667,1/1/1950 12:00:00 AM,1/31/2011 12:00:00 AM,0,0
1378805,13788,VQQ,Cecil Field,"Jacksonville, FL",33,United States,US,Florida,FL,12.0,31136,"Jacksonville, FL",33,30.0,N,13.0,7.0,30.21861111,81.0,W,52.0,36.0,-81.87666667,10/1/2017 12:00:00 AM,11/30/2017 12:00:00 AM,0,0
1378901,13789,NZJ,El Toro MCAS,"Santa Ana, CA",91,United States,US,California,CA,6.0,32575,"Los Angeles, CA (Metropolitan Area)",91,33.0,N,40.0,3.0,33.6675,117.0,W,43.0,6.0,-117.71833333,6/1/1974 12:00:00 AM,,0,1
1379101,13791,NZY,North Island NAS,"San Diego, CA",91,United States,US,California,CA,6.0,33570,"San Diego, CA",91,32.0,N,41.0,57.0,32.69916667,117.0,W,12.0,52.0,-117.21444444,1/1/1950 12:00:00 AM,6/30/2011 12:00:00 AM,0,0
1379201,13792,O85,Benton Field,"Redding, CA",91,United States,US,California,CA,6.0,33792,"Redding, CA",91,40.0,N,34.0,27.0,40.57416667,122.0,W,24.0,27.0,-122.4075,9/1/2009 12:00:00 AM,3/31/2014 12:00:00 AM,0,0
1379501,13795,OAJ,Albert J Ellis,"Jacksonville/Camp Lejeune, NC",36,United States,US,North Carolina,NC,37.0,33795,"Jacksonville/Camp Lejeune, NC",36,34.0,N,49.0,49.0,34.83027778,77.0,W,36.0,42.0,-77.61166667,1/1/1950 12:00:00 AM,6/30/2011 12:00:00 AM,0,0
1379601,13796,OAK,Metropolitan Oakland International,"Oakland, CA",91,United States,US,California,CA,6.0,32457,"San Francisco, CA (Metropolitan Area)",91,37.0,N,43.0,17.0,37.72138889,122.0,W,13.0,15.0,-122.22083333,1/1/1950 12:00:00 AM,10/31/2013 12:00:00 AM,0,0
1380501,13805,OBT,Garrett County,"Oakland, MD",35,United States,US,Maryland,MD,24.0,33805,"Oakland, MD",35,39.0,N,34.0,51.0,39.58083333,79.0,W,20.0,9.0,-79.33583333,12/1/1995 12:00:00 AM,,0,1
1380601,13806,OBU,Kobuk Airport,"Kobuk, AK",1,United States,US,Alaska,AK,2.0,33806,"Kobuk, AK",1,66.0,N,54.0,38.0,66.91055556,156.0,W,53.0,0.0,-156.88333333,1/1/1950 12:00:00 AM,6/30/2011 12:00:00 AM,0,0
1380801,13808,OCE,Ocean City Municipal,"Ocean City, MD",35,United States,US,Maryland,MD,24.0,33808,"Ocean City, MD",35,38.0,N,18.0,38.0,38.31055556,75.0,W,7.0,26.0,-75.12388889,1/1/1950 12:00:00 AM,,0,1
1380901,13809,OCF,Ocala Municipal,"Ocala, FL",33,United States,US,Florida,FL,12.0,33809,"Ocala, FL",33,29.0,N,10.0,32.0,29.17555556,82.0,W,13.0,37.0,-82.22694444,1/1/1950 12:00:00 AM,10/31/2002 12:00:00 AM,0,0
1381001,13810,OCH,A L Mangham Jr. Regional,"Nacogdoches, TX",74,United States,US,Texas,TX,48.0,33810,"Nacogdoches, TX",74,31.0,N,35.0,0.0,31.58333333,94.0,W,42.0,0.0,-94.7,9/1/1979 12:00:00 AM,6/30/2011 12:00:00 AM,0,0
1381101,13811,OCI,Thumb Bay,"Oceanic, AK",1,United States,US,Alaska,AK,2.0,33811,"Oceanic, AK",1,60.0,N,12.0,0.0,60.2,147.0,W,49.0,0.0,-147.81666667,1/1/1950 12:00:00 AM,,0,1
1381301,13813,OCN,Oceanside Municipal,"Oceanside, CA",91,United States,US,California,CA,6.0,33813,"Oceanside, CA",91,33.0,N,13.0,2.0,33.21722222,117.0,W,21.0,10.0,-117.35277778,1/1/1950 12:00:00 AM,6/30/2011 12:00:00 AM,0,0
1381401,13814,OCW,Warren Field,"Washington, NC",36,United States,US,North Carolina,NC,37.0,33814,"Washington, NC",36,35.0,N,34.0,8.0,35.56888889,77.0,W,3.0,3.0,-77.05083333,3/1/1974 12:00:00 AM,6/30/2011 12:00:00 AM,0,0
1381901,13819,ODM,Oakland Airport,"Oakland, MD",35,United States,US,Maryland,MD,24.0,33805,"Oakland, MD",35,39.0,N,24.0,24.0,39.40666667,79.0,W,24.0,50.0,-79.41388889,6/1/1977 12:00:00 AM,,0,1
1382101,13821,ODW,Wes Lupian Airfield,"Oak Harbor, WA",93,United States,US,Washington,WA,53.0,33821,"Oak Harbor, WA",93,48.0,N,15.0,12.0,48.25333333,122.0,W,40.0,21.0,-122.6725,1/1/1950 12:00:00 AM,8/31/2009 12:00:00 AM,0,0
1382401,13824,OFF,Offutt AFB,"Omaha, NE",65,United States,US,Nebraska,NE,31.0,33316,"Omaha, NE",65,41.0,N,7.0,6.0,41.11833333,95.0,W,54.0,44.0,-95.91222222,1/1/1950 12:00:00 AM,6/30/2011 12:00:00 AM,0,0
1382501,13825,OFK,Norfolk Regional/Karl Stefan Memorial Field,"Norfolk, NE",65,United States,US,Nebraska,NE,31.0,33825,"Norfolk, NE",65,41.0,N,59.0,3.0,41.98416667,97.0,W,26.0,3.0,-97.43416667,1/1/1950 12:00:00 AM,6/30/2011 12:00:00 AM,0,0
1382602,13826,OFU,Ofu Airport,"Ofu, TT",5,United States,US,U.S. Pacific Trust Territories and Possessions,TT,75.0,33826,"Ofu, TT",5,14.0,S,11.0,12.0,-14.18666667,169.0,W,40.0,0.0,-169.66666667,1/1/1990 12:00:00 AM,6/30/2011 12:00:00 AM,0,0
1382701,13827,OGA,Searle Field,"Ogallala, NE",65,United States,US,Nebraska,NE,31.0,33827,"Ogallala, NE",65,41.0,N,7.0,11.0,41.11972222,101.0,W,46.0,9.0,-101.76916667,1/1/1978 12:00:00 AM,6/30/2011 12:00:00 AM,0,0
1382801,13828,OGB,Orangeburg Municipal,"Orangeburg, SC",37,United States,US,South Carolina,SC,45.0,33828,"Orangeburg, SC",37,33.0,N,27.0,47.0,33.46305556,80.0,W,51.0,23.0,-80.85638889,6/1/1978 12:00:00 AM,6/30/2011 12:00:00 AM,0,0
1382901,13829,OGD,Ogden-Hinckley,"Ogden, UT",87,United States,US,Utah,UT,49.0,32131,"Ogden, UT",87,41.0,N,11.0,47.0,41.19638889,112.0,W,0.0,39.0,-112.01083333,1/1/1950 12:00:00 AM,6/30/2011 12:00:00 AM,0,0
1383001,13830,OGG,Kahului Airport,"Kahului, HI",2,United States,US,Hawaii,HI,15.0,33830,"Kahului, HI",2,20.0,N,54.0,2.0,20.90055556,156.0,W,26.0,1.0,-156.43361111,1/1/1950 12:00:00 AM,6/30/2011 12:00:00 AM,0,0
1383201,13832,OGS,Ogdensburg International,"Ogdensburg, NY",22,United States,US,New York,NY,36.0,33832,"Ogdensburg, NY",22,44.0,N,40.0,54.0,44.68166667,75.0,W,27.0,57.0,-75.46583333,1/1/1950 12:00:00 AM,6/30/2011 12:00:00 AM,0,0
1383301,13833,OH1,Fayette County,"Washington Court House, OH",44,United States,US,Ohio,OH,39.0,33833,"Washington Court House, OH",44,39.0,N,34.0,13.0,39.57027778,83.0,W,25.0,14.0,-83.42055556,8/1/2003 12:00:00 AM,,0,1
1383401,13834,OH2,Bellefontaine Regional,"Bellefontaine, OH",44,United States,US,Ohio,OH,39.0,33834,"Bellefontaine, OH",44,40.0,N,22.0,20.0,40.37222222,83.0,W,49.0,8.0,-83.81888889,4/1/2004 12:00:00 AM,6/30/2011 12:00:00 AM,0,0
1383501,13835,OH3,Ross County,"Chillicothe, OH",44,United States,US,Ohio,OH,39.0,33835,"Chillicothe, OH",44,39.0,N,26.0,25.0,39.44027778,83.0,W,1.0,23.0,-83.02305556,1/1/2005 12:00:00 AM,6/30/2011 12:00:00 AM,0,0
1383601,13836,OH4,Union County,"Marysville, OH",44,United States,US,Ohio,OH,39.0,33836,"Marysville, OH",44,40.0,N,13.0,29.0,40.22472222,83.0,W,21.0,6.0,-83.35166667,12/1/2004 12:00:00 AM,10/31/2018 12:00:00 AM,0,0
1383701,13837,OH5,Cincinnati - Blue Ash,"Cincinnati, OH",44,United States,US,Ohio,OH,39.0,33105,"Cincinnati, OH",44,39.0,N,14.0,48.0,39.24666667,84.0,W,23.0,20.0,-84.38888889,7/1/2005 12:00:00 AM,,0,1
1383801,13838,OH6,Portage County,"Ravenna, OH",44,United States,US,Ohio,OH,39.0,33838,"Ravenna, OH",44,41.0,N,12.0,37.0,41.21027778,81.0,W,15.0,6.0,-81.25166667,7/1/2006 12:00:00 AM,,0,1
1383901,13839,OH7,Kent State University,"Kent, OH",44,United States,US,Ohio,OH,39.0,33839,"Kent, OH",44,41.0,N,9.0,7.0,41.15194444,81.0,W,25.0,0.0,-81.41666667,4/1/2008 12:00:00 AM,6/30/2011 12:00:00 AM,0,0
1384101,13841,OHC,Northeast Cape AFS,"Northeast Cape, AK",1,United States,US,Alaska,AK,2.0,33841,"Northeast Cape, AK",1,63.0,N,19.0,35.0,63.32638889,168.0,W,58.0,8.0,-168.96888889,1/1/1950 12:00:00 AM,,0,1
1384501,13845,OIC,Eaton,"Norwich, NY",22,United States,US,New York,NY,36.0,33845,"Norwich, NY",22,42.0,N,33.0,59.0,42.56638889,75.0,W,31.0,27.0,-75.52416667,3/1/2003 12:00:00 AM,,0,1
1384801,13848,OJC,Johnson County Executive,"Olathe, KS",62,United States,US,Kansas,KS,20.0,33198,"Kansas City, MO",64,38.0,N,50.0,51.0,38.8475,94.0,W,44.0,15.0,-94.7375,1/1/1950 12:00:00 AM,,0,1
1385101,13851,OKC,Will Rogers World,"Oklahoma City, OK",73,United States,US,Oklahoma,OK,40.0,33851,"Oklahoma City, OK",73,35.0,N,23.0,32.0,35.39222222,97.0,W,36.0,6.0,-97.60166667,1/1/1950 12:00:00 AM,11/30/1989 12:00:00 AM,0,0
1385401,13854,OKK,Kokomo Municipal,"Kokomo/Logansport/Peru, IN",42,United States,US,Indiana,IN,18.0,33854,"Kokomo/Logansport/Peru, IN",42,40.0,N,31.0,47.0,40.52972222,86.0,W,3.0,29.0,-86.05805556,1/1/1950 12:00:00 AM,12/31/2005 12:00:00 AM,0,0
1386101,13861,OLE,Olean Municipal,"Olean, NY",22,United States,US,New York,NY,36.0,33861,"Olean, NY",22,42.0,N,14.0,27.0,42.24083333,78.0,W,22.0,36.0,-78.37666667,1/1/1950 12:00:00 AM,6/30/2011 12:00:00 AM,0,0
1386201,13862,OLF,Wolf Point International,"Wolf Point, MT",84,United States,US,Montana,MT,30.0,33862,"Wolf Point, MT",84,48.0,N,5.0,41.0,48.09472222,105.0,W,33.0,59.0,-105.56638889,1/1/1950 12:00:00 AM,6/30/2011 12:00:00 AM,0,0
1386301,13863,OLH,Old Harbor Airport,"Old Harbor, AK",1,United States,US,Alaska,AK,2.0,33863,"Old Harbor, AK",1,57.0,N,12.0,22.0,57.20611111,153.0,W,17.0,58.0,-153.29944444,1/1/1950 12:00:00 AM,6/30/2011 12:00:00 AM,0,0
1386501,13865,OLM,Olympia Regional,"Olympia, WA",93,United States,US,Washington,WA,53.0,33865,"Olympia, WA",93,46.0,N,58.0,25.0,46.97361111,122.0,W,54.0,12.0,-122.90333333,1/1/1950 12:00:00 AM,6/30/2011 12:00:00 AM,0,0
1386801,13868,OLS,Nogales International,"Nogales, AZ",81,United States,US,Arizona,AZ,4.0,33868,"Nogales, AZ",81,31.0,N,24.0,59.0,31.41638889,110.0,W,50.0,57.0,-110.84916667,3/1/1971 12:00:00 AM,6/30/2011 12:00:00 AM,0,0
1386901,13869,OLU,Columbus Municipal,"Columbus, NE",65,United States,US,Nebraska,NE,31.0,33869,"Columbus, NE",65,41.0,N,26.0,50.0,41.44722222,97.0,W,20.0,30.0,-97.34166667,1/1/1950 12:00:00 AM,6/30/2011 12:00:00 AM,0,0
1387001,13870,OLV,Olive Branch Airport,"Olive Branch, MS",53,United States,US,Mississippi,MS,28.0,33870,"Olive Branch, MS",53,34.0,N,58.0,44.0,34.97888889,89.0,W,47.0,13.0,-89.78694444,4/1/2008 12:00:00 AM,6/30/2011 12:00:00 AM,0,0
1387101,13871,OMA,Eppley Airfield,"Omaha, NE",65,United States,US,Nebraska,NE,31.0,33316,"Omaha, NE",65,41.0,N,18.0,7.0,41.30194444,95.0,W,53.0,36.0,-95.89333333,1/1/1950 12:00:00 AM,6/30/2011 12:00:00 AM,0,0
1387301,13873,OME,Nome Airport,"Nome, AK",1,United States,US,Alaska,AK,2.0,33873,"Nome, AK",1,64.0,N,30.0,41.0,64.51138889,165.0,W,26.0,30.0,-165.44166667,1/1/1950 12:00:00 AM,6/30/2011 12:00:00 AM,0,0
1387601,13876,OMK,Omak Airport,"Omak, WA",93,United States,US,Washington,WA,53.0,33876,"Omak, WA",93,48.0,N,28.0,0.0,48.46666667,119.0,W,31.0,15.0,-119.52083333,12/1/1979 12:00:00 AM,6/30/2011 12:00:00 AM,0,0
1388101,13881,ONA,Winona Municipal/Max Conrad Field,"Winona, MN",63,United States,US,Minnesota,MN,27.0,33881,"Winona, MN",63,44.0,N,4.0,36.0,44.07666667,91.0,W,42.0,22.0,-91.70611111,1/1/1950 12:00:00 AM,6/30/2011 12:00:00 AM,0,0
1388401,13884,ONH,Oneonta Municipal,"Oneonta, NY",22,United States,US,New York,NY,36.0,33783,"Oneonta, NY",22,42.0,N,31.0,29.0,42.52472222,75.0,W,3.0,52.0,-75.06444444,1/1/1965 12:00:00 AM,9/30/2022 12:00:00 AM,0,0
1388601,13886,ONL,O'Neill Municipal,"O'Neill, NE",65,United States,US,Nebraska,NE,31.0,33886,"O'Neill, NE",65,42.0,N,27.0,55.0,42.46527778,98.0,W,41.0,19.0,-98.68861111,1/1/1950 12:00:00 AM,6/30/2011 12:00:00 AM,0,0
1388701,13887,ONM,Socorro Municipal,"Socorro, NM",86,United States,US,New Mexico,NM,35.0,33887,"Socorro, NM",86,34.0,N,1.0,19.0,34.02194444,106.0,W,54.0,8.0,-106.90222222,6/1/2001 12:00:00 AM,6/30/2011 12:00:00 AM,0,0
1388801,13888,ONN,Onion Bay Airport,"Onion Bay, AK",1,United States,US,Alaska,AK,2.0,33888,"Onion Bay, AK",1,58.0,N,4.0,5.0,58.06805556,153.0,W,15.0,14.0,-153.25388889,3/1/1984 12:00:00 AM,,0,1
1388901,13889,ONO,Ontario Municipal,"Ontario, OR",92,United States,US,Oregon,OR,41.0,33889,"Ontario, OR",92,44.0,N,1.0,22.0,44.02277778,117.0,W,0.0,50.0,-117.01388889,1/1/1950 12:00:00 AM,6/30/2011 12:00:00 AM,0,0
1389001,13890,ONP,Newport Municipal,"Newport, OR",92,United States,US,Oregon,OR,41.0,33890,"Newport, OR",92,44.0,N,34.0,46.0,44.57944444,124.0,W,3.0,28.0,-124.05777778,6/1/1976 12:00:00 AM,11/30/1980 12:00:00 AM,0,0
1389101,13891,ONT,Ontario International,"Ontario, CA",91,United States,US,California,CA,6.0,32575,"Los Angeles, CA (Metropolitan Area)",91,34.0,N,3.0,22.0,34.05611111,117.0,W,36.0,4.0,-117.60111111,1/1/1950 12:00:00 AM,,0,1
1389301,13893,OOB,Cobol Alaska/Scaled/,"Cobol, AK",1,United States,US,Alaska,AK,2.0,33893,"Cobol, AK",1,57.0,N,29.0,0.0,57.48333333,135.0,W,52.0,0.0,-135.86666667,1/1/1950 12:00:00 AM,,0,1
1389401,13894,OOK,Toksook Bay,"Toksook, AK",1,United States,US,Alaska,AK,2.0,33894,"Toksook, AK",1,60.0,N,31.0,55.0,60.53194444,165.0,W,6.0,30.0,-165.10833333,1/1/1950 12:00:00 AM,6/30/2011 12:00:00 AM,0,0
1389801,13898,OPF,Opa-locka Executive,"Miami, FL",33,United States,US,Florida,FL,12.0,32467,"Miami, FL (Metropolitan Area)",33,25.0,N,54.0,25.0,25.90694444,80.0,W,16.0,49.0,-80.28027778,1/1/1950 12:00:00 AM,6/30/2011 12:00:00 AM,0,0
1389901,13899,OPH,Ophir Airport,"Ophir, AK",1,United States,US,Alaska,AK,2.0,33899,"Ophir, AK",1,63.0,N,8.0,42.0,63.145,156.0,W,31.0,35.0,-156.52638889,1/1/1950 12:00:00 AM,6/30/2011 12:00:00 AM,0,0
1390101,13901,OQA,McDonald Lake Airport,"McDonald Lake, AK",1,United States,US,Alaska,AK,2.0,33901,"McDonald Lake, AK",1,55.0,N,56.0,14.0,55.93722222,131.0,W,48.0,46.0,-131.81277778,4/1/2002 12:00:00 AM,,0,1
1390201,13902,OQB,Bible Camp Airport,"Bible Camp, AK",1,United States,US,Alaska,AK,2.0,33902,"Bible Camp, AK",1,57.0,N,55.0,35.0,57.92638889,156.0,W,5.0,0.0,-156.08333333,3/1/2002 12:00:00 AM,,0,1
1390301,13903,OQC,Cinder River Lodge Airport,"Cinder River Lodge, AK",1,United States,US,Alaska,AK,2.0,33903,"Cinder River Lodge, AK",1,57.0,N,4.0,0.0,57.06666667,157.0,W,48.0,51.0,-157.81416667,1/1/1983 12:00:00 AM,,0,1
1390501,13905,OQF,Lemesurier Island Airport,"Lemesurier Island, AK",1,United States,US,Alaska,AK,2.0,33905,"Lemesurier Island, AK",1,58.0,N,17.0,4.0,58.28444444,136.0,W,5.0,5.0,-136.08472222,1/1/2002 12:00:00 AM,,0,1
1390601,13906,OQG,Tracy Arm Airport,"Tracy Arm, AK",1,United States,US,Alaska,AK,2.0,33906,"Tracy Arm, AK",1,57.0,N,54.0,41.0,57.91138889,133.0,W,24.0,8.0,-133.40222222,3/1/2002 12:00:00 AM,,0,1
1390801,13908,OQI,Vrems Airport,"Vrems, AK",1,United States,US,Alaska,AK,2.0,33908,"Vrems, AK",1,57.0,N,51.0,25.0,57.85694444,157.0,W,5.0,12.0,-157.08666667,4/1/2002 12:00:00 AM,,0,1
1390901,13909,OQK,Akolik Airport,"Akolik, AK",1,United States,US,Alaska,AK,2.0,33909,"Akolik, AK",1,68.0,N,59.0,0.0,68.98333333,163.0,W,26.0,44.0,-163.44555556,1/1/2002 12:00:00 AM,,0,1
1391001,13910,OQL,Mels Airport,"Mels, AK",1,United States,US,Alaska,AK,2.0,33910,"Mels, AK",1,56.0,N,14.0,0.0,56.23333333,160.0,W,4.0,30.0,-160.075,3/1/2002 12:00:00 AM,,0,1
1391101,13911,OQM,Meshik Airport,"Meshik, AK",1,United States,US,Alaska,AK,2.0,33911,"Meshik, AK",1,56.0,N,46.0,0.0,56.76666667,158.0,W,5.0,7.0,-158.08527778,3/1/2002 12:00:00 AM,,0,1
1391201,13912,OQN,Telaquana Lake Airport,"Telaquana Lake, AK",1,United States,US,Alaska,AK,2.0,33912,"Telaquana Lake, AK",1,60.0,N,57.0,19.0,60.95527778,153.0,W,54.0,27.0,-153.9075,4/1/2002 12:00:00 AM,,0,1
1391301,13913,OQO,Chelatna Lake Lodge Airport,"Chelatna Lake Lodge, AK",1,United States,US,Alaska,AK,2.0,33913,"Chelatna Lake Lodge, AK",1,62.0,N,26.0,3.0,62.43416667,151.0,W,24.0,53.0,-151.41472222,6/1/2002 12:00:00 AM,,0,1
1391401,13914,OQP,Pumice Airport,"Pumice, AK",1,United States,US,Alaska,AK,2.0,33914,"Pumice, AK",1,57.0,N,10.0,42.0,57.17833333,157.0,W,44.0,0.0,-157.73333333,3/1/2002 12:00:00 AM,,0,1
1391501,13915,OQQ,Points Alsworth,"Port Alsworth, AK",1,United States,US,Alaska,AK,2.0,34268,"Port Alsworth, AK",1,60.0,N,11.0,0.0,60.18333333,154.0,W,20.0,2.0,-154.33388889,4/1/2002 12:00:00 AM,,0,1
1391601,13916,OQR,Twin Lakes Airport,"Twin Lakes, AK",1,United States,US,Alaska,AK,2.0,33916,"Twin Lakes, AK",1,60.0,N,39.0,10.0,60.65277778,154.0,W,2.0,10.0,-154.03611111,1/1/1983 12:00:00 AM,,0,1
1391701,13917,OQS,Sandy Airport,"Sandy, AK",1,United States,US,Alaska,AK,2.0,33917,"Sandy, AK",1,56.0,N,14.0,0.0,56.23333333,160.0,W,13.0,33.0,-160.22583333,3/1/2002 12:00:00 AM,,0,1
1392001,13920,OQV,Shirleyville Airport,"Shirleyville, AK",1,United States,US,Alaska,AK,2.0,33920,"Shirleyville, AK",1,61.0,N,0.0,49.0,61.01361111,151.0,W,24.0,25.0,-151.40694444,8/1/2002 12:00:00 AM,,0,1
1392101,13921,OQW,Doug Carney Strip Airport,"Doug Carney Strip, AK",1,United States,US,Alaska,AK,2.0,33921,"Doug Carney Strip, AK",1,61.0,N,26.0,3.0,61.43416667,157.0,W,3.0,0.0,-157.05,8/1/2002 12:00:00 AM,,0,1
1392201,13922,OQX,Shisholik Airport,"Shisholik, AK",1,United States,US,Alaska,AK,2.0,33922,"Shisholik, AK",1,67.0,N,0.0,0.0,67.0,162.0,W,50.0,0.0,-162.83333333,7/1/2002 12:00:00 AM,,0,1
1392301,13923,OQY,Camp Sivinuvik,"Sivinuvik, AK",1,United States,US,Alaska,AK,2.0,33923,"Sivinuvik, AK",1,66.0,N,53.0,0.0,66.88333333,161.0,W,29.0,0.0,-161.48333333,8/1/2002 12:00:00 AM,,0,1
1392401,13924,OQZ,American Creek Airport,"American Creek, AK",1,United States,US,Alaska,AK,2.0,33924,"American Creek, AK",1,62.0,N,2.0,36.0,62.04333333,158.0,W,15.0,23.0,-158.25638889,7/1/2002 12:00:00 AM,,0,1
1392501,13925,OR1,Grants Pass Airport,"Grants Pass, OR",92,United States,US,Oregon,OR,41.0,33925,"Grants Pass, OR",92,42.0,N,30.0,42.0,42.51166667,123.0,W,23.0,16.0,-123.38777778,2/1/2003 12:00:00 AM,6/30/2011 12:00:00 AM,0,0
1392601,13926,OR2,Siletz Bay State,"Gleneden, OR",92,United States,US,Oregon,OR,41.0,33926,"Gleneden, OR",92,44.0,N,52.0,39.0,44.8775,124.0,W,1.0,42.0,-124.02833333,9/1/2007 12:00:00 AM,6/30/2011 12:00:00 AM,0,0
1392701,13927,OR3,Florence Municipal,"Florence, OR",92,United States,US,Oregon,OR,41.0,33927,"Florence, OR",92,43.0,N,58.0,58.0,43.98277778,124.0,W,6.0,41.0,-124.11138889,9/1/2009 12:00:00 AM,,0,1
1393001,13930,ORD,Chicago O'Hare International,"Chicago, IL",41,United States,US,Illinois,IL,17.0,30977,"Chicago, IL",41,41.0,N,58.0,41.0,41.97805556,87.0,W,54.0,22.0,-87.90611111,1/1/1950 12:00:00 AM,6/30/2011 12:00:00 AM,0,0
1393101,13931,ORF,Norfolk International,"Norfolk, VA",38,United States,US,Virginia,VA,51.0,33667,"Norfolk, VA (Metropolitan Area)",38,36.0,N,53.0,45.0,36.89583333,76.0,W,12.0,5.0,-76.20138889,1/1/1950 12:00:00 AM,6/30/2011 12:00:00 AM,0,0
1393301,13933,ORH,Worcester Regional,"Worcester, MA",13,United States,US,Massachusetts,MA,25.0,33933,"Worcester, MA",13,42.0,N,16.0,9.0,42.26916667,71.0,W,52.0,28.0,-71.87444444,1/1/1950 12:00:00 AM,6/30/2011 12:00:00 AM,0,0
1393401,13934,ORI,Port Lions Airport,"Port Lions, AK",1,United States,US,Alaska,AK,2.0,33934,"Port Lions, AK",1,57.0,N,53.0,10.0,57.88611111,152.0,W,50.0,38.0,-152.84388889,1/1/1950 12:00:00 AM,6/30/2011 12:00:00 AM,0,0
1393601,13936,ORL,Herndon,"Orlando, FL",33,United States,US,Florida,FL,12.0,31454,"Orlando, FL",33,28.0,N,32.0,39.0,28.54416667,81.0,W,20.0,8.0,-81.33555556,1/1/1950 12:00:00 AM,6/30/2011 12:00:00 AM,0,0
1394001,13940,ORT,Northway Airport,"Northway, AK",1,United States,US,Alaska,AK,2.0,33940,"Northway, AK",1,62.0,N,57.0,43.0,62.96194444,141.0,W,55.0,26.0,-141.92388889,1/1/1950 12:00:00 AM,6/30/2011 12:00:00 AM,0,0
1394201,13942,ORV,Robert/Bob/Curtis Memorial,"Noorvik, AK",1,United States,US,Alaska,AK,2.0,33942,"Noorvik, AK",1,66.0,N,49.0,45.0,66.82916667,161.0,W,1.0,25.0,-161.02361111,1/1/1950 12:00:00 AM,6/30/2011 12:00:00 AM,0,0
1394601,13946,OSB,Grand Glaize - Osage Beach,"Osage Beach, MO",64,United States,US,Missouri,MO,29.0,33946,"Osage Beach, MO",64,38.0,N,6.0,35.0,38.10972222,92.0,W,41.0,0.0,-92.68333333,7/1/1978 12:00:00 AM,6/30/2011 12:00:00 AM,0,0
1394701,13947,OSC,Wurtsmith AFB,"Oscoda, MI",43,United States,US,Michigan,MI,26.0,33947,"Oscoda, MI",43,44.0,N,27.0,5.0,44.45138889,83.0,W,23.0,39.0,-83.39416667,9/1/1977 12:00:00 AM,6/30/2011 12:00:00 AM,0,0
1394901,13949,OSH,Wittman Regional,"Oshkosh, WI",45,United States,US,Wisconsin,WI,55.0,33949,"Oshkosh, WI",45,43.0,N,59.0,2.0,43.98388889,88.0,W,33.0,25.0,-88.55694444,1/1/1950 12:00:00 AM,6/30/2011 12:00:00 AM,0,0
1395801,13958,OSU,Ohio State University,"Columbus, OH",44,United States,US,Ohio,OH,39.0,31066,"Columbus, OH",44,40.0,N,4.0,41.0,40.07805556,83.0,W,4.0,24.0,-83.07333333,3/1/1975 12:00:00 AM,6/30/2011 12:00:00 AM,0,0
1395901,13959,OSX,Kosciusko/Attala County,"Kosciusko, MS",53,United States,US,Mississippi,MS,28.0,33959,"Kosciusko, MS",53,33.0,N,5.0,19.0,33.08861111,89.0,W,32.0,24.0,-89.54,1/1/1950 12:00:00 AM,6/30/2011 12:00:00 AM,0,0
1396301,13963,OTG,Worthington Municipal,"Worthington, MN",63,United States,US,Minnesota,MN,27.0,33963,"Worthington, MN",63,43.0,N,39.0,8.0,43.65222222,95.0,W,35.0,1.0,-95.58361111,1/1/1950 12:00:00 AM,6/30/2011 12:00:00 AM,0,0
1396401,13964,OTH,North Bend Municipal,"North Bend/Coos Bay, OR",92,United States,US,Oregon,OR,41.0,33964,"North Bend/Coos Bay, OR",92,43.0,N,25.0,8.0,43.41888889,124.0,W,14.0,24.0,-124.24,1/1/1950 12:00:00 AM,3/31/2006 12:00:00 AM,0,0
1396501,13965,OTM,Ottumwa Industrial,"Ottumwa, IA",61,United States,US,Iowa,IA,19.0,33965,"Ottumwa, IA",61,41.0,N,6.0,23.0,41.10638889,92.0,W,26.0,57.0,-92.44916667,1/1/1950 12:00:00 AM,6/30/2008 12:00:00 AM,0,0
1396801,13968,OTS,Anacortes Airport,"Anacortes, WA",93,United States,US,Washington,WA,53.0,33968,"Anacortes, WA",93,48.0,N,29.0,57.0,48.49916667,122.0,W,39.0,40.0,-122.66111111,1/1/1950 12:00:00 AM,6/30/2011 12:00:00 AM,0,0
1397001,13970,OTZ,Ralph Wien Memorial,"Kotzebue, AK",1,United States,US,Alaska,AK,2.0,33970,"Kotzebue, AK",1,66.0,N,53.0,17.0,66.88805556,162.0,W,36.0,21.0,-162.60583333,1/1/1950 12:00:00 AM,6/30/2011 12:00:00 AM,0,0
1397601,13976,OUN,Max Westheimer,"Norman, OK",73,United States,US,Oklahoma,OK,40.0,33976,"Norman, OK",73,35.0,N,14.0,24.0,35.24,97.0,W,28.0,26.0,-97.47388889,1/1/1950 12:00:00 AM,6/30/2011 12:00:00 AM,0,0
1398101,13981,OVE,Oroville Municipal,"Oroville, CA",91,United States,US,California,CA,6.0,33981,"Oroville, CA",91,39.0,N,29.0,30.0,39.49166667,121.0,W,37.0,5.0,-121.61805556,1/1/1950 12:00:00 AM,6/30/2011 12:00:00 AM,0,0
1398201,13982,OWA,Owatonna Municipal,"Owatonna, MN",63,United States,US,Minnesota,MN,27.0,33982,"Owatonna, MN",63,44.0,N,7.0,14.0,44.12055556,93.0,W,15.0,16.0,-93.25444444,1/1/1950 12:00:00 AM,6/30/2011 12:00:00 AM,0,0
1398301,13983,OWB,Owensboro Daviess County,"Owensboro, KY",52,United States,US,Kentucky,KY,21.0,33983,"Owensboro, KY",52,37.0,N,44.0,27.0,37.74083333,87.0,W,9.0,57.0,-87.16583333,1/1/1950 12:00:00 AM,6/30/2011 12:00:00 AM,0,0
1398401,13984,OWD,Norwood Memorial,"Norwood, MA",13,United States,US,Massachusetts,MA,25.0,33984,"Norwood, MA",13,42.0,N,11.0,31.0,42.19194444,71.0,W,10.0,38.0,-71.17722222,1/1/1950 12:00:00 AM,6/30/2011 12:00:00 AM,0,0
1398701,13987,OXC,Waterbury Oxford,"Waterbury, CT",11,United States,US,Connecticut,CT,9.0,33987,"Waterbury, CT",11,41.0,N,28.0,43.0,41.47861111,73.0,W,8.0,7.0,-73.13527778,1/1/1950 12:00:00 AM,10/31/2018 12:00:00 AM,0,0
1398801,13988,OXR,Oxnard,"Oxnard/Ventura, CA",91,United States,US,California,CA,6.0,33988,"Oxnard/Ventura, CA",91,34.0,N,12.0,4.0,34.20111111,119.0,W,12.0,23.0,-119.20638889,1/1/1950 12:00:00 AM,6/30/2011 12:00:00 AM,0,0
1399401,13994,OYS,Yosemite National Park Airport,"Yosemite National Park, CA",91,United States,US,California,CA,6.0,33994,"Yosemite National Park, CA",91,37.0,N,45.0,0.0,37.75,119.0,W,35.0,0.0,-119.58333333,9/1/1977 12:00:00 AM,,0,1
1399501,13995,OZA,Ozona Municipal,"Ozona, TX",74,United States,US,Texas,TX,48.0,33995,"Ozona, TX",74,30.0,N,44.0,6.0,30.735,101.0,W,12.0,9.0,-101.2025,3/1/1985 12:00:00 AM,6/30/2011 12:00:00 AM,0,0
1399901,13999,OZR,Cairns AAF,"Ozark, AL",51,United States,US,Alabama,AL,1.0,33999,"Ozark, AL",51,31.0,N,16.0,36.0,31.27666667,85.0,W,42.0,36.0,-85.71,12/1/1988 12:00:00 AM,6/30/2011 12:00:00 AM,0,0
1400001,14000,PA1,Husky Haven,"Montrose, PA",23,United States,US,Pennsylvania,PA,42.0,34000,"Montrose, PA",23,41.0,N,47.0,20.0,41.78888889,75.0,W,53.0,23.0,-75.88972222,7/1/2005 12:00:00 AM,6/30/2011 12:00:00 AM,0,0
1400101,14001,PA2,Bedford County,"Bedford, PA",23,United States,US,Pennsylvania,PA,42.0,34001,"Bedford, PA",23,40.0,N,5.0,7.0,40.08527778,78.0,W,30.0,44.0,-78.51222222,1/1/2008 12:00:00 AM,6/30/2011 12:00:00 AM,0,0
1400401,14004,PAE,Snohomish County Paine Field,"Everett, WA",93,United States,US,Washington,WA,53.0,34004,"Everett, WA",93,47.0,N,54.0,30.0,47.90833333,122.0,W,16.0,53.0,-122.28138889,1/1/1950 12:00:00 AM,6/30/2011 12:00:00 AM,0,0
1400601,14006,PAH,Barkley Regional,"Paducah, KY",52,United States,US,Kentucky,KY,21.0,34006,"Paducah, KY",52,37.0,N,3.0,40.0,37.06111111,88.0,W,46.0,21.0,-88.7725,1/1/1950 12:00:00 AM,6/30/2011 12:00:00 AM,0,0
1400701,14007,PAK,Port Allen,"Hanapepe, HI",2,United States,US,Hawaii,HI,15.0,34007,"Hanapepe, HI",2,21.0,N,54.0,0.0,21.9,159.0,W,36.0,22.0,-159.60611111,1/1/1950 12:00:00 AM,6/30/2011 12:00:00 AM,0,0
1400901,14009,PAM,Tyndall AFB,"Panama City, FL",33,United States,US,Florida,FL,12.0,31481,"Panama City, FL",33,30.0,N,4.0,11.0,30.06972222,85.0,W,34.0,34.0,-85.57611111,1/1/1950 12:00:00 AM,6/30/2011 12:00:00 AM,0,0
1401101,14011,PAO,Palo Alto Airport of Santa Clara County,"Palo Alto, CA",91,United States,US,California,CA,6.0,32457,"San Francisco, CA (Metropolitan Area)",91,37.0,N,27.0,39.0,37.46083333,122.0,W,6.0,50.0,-122.11388889,1/1/1950 12:00:00 AM,6/30/2011 12:00:00 AM,0,0
1401301,14013,PAQ,Palmer Municipal,"Palmer, AK",1,United States,US,Alaska,AK,2.0,34013,"Palmer, AK",1,61.0,N,35.0,36.0,61.59333333,149.0,W,5.0,11.0,-149.08638889,9/1/1974 12:00:00 AM,6/30/2011 12:00:00 AM,0,0
1402401,14024,PBF,Grider Field,"Pine Bluff, AR",71,United States,US,Arkansas,AR,5.0,34024,"Pine Bluff, AR",71,34.0,N,10.0,32.0,34.17555556,91.0,W,56.0,8.0,-91.93555556,1/1/1950 12:00:00 AM,6/30/2011 12:00:00 AM,0,0
1402501,14025,PBG,Plattsburgh International,"Plattsburgh, NY",22,United States,US,New York,NY,36.0,34025,"Plattsburgh, NY",22,44.0,N,39.0,3.0,44.65083333,73.0,W,28.0,5.0,-73.46805556,12/1/1975 12:00:00 AM,,0,1
1402701,14027,PBI,Palm Beach International,"West Palm Beach/Palm Beach, FL",33,United States,US,Florida,FL,12.0,34027,"West Palm Beach/Palm Beach, FL",33,26.0,N,40.0,56.0,26.68222222,80.0,W,5.0,39.0,-80.09416667,1/1/1950 12:00:00 AM,6/30/2011 12:00:00 AM,0,0
1402801,14028,PBK,Pack Creek Airport,"Pack Creek, AK",1,United States,US,Alaska,AK,2.0,34028,"Pack Creek, AK",1,57.0,N,48.0,0.0,57.8,134.0,W,42.0,0.0,-134.7,3/1/1993 12:00:00 AM,,0,1
1403401,14034,PBX,Pike County Hatcher Field,"Pikeville, KY",52,United States,US,Kentucky,KY,21.0,34034,"Pikeville, KY",52,37.0,N,33.0,42.0,37.56166667,82.0,W,33.0,59.0,-82.56638889,10/1/2009 12:00:00 AM,9/30/2012 12:00:00 AM,0,0
1403701,14037,PCA,Portage Creek Airport,"Portage Creek, AK",1,United States,US,Alaska,AK,2.0,34037,"Portage Creek, AK",1,58.0,N,54.0,25.0,58.90694444,157.0,W,42.0,27.0,-157.7075,1/1/1950 12:00:00 AM,6/30/2011 12:00:00 AM,0,0
1403901,14039,PCD,Prairie Du Chien Municipal,"Prairie Du Chien, WI",45,United States,US,Wisconsin,WI,55.0,34039,"Prairie Du Chien, WI",45,43.0,N,1.0,9.0,43.01916667,91.0,W,7.0,25.0,-91.12361111,1/1/1950 12:00:00 AM,,0,1
1404001,14040,PCE,Painter Creek Airport,"Painter Creek, AK",1,United States,US,Alaska,AK,2.0,34040,"Painter Creek, AK",1,57.0,N,9.0,14.0,57.15388889,157.0,W,23.0,49.0,-157.39694444,6/1/1974 12:00:00 AM,,0,1
1404201,14042,PCK,Porcupine Creek Airport,"Porcupine Creek, AK",1,United States,US,Alaska,AK,2.0,34042,"Porcupine Creek, AK",1,67.0,N,13.0,44.0,67.22888889,150.0,W,17.0,0.0,-150.28333333,1/1/1950 12:00:00 AM,6/30/2011 12:00:00 AM,0,0
1404401,14044,PCT,Princeton Airport,"Princeton, NJ",21,United States,US,New Jersey,NJ,34.0,34044,"Princeton, NJ",21,40.0,N,23.0,59.0,40.39972222,74.0,W,39.0,28.0,-74.65777778,1/1/1950 12:00:00 AM,6/30/2011 12:00:00 AM,0,0
1404601,14046,PDB,Pedro Bay Airport,"Pedro Bay, AK",1,United States,US,Alaska,AK,2.0,34046,"Pedro Bay, AK",1,59.0,N,47.0,22.0,59.78944444,154.0,W,7.0,40.0,-154.12777778,3/1/1976 12:00:00 AM,6/30/2011 12:00:00 AM,0,0
1405001,14050,PDK,Dekalb Peachtree,"Atlanta, GA",34,United States,US,Georgia,GA,13.0,30397,"Atlanta, GA (Metropolitan Area)",34,33.0,N,52.0,30.0,33.875,84.0,W,18.0,8.0,-84.30222222,1/1/1950 12:00:00 AM,6/30/2011 12:00:00 AM,0,0
1405401,14054,PDT,Pendleton Municipal,"Pendleton, OR",92,United States,US,Oregon,OR,41.0,34054,"Pendleton, OR",92,45.0,N,41.0,54.0,45.69833333,118.0,W,50.0,10.0,-118.83611111,1/1/1950 12:00:00 AM,6/30/2011 12:00:00 AM,0,0
1405701,14057,PDX,Portland International,"Portland, OR",92,United States,US,Oregon,OR,41.0,34057,"Portland, OR",92,45.0,N,35.0,21.0,45.58916667,122.0,W,35.0,42.0,-122.595,1/1/1950 12:00:00 AM,6/30/2011 12:00:00 AM,0,0
1406201,14062,PEC,Pelican Seaplane Base,"Pelican, AK",1,United States,US,Alaska,AK,2.0,34062,"Pelican, AK",1,57.0,N,57.0,0.0,57.95,136.0,W,14.0,0.0,-136.23333333,1/1/1950 12:00:00 AM,,0,1
1407001,14070,PEQ,Pecos Municipal,"Pecos City, TX",74,United States,US,Texas,TX,48.0,34070,"Pecos City, TX",74,31.0,N,24.0,0.0,31.4,103.0,W,31.0,0.0,-103.51666667,12/1/1983 12:00:00 AM,6/30/2011 12:00:00 AM,0,0
1407501,14075,PFA,Paf Warren Airport,"Paf Warren, AK",1,United States,US,Alaska,AK,2.0,34075,"Paf Warren, AK",1,58.0,N,43.0,37.0,58.72694444,156.0,W,56.0,36.0,-156.94333333,3/1/2000 12:00:00 AM,,0,1
1407701,14077,PFD,Port Frederick Airport,"Port Frederick, AK",1,United States,US,Alaska,AK,2.0,34077,"Port Frederick, AK",1,57.0,N,57.0,0.0,57.95,135.0,W,39.0,0.0,-135.65,1/1/2000 12:00:00 AM,,0,1
1408101,14081,PGA,Page Municipal,"Page, AZ",81,United States,US,Arizona,AZ,4.0,34081,"Page, AZ",81,36.0,N,55.0,35.0,36.92638889,111.0,W,26.0,50.0,-111.44722222,1/1/1950 12:00:00 AM,6/30/2011 12:00:00 AM,0,0
1408201,14082,PGD,Charlotte County,"Punta Gorda, FL",33,United States,US,Florida,FL,12.0,34082,"Punta Gorda, FL",33,26.0,N,55.0,9.0,26.91916667,81.0,W,59.0,29.0,-81.99138889,1/1/1950 12:00:00 AM,6/30/2011 12:00:00 AM,0,0
1408701,14087,PGL,Jackson County,"Pascagoula, MS",53,United States,US,Mississippi,MS,28.0,34087,"Pascagoula, MS",53,30.0,N,22.0,35.0,30.37638889,88.0,W,29.0,43.0,-88.49527778,1/1/1950 12:00:00 AM,,0,1
1408801,14088,PGM,Port Graham Airport,"Port Graham, AK",1,United States,US,Alaska,AK,2.0,34088,"Port Graham, AK",1,59.0,N,20.0,54.0,59.34833333,151.0,W,49.0,54.0,-151.83166667,3/1/1975 12:00:00 AM,3/31/2015 12:00:00 AM,0,0
1408901,14089,PGO,Stevens Field,"Pagosa Springs, CO",82,United States,US,Colorado,CO,8.0,34089,"Pagosa Springs, CO",82,37.0,N,16.0,39.0,37.2775,107.0,W,3.0,21.0,-107.05583333,7/1/2009 12:00:00 AM,6/30/2011 12:00:00 AM,0,0
1409101,14091,PGS,Peach Springs Dirt Strip,"Peach Springs, AZ",81,United States,US,Arizona,AZ,4.0,30011,"Peach Springs, AZ",81,35.0,N,31.0,42.0,35.52833333,113.0,W,14.0,48.0,-113.24666667,6/1/1986 12:00:00 AM,,0,1
1409201,14092,PGV,Pitt Greenville,"Greenville, NC",36,United States,US,North Carolina,NC,37.0,34092,"Greenville, NC",36,35.0,N,38.0,0.0,35.63333333,77.0,W,23.0,7.0,-77.38527778,1/1/1950 12:00:00 AM,6/30/2011 12:00:00 AM,0,0
1409601,14096,PHD,Harry Clever Field,"New Philadelphia, OH",44,United States,US,Ohio,OH,39.0,34096,"New Philadelphia, OH",44,40.0,N,28.0,15.0,40.47083333,81.0,W,25.0,11.0,-81.41972222,7/1/2006 12:00:00 AM,6/30/2011 12:00:00 AM,0,0
1409801,14098,PHF,Patrick Henry International,"Newport News/Williamsburg, VA",38,United States,US,Virginia,VA,51.0,33667,"Norfolk, VA (Metropolitan Area)",38,37.0,N,7.0,54.0,37.13166667,76.0,W,29.0,36.0,-76.49333333,1/1/1950 12:00:00 AM,8/31/1990 12:00:00 AM,0,0
1410001,14100,PHL,Philadelphia International,"Philadelphia, PA",23,United States,US,Pennsylvania,PA,42.0,34100,"Philadelphia, PA",23,39.0,N,52.0,5.0,39.86805556,75.0,W,14.0,55.0,-75.24861111,1/1/1950 12:00:00 AM,6/30/2011 12:00:00 AM,0,0
1410101,14101,PHN,St. Clair County International,"Port Huron, MI",43,United States,US,Michigan,MI,26.0,34101,"Port Huron, MI",43,42.0,N,54.0,47.0,42.91305556,82.0,W,31.0,34.0,-82.52611111,1/1/1950 12:00:00 AM,6/30/2011 12:00:00 AM,0,0
1410201,14102,PHO,Point Hope Airport,"Point Hope, AK",1,United States,US,Alaska,AK,2.0,34102,"Point Hope, AK",1,68.0,N,21.0,0.0,68.35,166.0,W,48.0,0.0,-166.8,1/1/1950 12:00:00 AM,6/30/2011 12:00:00 AM,0,0
1410501,14105,PHT,Henry County,"Paris, TN",54,United States,US,Tennessee,TN,47.0,34105,"Paris, TN",54,36.0,N,20.0,1.0,36.33361111,88.0,W,23.0,0.0,-88.38333333,1/1/1950 12:00:00 AM,6/30/2011 12:00:00 AM,0,0
1410701,14107,PHX,Phoenix Sky Harbor International,"Phoenix, AZ",81,United States,US,Arizona,AZ,4.0,30466,"Phoenix, AZ",81,33.0,N,26.0,10.0,33.43611111,112.0,W,0.0,34.0,-112.00944444,1/1/1950 12:00:00 AM,6/30/2011 12:00:00 AM,0,0
1410801,14108,PIA,Greater Peoria,"Peoria, IL",41,United States,US,Illinois,IL,17.0,34108,"Peoria, IL",41,40.0,N,39.0,41.0,40.66138889,89.0,W,41.0,14.0,-89.68722222,1/1/1950 12:00:00 AM,9/30/2008 12:00:00 AM,0,0
1410901,14109,PIB,Hattiesburg-Laurel Regional,"Hattiesburg/Laurel, MS",53,United States,US,Mississippi,MS,28.0,34109,"Hattiesburg/Laurel, MS",53,31.0,N,28.0,3.0,31.4675,89.0,W,20.0,12.0,-89.33666667,1/1/1950 12:00:00 AM,6/30/2011 12:00:00 AM,0,0
1411201,14112,PIE,St. Petersburg-Clearwater International,"St. Petersburg, FL",33,United States,US,Florida,FL,12.0,33195,"Tampa, FL (Metropolitan Area)",33,27.0,N,54.0,26.0,27.90722222,82.0,W,41.0,8.0,-82.68555556,1/1/1950 12:00:00 AM,6/30/2011 12:00:00 AM,0,0
1411301,14113,PIH,Pocatello Regional,"Pocatello, ID",83,United States,US,Idaho,ID,16.0,34113,"Pocatello, ID",83,42.0,N,54.0,48.0,42.91333333,112.0,W,35.0,40.0,-112.59444444,1/1/1950 12:00:00 AM,6/30/2011 12:00:00 AM,0,0
1411401,14114,PII,Phillips Field,"Fairbanks, AK",1,United States,US,Alaska,AK,2.0,31517,"Fairbanks, AK",1,64.0,N,51.0,0.0,64.85,147.0,W,47.0,12.0,-147.78666667,1/1/1950 12:00:00 AM,,0,1
1411601,14116,PIM,Harris County,"Pine Mountain, GA",34,United States,US,Georgia,GA,13.0,34116,"Pine Mountain, GA",34,32.0,N,50.0,26.0,32.84055556,84.0,W,52.0,57.0,-84.8825,1/1/1950 12:00:00 AM,,0,1
1411901,14119,PIP,Pilot Point Airport,"Pilot Point, AK",1,United States,US,Alaska,AK,2.0,34119,"Pilot Point, AK",1,57.0,N,33.0,49.0,57.56361111,157.0,W,33.0,39.0,-157.56083333,1/1/1950 12:00:00 AM,6/30/2011 12:00:00 AM,0,0
1412001,14120,PIR,Pierre Municipal,"Pierre, SD",67,United States,US,South Dakota,SD,46.0,34120,"Pierre, SD",67,44.0,N,23.0,1.0,44.38361111,100.0,W,17.0,3.0,-100.28416667,1/1/1950 12:00:00 AM,6/30/2011 12:00:00 AM,0,0
1412201,14122,PIT,Pittsburgh International,"Pittsburgh, PA",23,United States,US,Pennsylvania,PA,42.0,30198,"Pittsburgh, PA",23,40.0,N,29.0,48.0,40.49666667,80.0,W,14.0,9.0,-80.23583333,1/1/1950 12:00:00 AM,6/30/2011 12:00:00 AM,0,0
1412501,14125,PIZ,Point Lay Dew Station,"Point Lay, AK",1,United States,US,Alaska,AK,2.0,34125,"Point Lay, AK",1,69.0,N,43.0,45.0,69.72916667,163.0,W,0.0,50.0,-163.01388889,1/1/1950 12:00:00 AM,6/30/2011 12:00:00 AM,0,0
1412601,14126,PJB,Payson Airport,"Payson, AZ",81,United States,US,Arizona,AZ,4.0,34126,"Payson, AZ",81,34.0,N,15.0,24.0,34.25666667,111.0,W,20.0,20.0,-111.33888889,12/1/1990 12:00:00 AM,6/30/2011 12:00:00 AM,0,0
1412901,14129,PJS,Port San Juan Airport,"Port San Juan, AK",1,United States,US,Alaska,AK,2.0,34129,"Port San Juan, AK",1,60.0,N,3.0,0.0,60.05,148.0,W,4.0,0.0,-148.06666667,6/1/1985 12:00:00 AM,,0,1
1413001,14130,PKA,Napaskiak Airport,"Napaskiak, AK",1,United States,US,Alaska,AK,2.0,34130,"Napaskiak, AK",1,60.0,N,42.0,39.0,60.71083333,161.0,W,45.0,29.0,-161.75805556,1/1/1950 12:00:00 AM,6/30/2011 12:00:00 AM,0,0
1413101,14131,PKB,Marietta Mid-Ohio Valley Regional,"Parkersburg, WV",39,United States,US,West Virginia,WV,54.0,34131,"Parkersburg, WV",39,39.0,N,20.0,44.0,39.34555556,81.0,W,26.0,20.0,-81.43888889,1/1/1950 12:00:00 AM,6/30/2011 12:00:00 AM,0,0
1413301,14133,PKD,Park Rapids Municipal-Konshok Field,"Park Rapids, MN",63,United States,US,Minnesota,MN,27.0,34133,"Park Rapids, MN",63,46.0,N,53.0,54.0,46.89833333,95.0,W,4.0,18.0,-95.07166667,1/1/1950 12:00:00 AM,6/30/2011 12:00:00 AM,0,0
1414701,14147,PLK,M. Graham Clark - Taney County,"Point Lookout, MO",64,United States,US,Missouri,MO,29.0,34147,"Point Lookout, MO",64,36.0,N,37.0,33.0,36.62583333,93.0,W,13.0,44.0,-93.22888889,9/1/1993 12:00:00 AM,2/29/2012 12:00:00 AM,0,0
1415001,14150,PLN,Pellston Regional Airport of Emmet County,"Pellston, MI",43,United States,US,Michigan,MI,26.0,34150,"Pellston, MI",43,45.0,N,34.0,15.0,45.57083333,84.0,W,47.0,34.0,-84.79277778,1/1/1950 12:00:00 AM,6/30/2011 12:00:00 AM,0,0
1415701,14157,PLY,Plymouth Municipal,"Plymouth, IN",42,United States,US,Indiana,IN,18.0,34157,"Plymouth, IN",42,41.0,N,21.0,54.0,41.365,86.0,W,18.0,2.0,-86.30055556,9/1/1974 12:00:00 AM,9/30/2011 12:00:00 AM,0,0
1416001,14160,PMB,Pembina Municipal,"Pembina, ND",66,United States,US,North Dakota,ND,38.0,34160,"Pembina, ND",66,48.0,N,56.0,33.0,48.9425,97.0,W,14.0,27.0,-97.24083333,5/1/1991 12:00:00 AM,3/31/2015 12:00:00 AM,0,0
1416201,14162,PMD,Palmdale Af Plant Nr 42,"Palmdale/Lancaster, CA",91,United States,US,California,CA,6.0,34162,"Palmdale/Lancaster, CA",91,34.0,N,37.0,39.0,34.6275,118.0,W,5.0,0.0,-118.08333333,1/1/1950 12:00:00 AM,2/28/1983 12:00:00 AM,0,0
1416501,14165,PMH,Greater Portsmouth Regional,"Portsmouth, OH",44,United States,US,Ohio,OH,39.0,34165,"Portsmouth, OH",44,38.0,N,50.0,23.0,38.83972222,82.0,W,50.0,51.0,-82.8475,1/1/1950 12:00:00 AM,6/30/2011 12:00:00 AM,0,0
1416701,14167,PML,Port Moller AFS,"Port Moller, AK",1,United States,US,Alaska,AK,2.0,34167,"Port Moller, AK",1,56.0,N,0.0,20.0,56.00555556,160.0,W,33.0,30.0,-160.55833333,1/1/1950 12:00:00 AM,6/30/2011 12:00:00 AM,0,0
1417301,14173,PMU,Paimiut Airport,"Paimiut, AK",1,United States,US,Alaska,AK,2.0,34173,"Paimiut, AK",1,61.0,N,58.0,0.0,61.96666667,160.0,W,14.0,0.0,-160.23333333,1/1/1950 12:00:00 AM,,0,1
1418001,14180,PNC,Ponca City Regional,"Ponca City, OK",73,United States,US,Oklahoma,OK,40.0,34180,"Ponca City, OK",73,36.0,N,43.0,41.0,36.72805556,97.0,W,5.0,58.0,-97.09944444,1/1/1950 12:00:00 AM,6/30/2011 12:00:00 AM,0,0
1418201,14182,PNE,North Philadelphia,"Philadelphia, PA",23,United States,US,Pennsylvania,PA,42.0,34100,"Philadelphia, PA",23,40.0,N,4.0,49.0,40.08027778,75.0,W,0.0,45.0,-75.0125,1/1/1950 12:00:00 AM,6/30/1980 12:00:00 AM,0,0
1418301,14183,PNF,Peterson's Point Airport,"Peterson's Point, AK",1,United States,US,Alaska,AK,2.0,34183,"Peterson's Point, AK",1,58.0,N,41.0,0.0,58.68333333,156.0,W,50.0,0.0,-156.83333333,1/1/1950 12:00:00 AM,,0,1
1419301,14193,PNS,Pensacola Regional,"Pensacola, FL",33,United States,US,Florida,FL,12.0,33728,"Pensacola, FL",33,30.0,N,28.0,24.0,30.47333333,87.0,W,11.0,15.0,-87.1875,1/1/1950 12:00:00 AM,6/30/2008 12:00:00 AM,0,0
1419401,14194,PNX,Sherman-Denison Airport,"Sherman-Denison, TX",74,United States,US,Texas,TX,48.0,34194,"Sherman-Denison, TX",74,33.0,N,42.0,0.0,33.7,96.0,W,40.0,0.0,-96.66666667,3/1/1986 12:00:00 AM,,0,1
1419701,14197,POB,Pope AFB,"Fayetteville, NC",36,United States,US,North Carolina,NC,37.0,31641,"Fayetteville, NC",36,35.0,N,10.0,15.0,35.17083333,79.0,W,0.0,53.0,-79.01472222,1/1/1950 12:00:00 AM,6/30/2011 12:00:00 AM,0,0
1419801,14198,POC,Brackett Field,"La Verne, CA",91,United States,US,California,CA,6.0,34198,"La Verne, CA",91,34.0,N,5.0,30.0,34.09166667,117.0,W,46.0,59.0,-117.78305556,4/1/1974 12:00:00 AM,6/30/2011 12:00:00 AM,0,0
1420001,14200,POE,Polk AAF,"Fort Polk, LA",72,United States,US,Louisiana,LA,22.0,34200,"Fort Polk, LA",72,31.0,N,2.0,45.0,31.04583333,93.0,W,11.0,32.0,-93.19222222,1/1/1950 12:00:00 AM,6/30/2011 12:00:00 AM,0,0
1420101,14201,POF,Hayes Field,"Poplar Bluff, MO",64,United States,US,Missouri,MO,29.0,34201,"Poplar Bluff, MO",64,36.0,N,42.0,40.0,36.71111111,90.0,W,18.0,50.0,-90.31388889,1/1/1950 12:00:00 AM,,0,1
1420301,14203,POH,Pocahontas Municipal,"Pocahontas, IA",61,United States,US,Iowa,IA,19.0,34203,"Pocahontas, IA",61,42.0,N,44.0,35.0,42.74305556,94.0,W,38.0,48.0,-94.64666667,6/1/1977 12:00:00 AM,6/30/2011 12:00:00 AM,0,0
1420801,14208,POQ,Polk Inlet Airport,"Polk Inlet, AK",1,United States,US,Alaska,AK,2.0,34208,"Polk Inlet, AK",1,55.0,N,12.0,0.0,55.2,132.0,W,14.0,0.0,-132.23333333,12/1/1987 12:00:00 AM,,0,1
1421201,14212,POU,Dutchess County,"Poughkeepsie, NY",22,United States,US,New York,NY,36.0,34212,"Poughkeepsie, NY",22,41.0,N,37.0,41.0,41.62805556,73.0,W,52.0,58.0,-73.88277778,1/1/1950 12:00:00 AM,6/30/2011 12:00:00 AM,0,0
1421501,14215,POY,Powell Municipal,"Powell, WY",88,United States,US,Wyoming,WY,56.0,34215,"Powell, WY",88,44.0,N,52.0,13.0,44.87027778,108.0,W,47.0,29.0,-108.79138889,3/1/1977 12:00:00 AM,6/30/2011 12:00:00 AM,0,0
1421801,14218,PPC,Prospect Creek Airport,"Prospect Creek, AK",1,United States,US,Alaska,AK,2.0,34218,"Prospect Creek, AK",1,66.0,N,47.0,48.0,66.79666667,150.0,W,42.0,0.0,-150.7,1/1/1950 12:00:00 AM,6/30/2011 12:00:00 AM,0,0
1421902,14219,PPD,Palmas del Mar Airstrip,"Humacao, PR",3,United States,US,Puerto Rico,PR,72.0,32226,"Humacao, PR",3,18.0,N,9.0,0.0,18.15,65.0,W,50.0,0.0,-65.83333333,1/1/1990 12:00:00 AM,,0,1
1422101,14221,PPF,Tri City,"Parsons, KS",62,United States,US,Kansas,KS,20.0,34221,"Parsons, KS",62,37.0,N,19.0,56.0,37.33222222,95.0,W,30.0,31.0,-95.50861111,1/1/1950 12:00:00 AM,6/30/2011 12:00:00 AM,0,0
1422202,14222,PPG,Pago Pago International,"Pago Pago, TT",5,United States,US,U.S. Pacific Trust Territories and Possessions,TT,75.0,34222,"Pago Pago, TT",5,14.0,S,20.0,4.0,-14.33444444,170.0,W,42.0,35.0,-170.70972222,1/1/1990 12:00:00 AM,6/30/2011 12:00:00 AM,0,0
1422301,14223,PPM,Pompano Beach Airpark,"Pompano Beach, FL",33,United States,US,Florida,FL,12.0,34223,"Pompano Beach, FL",33,26.0,N,14.0,45.0,26.24583333,80.0,W,6.0,39.0,-80.11083333,12/1/1987 12:00:00 AM,6/30/2011 12:00:00 AM,0,0
1422901,14229,PPV,Port Protection Airport,"Port Protection, AK",1,United States,US,Alaska,AK,2.0,34229,"Port Protection, AK",1,56.0,N,19.0,45.0,56.32916667,133.0,W,36.0,30.0,-133.60833333,6/1/1989 12:00:00 AM,,0,1
1423101,14231,PQI,Presque Isle Municipal,"Presque Isle/Houlton, ME",12,United States,US,Maine,ME,23.0,34231,"Presque Isle/Houlton, ME",12,46.0,N,41.0,6.0,46.685,68.0,W,2.0,51.0,-68.0475,1/1/1950 12:00:00 AM,6/30/2011 12:00:00 AM,0,0
1423401,14234,PQS,Pilot Station Airport,"Pilot Station, AK",1,United States,US,Alaska,AK,2.0,34234,"Pilot Station, AK",1,61.0,N,56.0,5.0,61.93472222,162.0,W,53.0,26.0,-162.89055556,1/1/1950 12:00:00 AM,6/30/2011 12:00:00 AM,0,0
1423601,14236,PRB,Paso Robles Municipal,"Paso Robles, CA",91,United States,US,California,CA,6.0,34236,"Paso Robles/San Luis Obispo, CA",91,35.0,N,40.0,14.0,35.67055556,120.0,W,37.0,33.0,-120.62583333,1/1/1950 12:00:00 AM,6/30/2011 12:00:00 AM,0,0
1423701,14237,PRC,Prescott Municipal,"Prescott, AZ",81,United States,US,Arizona,AZ,4.0,34237,"Prescott, AZ",81,34.0,N,39.0,0.0,34.65,112.0,W,25.0,27.0,-112.42416667,1/1/1950 12:00:00 AM,6/30/2011 12:00:00 AM,0,0
1424401,14244,PRT,Coast Guard Heliport,"Point Retreat, AK",1,United States,US,Alaska,AK,2.0,34244,"Point Retreat, AK",1,58.0,N,24.0,39.0,58.41083333,134.0,W,57.0,23.0,-134.95638889,6/1/2000 12:00:00 AM,,0,1
1424701,14247,PRX,Cox Field,"Paris, TX",74,United States,US,Texas,TX,48.0,34247,"Paris, TX",74,33.0,N,38.0,12.0,33.63666667,95.0,W,27.0,1.0,-95.45027778,1/1/1950 12:00:00 AM,6/30/2011 12:00:00 AM,0,0
1424901,14249,PRZ,Prineville Airport,"Prineville, OR",92,United States,US,Oregon,OR,41.0,34249,"Prineville, OR",92,44.0,N,17.0,20.0,44.28888889,120.0,W,53.0,30.0,-120.89166667,9/1/1977 12:00:00 AM,6/30/2011 12:00:00 AM,0,0
1425101,14251,PSB,Mid State,"Philipsburg, PA",23,United States,US,Pennsylvania,PA,42.0,34711,"Philipsburg/State College, PA",23,40.0,N,53.0,4.0,40.88444444,78.0,W,5.0,14.0,-78.08722222,1/1/1950 12:00:00 AM,,0,1
1425201,14252,PSC,Tri Cities,"Pasco/Kennewick/Richland, WA",93,United States,US,Washington,WA,53.0,34252,"Pasco/Kennewick/Richland, WA",93,46.0,N,15.0,50.0,46.26388889,119.0,W,6.0,53.0,-119.11472222,1/1/1950 12:00:00 AM,6/30/2011 12:00:00 AM,0,0
1425402,14254,PSE,Mercedita,"Ponce, PR",3,United States,US,Puerto Rico,PR,72.0,34254,"Ponce, PR",3,18.0,N,0.0,35.0,18.00972222,66.0,W,33.0,41.0,-66.56138889,1/1/1990 12:00:00 AM,6/30/2011 12:00:00 AM,0,0
1425501,14255,PSF,Pittsfield Municipal,"Pittsfield, MA",13,United States,US,Massachusetts,MA,25.0,34255,"Pittsfield, MA",13,42.0,N,25.0,36.0,42.42666667,73.0,W,17.0,30.0,-73.29166667,1/1/1950 12:00:00 AM,6/30/2011 12:00:00 AM,0,0
1425601,14256,PSG,Petersburg James A Johnson,"Petersburg, AK",1,United States,US,Alaska,AK,2.0,34256,"Petersburg, AK",1,56.0,N,48.0,15.0,56.80416667,132.0,W,56.0,33.0,-132.9425,1/1/1950 12:00:00 AM,6/30/2011 12:00:00 AM,0,0
1425801,14258,PSK,New River Valley,"Dublin, VA",38,United States,US,Virginia,VA,51.0,34258,"Dublin, VA",38,37.0,N,8.0,14.0,37.13722222,80.0,W,40.0,43.0,-80.67861111,1/1/1950 12:00:00 AM,,0,1
1425901,14259,PSM,Portsmouth Pease International,"Portsmouth, NH",14,United States,US,New Hampshire,NH,33.0,34259,"Portsmouth, NH",14,43.0,N,4.0,40.0,43.07777778,70.0,W,49.0,24.0,-70.82333333,1/1/1950 12:00:00 AM,6/30/2011 12:00:00 AM,0,0
1426001,14260,PSN,Palestine Municipal,"Palestine, TX",74,United States,US,Texas,TX,48.0,34260,"Palestine, TX",74,31.0,N,46.0,36.0,31.77666667,95.0,W,42.0,22.0,-95.70611111,1/1/1950 12:00:00 AM,6/30/2011 12:00:00 AM,0,0
1426201,14262,PSP,Palm Springs International,"Palm Springs, CA",91,United States,US,California,CA,6.0,34262,"Palm Springs, CA",91,33.0,N,49.0,36.0,33.82666667,116.0,W,30.0,18.0,-116.505,1/1/1950 12:00:00 AM,6/30/2011 12:00:00 AM,0,0
1426501,14265,PSX,Palacios Municipal,"Palacios, TX",74,United States,US,Texas,TX,48.0,34265,"Palacios, TX",74,28.0,N,43.0,40.0,28.72777778,96.0,W,15.0,8.0,-96.25222222,12/1/1983 12:00:00 AM,6/30/2011 12:00:00 AM,0,0
1426801,14268,PTA,Port Alsworth Airport,"Port Alsworth, AK",1,United States,US,Alaska,AK,2.0,34268,"Port Alsworth, AK",1,60.0,N,12.0,4.0,60.20111111,154.0,W,19.0,28.0,-154.32444444,6/1/1984 12:00:00 AM,6/30/2011 12:00:00 AM,0,0
1426901,14269,PTC,Port Alice Airport,"Port Alice, AK",1,United States,US,Alaska,AK,2.0,34269,"Port Alice, AK",1,55.0,N,47.0,0.0,55.78333333,133.0,W,36.0,0.0,-133.6,12/1/1986 12:00:00 AM,,0,1
1427001,14270,PTD,Port Alexander Airport,"Port Alexander, AK",1,United States,US,Alaska,AK,2.0,34270,"Port Alexander, AK",1,56.0,N,14.0,50.0,56.24722222,134.0,W,38.0,47.0,-134.64638889,1/1/1950 12:00:00 AM,,0,1
1427301,14273,PTH,Port Heiden Airport,"Port Heiden, AK",1,United States,US,Alaska,AK,2.0,34273,"Port Heiden, AK",1,56.0,N,57.0,24.0,56.95666667,158.0,W,38.0,15.0,-158.6375,1/1/1950 12:00:00 AM,6/30/2011 12:00:00 AM,0,0
1427501,14275,PTK,Oakland/Pontiac,"Pontiac, MI",43,United States,US,Michigan,MI,26.0,34275,"Pontiac, MI",43,42.0,N,39.0,54.0,42.665,83.0,W,25.0,5.0,-83.41805556,1/1/1950 12:00:00 AM,6/30/2011 12:00:00 AM,0,0
1427601,14276,PTL,Port Armstrong Airport,"Port Armstrong, AK",1,United States,US,Alaska,AK,2.0,34276,"Port Armstrong, AK",1,56.0,N,17.0,46.0,56.29611111,134.0,W,39.0,41.0,-134.66138889,1/1/1950 12:00:00 AM,,0,1
1427701,14277,PTN,Harry P Williams Memorial,"Patterson, LA",72,United States,US,Louisiana,LA,22.0,34277,"Patterson, LA",72,29.0,N,42.0,30.0,29.70833333,91.0,W,20.0,15.0,-91.3375,1/1/1950 12:00:00 AM,6/30/2011 12:00:00 AM,0,0
1427901,14279,PTR,Pleasant Harbour Airport,"Pleasant Harbour, AK",1,United States,US,Alaska,AK,2.0,34279,"Pleasant Harbour, AK",1,57.0,N,50.0,0.0,57.83333333,153.0,W,15.0,0.0,-153.25,1/1/1982 12:00:00 AM,,0,1
1428001,14280,PTS,Atkinson Municipal,"Pittsburg, KS",62,United States,US,Kansas,KS,20.0,34280,"Pittsburg, KS",62,37.0,N,26.0,48.0,37.44666667,94.0,W,43.0,50.0,-94.73055556,1/1/1950 12:00:00 AM,6/30/2011 12:00:00 AM,0,0
1428101,14281,PTT,Pratt Regional,"Pratt, KS",62,United States,US,Kansas,KS,20.0,34281,"Pratt, KS",62,37.0,N,42.0,0.0,37.7,98.0,W,45.0,0.0,-98.75,3/1/2003 12:00:00 AM,6/30/2011 12:00:00 AM,0,0
1428201,14282,PTU,Platinum Airport,"Platinum, AK",1,United States,US,Alaska,AK,2.0,31406,"Platinum, AK",1,59.0,N,0.0,41.0,59.01138889,161.0,W,49.0,1.0,-161.81694444,1/1/1950 12:00:00 AM,6/30/2011 12:00:00 AM,0,0
1428301,14283,PTV,Porterville Municipal,"Porterville, CA",91,United States,US,California,CA,6.0,34283,"Porterville, CA",91,36.0,N,1.0,40.0,36.02777778,119.0,W,3.0,45.0,-119.0625,1/1/1950 12:00:00 AM,6/30/2011 12:00:00 AM,0,0
1428401,14284,PTW,Pottstown Limerick,"Pottstown, PA",23,United States,US,Pennsylvania,PA,42.0,33596,"Pottstown, PA",23,40.0,N,14.0,22.0,40.23944444,75.0,W,33.0,24.0,-75.55666667,7/1/1969 12:00:00 AM,9/30/2009 12:00:00 AM,0,0
1428801,14288,PUB,Pueblo Memorial,"Pueblo, CO",82,United States,US,Colorado,CO,8.0,34288,"Pueblo, CO",82,38.0,N,17.0,34.0,38.29277778,104.0,W,29.0,46.0,-104.49611111,1/1/1950 12:00:00 AM,6/30/2011 12:00:00 AM,0,0
1428901,14289,PUC,Carbon County Regional/Buck Davis Field,"Price, UT",87,United States,US,Utah,UT,49.0,34289,"Price, UT",87,39.0,N,36.0,35.0,39.60972222,110.0,W,45.0,10.0,-110.75277778,1/1/1950 12:00:00 AM,6/30/2011 12:00:00 AM,0,0
1429501,14295,PUL,Port of Poulsbo Marina Moorage Seaplane Base,"Poulsbo, WA",93,United States,US,Washington,WA,53.0,34295,"Poulsbo, WA",93,47.0,N,44.0,2.0,47.73388889,122.0,W,38.0,50.0,-122.64722222,1/1/2006 12:00:00 AM,,0,1
1429601,14296,PUO,Prudhoe Bay Airport,"Prudhoe Bay, AK",1,United States,US,Alaska,AK,2.0,34296,"Prudhoe Bay, AK",1,70.0,N,15.0,5.0,70.25138889,148.0,W,20.0,13.0,-148.33694444,1/1/1950 12:00:00 AM,5/31/1985 12:00:00 AM,0,0
1430301,14303,PUW,Pullman Moscow Regional,"Pullman, WA",93,United States,US,Washington,WA,53.0,34303,"Pullman, WA",93,46.0,N,44.0,41.0,46.74472222,117.0,W,6.0,18.0,-117.105,1/1/1950 12:00:00 AM,6/30/2011 12:00:00 AM,0,0
1430601,14306,PVC,Provincetown Municipal,"Provincetown, MA",13,United States,US,Massachusetts,MA,25.0,34306,"Provincetown, MA",13,42.0,N,4.0,19.0,42.07194444,70.0,W,13.0,18.0,-70.22166667,1/1/1950 12:00:00 AM,6/30/2011 12:00:00 AM,0,0
1430701,14307,PVD,Theodore Francis Green State,"Providence, RI",15,United States,US,Rhode Island,RI,44.0,30721,"Boston, MA (Metropolitan Area)",13,41.0,N,43.0,42.0,41.72833333,71.0,W,25.0,34.0,-71.42611111,1/1/1950 12:00:00 AM,6/30/2011 12:00:00 AM,0,0
1430801,14308,PVF,Placerville Airport,"Placerville, CA",91,United States,US,California,CA,6.0,34308,"Placerville, CA",91,38.0,N,43.0,27.0,38.72416667,120.0,W,45.0,12.0,-120.75333333,3/1/2003 12:00:00 AM,,0,1
1431401,14314,PVU,Provo Municipal,"Provo, UT",87,United States,US,Utah,UT,49.0,34314,"Provo, UT",87,40.0,N,13.0,5.0,40.21805556,111.0,W,43.0,20.0,-111.72222222,1/1/1950 12:00:00 AM,6/30/2011 12:00:00 AM,0,0
1431501,14315,PVW,Hale County,"Plainview, TX",74,United States,US,Texas,TX,48.0,34315,"Plainview, TX",74,34.0,N,10.0,6.0,34.16833333,101.0,W,42.0,51.0,-101.71416667,12/1/1979 12:00:00 AM,6/30/2011 12:00:00 AM,0,0
1431601,14316,PVY,Pope Vanoy Airport,"Pope Vanoy, AK",1,United States,US,Alaska,AK,2.0,34316,"Pope Vanoy, AK",1,59.0,N,19.0,0.0,59.31666667,154.0,W,55.0,0.0,-154.91666667,9/1/1984 12:00:00 AM,,0,1
1431801,14318,PWA,Wiley Post,"Oklahoma City, OK",73,United States,US,Oklahoma,OK,40.0,33851,"Oklahoma City, OK",73,35.0,N,31.0,58.0,35.53277778,97.0,W,38.0,57.0,-97.64916667,6/1/1978 12:00:00 AM,5/31/1979 12:00:00 AM,0,0
1432001,14320,PWK,Pal/Waukee,"Chicago, IL",41,United States,US,Illinois,IL,17.0,30977,"Chicago, IL",41,42.0,N,6.0,45.0,42.1125,87.0,W,54.0,4.0,-87.90111111,1/1/1950 12:00:00 AM,11/30/1986 12:00:00 AM,0,0
1432101,14321,PWM,Portland International Jetport,"Portland, ME",12,United States,US,Maine,ME,23.0,34321,"Portland, ME",12,43.0,N,38.0,40.0,43.64444444,70.0,W,18.0,13.0,-70.30361111,1/1/1950 12:00:00 AM,6/30/2011 12:00:00 AM,0,0
1432201,14322,PWR,Big and Little Port Walter,"Big Port Walter, AK",1,United States,US,Alaska,AK,2.0,34322,"Big Port Walter, AK",1,56.0,N,23.0,0.0,56.38333333,134.0,W,39.0,0.0,-134.65,1/1/1950 12:00:00 AM,,0,1
1432301,14323,PWT,Kitsap County,"Bremerton, WA",93,United States,US,Washington,WA,53.0,34323,"Bremerton, WA",93,47.0,N,29.0,6.0,47.485,122.0,W,45.0,48.0,-122.76333333,1/1/1950 12:00:00 AM,6/30/1983 12:00:00 AM,0,0
1432701,14327,PYA,Port Ashton Airport,"Port Ashton, AK",1,United States,US,Alaska,AK,2.0,34327,"Port Ashton, AK",1,60.0,N,3.0,27.0,60.0575,148.0,W,3.0,4.0,-148.05111111,1/1/1950 12:00:00 AM,,0,1
1433101,14331,PYL,Perry Island Seaplane Base,"Perry Island, AK",1,United States,US,Alaska,AK,2.0,34331,"Perry Island, AK",1,60.0,N,41.0,9.0,60.68583333,147.0,W,55.0,0.0,-147.91666667,1/1/1950 12:00:00 AM,,0,1
1433201,14332,PYM,Plymouth Municipal,"Plymouth, MA",13,United States,US,Massachusetts,MA,25.0,34332,"Plymouth, MA",13,41.0,N,54.0,35.0,41.90972222,70.0,W,43.0,46.0,-70.72944444,1/1/1950 12:00:00 AM,6/30/2011 12:00:00 AM,0,0
1434101,14341,QAF,Jackpot/Hayden Field,"Jackpot, NV",85,United States,US,Nevada,NV,32.0,34341,"Jackpot, NV",85,41.0,N,58.0,37.0,41.97694444,114.0,W,39.0,31.0,-114.65861111,1/1/1950 12:00:00 AM,6/30/2011 12:00:00 AM,0,0
1434401,14344,QAJ,Globe-San Carlos,"Globe, AZ",81,United States,US,Arizona,AZ,4.0,34344,"Globe, AZ",81,33.0,N,21.0,10.0,33.35277778,110.0,W,39.0,48.0,-110.66333333,6/1/1974 12:00:00 AM,6/30/2011 12:00:00 AM,0,0
1434501,14345,QAK,Carl R Keller Field,"Port Clinton, OH",44,United States,US,Ohio,OH,39.0,34345,"Port Clinton, OH",44,41.0,N,31.0,5.0,41.51805556,82.0,W,52.0,6.0,-82.86833333,6/1/1975 12:00:00 AM,6/30/2011 12:00:00 AM,0,0
1434601,14346,QAL,Kelleys Island Land Field,"Kelleys Island, OH",44,United States,US,Ohio,OH,39.0,34346,"Kelleys Island, OH",44,41.0,N,36.0,10.0,41.60277778,82.0,W,41.0,5.0,-82.68472222,6/1/1975 12:00:00 AM,7/31/2017 12:00:00 AM,0,0
1434701,14347,QAO,Caledonia County,"Lyndonville, VT",16,United States,US,Vermont,VT,50.0,33014,"Lyndonville, VT",16,44.0,N,34.0,9.0,44.56916667,72.0,W,1.0,5.0,-72.01805556,9/1/1976 12:00:00 AM,3/31/2001 12:00:00 AM,0,0
1434702,14347,LLX,Caledonia County,"Lyndonville, VT",16,United States,US,Vermont,VT,50.0,33014,"Lyndonville, VT",16,44.0,N,34.0,9.0,44.56916667,72.0,W,1.0,5.0,-72.01805556,4/1/2001 12:00:00 AM,,0,1
1435901,14359,QBI,Oman Ranch,"Green River, UT",87,United States,US,Utah,UT,49.0,34359,"Green River, UT",87,38.0,N,46.0,50.0,38.78055556,110.0,W,19.0,45.0,-110.32916667,1/1/1950 12:00:00 AM,,0,1
1436001,14360,QBM,Put-In-Bay Airport,"Put-In-Bay, OH",44,United States,US,Ohio,OH,39.0,34360,"Put-In-Bay, OH",44,41.0,N,38.0,12.0,41.63666667,82.0,W,49.0,39.0,-82.8275,6/1/1975 12:00:00 AM,6/30/2011 12:00:00 AM,0,0
1436101,14361,QBN,Middle Bass Island Airport,"Middle Bass Island, OH",44,United States,US,Ohio,OH,39.0,34361,"Middle Bass Island, OH",44,41.0,N,41.0,6.0,41.685,82.0,W,48.0,18.0,-82.805,6/1/1975 12:00:00 AM,8/31/2015 12:00:00 AM,0,0
1436501,14365,QBT,Indian Creek Usfs,"Indian Creek, ID",83,United States,US,Idaho,ID,16.0,34365,"Indian Creek, ID",83,44.0,N,46.0,15.0,44.77083333,115.0,W,6.0,15.0,-115.10416667,1/1/1950 12:00:00 AM,6/30/2011 12:00:00 AM,0,0
1436701,14367,QBY,North Bass Island Airport,"North Bass Island, OH",44,United States,US,Ohio,OH,39.0,34367,"North Bass Island, OH",44,41.0,N,43.0,0.0,41.71666667,82.0,W,49.0,0.0,-82.81666667,6/1/1975 12:00:00 AM,6/30/2011 12:00:00 AM,0,0
1437101,14371,CJR,Culpeper Regional,"Culpeper, VA",38,United States,US,Virginia,VA,51.0,34371,"Culpeper, VA",38,38.0,N,31.0,32.0,38.52555556,77.0,W,51.0,35.0,-77.85972222,1/1/2011 12:00:00 AM,,0,1
1437802,14378,QCX,Blue Ridge,"Martinsville, VA",38,United States,US,Virginia,VA,51.0,34378,"Martinsville, VA",38,36.0,N,37.0,47.0,36.62972222,80.0,W,1.0,0.0,-80.01666667,1/1/2018 12:00:00 AM,,0,1
1438301,14383,QEM,Emerald Bay Airport,"Emerald Bay, CA",91,United States,US,California,CA,6.0,34383,"Emerald Bay, CA",91,33.0,N,33.0,30.0,33.55833333,117.0,W,42.0,40.0,-117.71111111,1/1/1950 12:00:00 AM,,0,1
1439501,14395,QKV,Kona Keahole,"Kona Village, HI",2,United States,US,Hawaii,HI,15.0,34395,"Kona Village, HI",2,19.0,N,38.0,50.0,19.64722222,156.0,W,0.0,43.0,-156.01194444,1/1/1950 12:00:00 AM,,0,1
1439701,14397,QMA,Cobb County McCollum Field,"Kennesaw, GA",34,United States,US,Georgia,GA,13.0,30397,"Atlanta, GA (Metropolitan Area)",34,34.0,N,0.0,48.0,34.01333333,84.0,W,36.0,0.0,-84.6,6/1/1977 12:00:00 AM,6/30/2011 12:00:00 AM,0,0
1440001,14400,QMN,Mansfield Municipal,"Mansfield, MA",13,United States,US,Massachusetts,MA,25.0,34400,"Mansfield, MA",13,42.0,N,0.0,7.0,42.00194444,71.0,W,12.0,5.0,-71.20138889,1/1/1950 12:00:00 AM,6/30/2011 12:00:00 AM,0,0
1441001,14410,QPT,Pittsfield Municipal,"Pittsfield, ME",12,United States,US,Maine,ME,23.0,34410,"Pittsfield, ME",12,44.0,N,46.0,15.0,44.77083333,69.0,W,22.0,45.0,-69.37916667,1/1/1950 12:00:00 AM,6/30/2011 12:00:00 AM,0,0
1441201,14412,QQB,Keyes Point Airport,"Keyes Point, AK",1,United States,US,Alaska,AK,2.0,34412,"Keyes Point, AK",1,60.0,N,9.0,0.0,60.15,154.0,W,37.0,0.0,-154.61666667,12/1/1988 12:00:00 AM,,0,1
1441301,14413,QQC,Nimiuk Point Airport,"Nimiuk Point, AK",1,United States,US,Alaska,AK,2.0,34413,"Nimiuk Point, AK",1,66.0,N,47.0,0.0,66.78333333,162.0,W,1.0,0.0,-162.01666667,12/1/1992 12:00:00 AM,,0,1
1441501,14415,QQE,Sealing Point Airport,"Sealing Point, AK",1,United States,US,Alaska,AK,2.0,34415,"Sealing Point, AK",1,67.0,N,7.0,0.0,67.11666667,163.0,W,45.0,0.0,-163.75,7/1/2002 12:00:00 AM,,0,1
1441701,14417,QQG,Carroll County Regional/Jack B. Poage Field,"Westminster, MD",35,United States,US,Maryland,MD,24.0,34417,"Westminster, MD",35,39.0,N,36.0,30.0,39.60833333,77.0,W,0.0,28.0,-77.00777778,9/1/2002 12:00:00 AM,,0,1
1442001,14420,QQJ,Stevensville Airport,"Stevensville, MT",84,United States,US,Montana,MT,30.0,34420,"Stevensville, MT",84,46.0,N,31.0,20.0,46.52222222,114.0,W,3.0,25.0,-114.05694444,12/1/1988 12:00:00 AM,6/30/2011 12:00:00 AM,0,0
1442201,14422,QQL,Boundary County,"Bonners Ferry, ID",83,United States,US,Idaho,ID,16.0,34422,"Bonners Ferry, ID",83,48.0,N,43.0,35.0,48.72638889,116.0,W,17.0,40.0,-116.29444444,12/1/1989 12:00:00 AM,6/30/2011 12:00:00 AM,0,0
1442401,14424,QQN,Woodlake Airport,"Woodlake, CA",91,United States,US,California,CA,6.0,34424,"Woodlake, CA",91,36.0,N,23.0,56.0,36.39888889,119.0,W,6.0,23.0,-119.10638889,12/1/1989 12:00:00 AM,6/30/2011 12:00:00 AM,0,0
1442701,14427,QQQ,Nevada County,"Grass Valley, CA",91,United States,US,California,CA,6.0,34427,"Grass Valley, CA",91,39.0,N,13.0,28.0,39.22444444,121.0,W,0.0,5.0,-121.00138889,12/1/1989 12:00:00 AM,6/30/2011 12:00:00 AM,0,0
1443001,14430,QQT,Atlanta Regional Falcon Field,"Peachtree City, GA",34,United States,US,Georgia,GA,13.0,34430,"Peachtree City, GA",34,33.0,N,21.0,26.0,33.35722222,84.0,W,34.0,19.0,-84.57194444,10/1/2002 12:00:00 AM,4/30/2015 12:00:00 AM,0,0
1443101,14431,QQU,Window Rock Airport,"Window Rock, AZ",81,United States,US,Arizona,AZ,4.0,34431,"Window Rock, AZ",81,35.0,N,39.0,7.0,35.65194444,109.0,W,4.0,0.0,-109.06666667,12/1/1979 12:00:00 AM,6/30/2011 12:00:00 AM,0,0
1443401,14434,QQX,Healdsburg Municipal,"Healdsburg, CA",91,United States,US,California,CA,6.0,34434,"Healdsburg, CA",91,38.0,N,39.0,13.0,38.65361111,122.0,W,53.0,54.0,-122.89833333,12/1/1986 12:00:00 AM,6/30/2011 12:00:00 AM,0,0
1443501,14435,QQY,San Marcos Municipal,"San Marcos, TX",74,United States,US,Texas,TX,48.0,34435,"San Marcos, TX",74,29.0,N,53.0,36.0,29.89333333,97.0,W,51.0,52.0,-97.86444444,12/1/1986 12:00:00 AM,6/30/2011 12:00:00 AM,0,0
1444101,14441,QSO,Southbridge Municipal,"Southbridge, MA",13,United States,US,Massachusetts,MA,25.0,34441,"Southbridge, MA",13,42.0,N,6.0,0.0,42.1,72.0,W,2.0,0.0,-72.03333333,1/1/1950 12:00:00 AM,6/30/2011 12:00:00 AM,0,0
1444401,14444,WPO,North Fork Valley,"Paonia, CO",82,United States,US,Colorado,CO,8.0,34444,"Paonia, CO",82,38.0,N,49.0,53.0,38.83138889,107.0,W,38.0,45.0,-107.64583333,3/1/1978 12:00:00 AM,,0,1
1444701,14447,RAC,John H. Batten,"Racine, WI",45,United States,US,Wisconsin,WI,55.0,34447,"Racine, WI",45,42.0,N,45.0,40.0,42.76111111,87.0,W,48.0,50.0,-87.81388889,1/1/2003 12:00:00 AM,7/31/2017 12:00:00 AM,0,0
1445401,14454,RAL,Riverside Municipal,"Riverside, CA",91,United States,US,California,CA,6.0,34454,"Riverside, CA",91,33.0,N,57.0,6.0,33.95166667,117.0,W,26.0,39.0,-117.44416667,1/1/1950 12:00:00 AM,6/30/2011 12:00:00 AM,0,0
1445701,14457,RAP,Rapid City Regional,"Rapid City, SD",67,United States,US,South Dakota,SD,46.0,34457,"Rapid City, SD",67,44.0,N,2.0,43.0,44.04527778,103.0,W,3.0,25.0,-103.05694444,1/1/1950 12:00:00 AM,6/30/2011 12:00:00 AM,0,0
1446101,14461,RAX,Greely Helipad,"Red Bank, NJ",21,United States,US,New Jersey,NJ,34.0,34461,"Red Bank, NJ",21,40.0,N,19.0,2.0,40.31722222,74.0,W,2.0,20.0,-74.03888889,1/1/1950 12:00:00 AM,6/30/2011 12:00:00 AM,0,0
1446401,14464,RBB,Randy Field,"Ugashik, AK",1,United States,US,Alaska,AK,2.0,34464,"Ugashik, AK",1,57.0,N,30.0,59.0,57.51638889,157.0,W,23.0,16.0,-157.38777778,4/1/2009 12:00:00 AM,,0,1
1446501,14465,RBD,Redbird,"Dallas/Fort Worth, TX",74,United States,US,Texas,TX,48.0,30194,"Dallas/Fort Worth, TX",74,32.0,N,40.0,49.0,32.68027778,96.0,W,52.0,2.0,-96.86722222,3/1/1990 12:00:00 AM,6/30/2011 12:00:00 AM,0,0
1446601,14466,RBF,Big Bear City Airport,"Big Bear City, CA",91,United States,US,California,CA,6.0,34466,"Big Bear City, CA",91,34.0,N,15.0,49.0,34.26361111,116.0,W,51.0,13.0,-116.85361111,3/1/1990 12:00:00 AM,6/30/2011 12:00:00 AM,0,0
1446701,14467,RBG,Roseburg Regional,"Roseburg, OR",92,United States,US,Oregon,OR,41.0,34467,"Roseburg, OR",92,43.0,N,14.0,20.0,43.23888889,123.0,W,21.0,35.0,-123.35972222,1/1/1950 12:00:00 AM,6/30/2011 12:00:00 AM,0,0
1446801,14468,RBH,Brooks Lodge Airport,"Brooks Lodge, AK",1,United States,US,Alaska,AK,2.0,34468,"Brooks Lodge, AK",1,58.0,N,33.0,0.0,58.55,155.0,W,48.0,0.0,-155.8,6/1/1989 12:00:00 AM,,0,1
1446901,14469,RBL,Red Bluff Municipal,"Red Bluff, CA",91,United States,US,California,CA,6.0,34469,"Red Bluff, CA",91,40.0,N,9.0,5.0,40.15138889,122.0,W,15.0,4.0,-122.25111111,1/1/1950 12:00:00 AM,6/30/2011 12:00:00 AM,0,0
1447001,14470,RBN,Fort Jefferson Airport,"Fort Jefferson, FL",33,United States,US,Florida,FL,12.0,34470,"Fort Jefferson, FL",33,24.0,N,37.0,43.0,24.62861111,82.0,W,52.0,24.0,-82.87333333,1/1/1990 12:00:00 AM,,0,1
1447401,14474,RBY,Ruby Airport,"Ruby, AK",1,United States,US,Alaska,AK,2.0,34474,"Ruby, AK",1,64.0,N,43.0,48.0,64.73,155.0,W,27.0,39.0,-155.46083333,1/1/1950 12:00:00 AM,6/30/2011 12:00:00 AM,0,0
1447501,14475,RCA,Ellsworth AFB,"Rapid City, SD",67,United States,US,South Dakota,SD,46.0,34457,"Rapid City, SD",67,44.0,N,8.0,42.0,44.145,103.0,W,6.0,11.0,-103.10305556,1/1/1950 12:00:00 AM,6/30/2011 12:00:00 AM,0,0
1447701,14477,RCE,Roche Harbor Airport,"Roche Harbor, WA",93,United States,US,Washington,WA,53.0,34477,"Roche Harbor, WA",93,48.0,N,36.0,44.0,48.61222222,123.0,W,8.0,19.0,-123.13861111,1/1/1950 12:00:00 AM,,0,1
1448201,14482,RCT,Miller Field,"Reed City, MI",43,United States,US,Michigan,MI,26.0,34482,"Reed City, MI",43,43.0,N,53.0,30.0,43.89166667,85.0,W,31.0,0.0,-85.51666667,1/1/1950 12:00:00 AM,,0,1
1448501,14485,RDB,Red Dog Mine,"Red Dog, AK",1,United States,US,Alaska,AK,2.0,34485,"Red Dog, AK",1,68.0,N,1.0,54.0,68.03166667,162.0,W,54.0,0.0,-162.9,3/1/1987 12:00:00 AM,6/30/2011 12:00:00 AM,0,0
1448701,14487,RDD,Redding Municipal,"Redding, CA",91,United States,US,California,CA,6.0,33792,"Redding, CA",91,40.0,N,30.0,30.0,40.50833333,122.0,W,17.0,32.0,-122.29222222,1/1/1950 12:00:00 AM,6/30/2011 12:00:00 AM,0,0
1448801,14488,RDG,Reading Regional/Carl A Spaatz Field,"Reading, PA",23,United States,US,Pennsylvania,PA,42.0,34488,"Reading, PA",23,40.0,N,22.0,43.0,40.37861111,75.0,W,57.0,50.0,-75.96388889,1/1/1950 12:00:00 AM,6/30/2011 12:00:00 AM,0,0
1448901,14489,RDM,Roberts Field,"Bend/Redmond, OR",92,United States,US,Oregon,OR,41.0,34489,"Bend/Redmond, OR",92,44.0,N,15.0,16.0,44.25444444,121.0,W,9.0,5.0,-121.15138889,1/1/1950 12:00:00 AM,6/30/2011 12:00:00 AM,0,0
1449001,14490,RDR,Grand Forks AFB,"Red River, ND",66,United States,US,North Dakota,ND,38.0,34490,"Red River, ND",66,47.0,N,57.0,40.0,47.96111111,97.0,W,24.0,3.0,-97.40083333,9/1/1976 12:00:00 AM,6/30/2011 12:00:00 AM,0,0
1449201,14492,RDU,Raleigh-Durham International,"Raleigh/Durham, NC",36,United States,US,North Carolina,NC,37.0,34492,"Raleigh/Durham, NC",36,35.0,N,52.0,31.0,35.87527778,78.0,W,46.0,55.0,-78.78194444,1/1/1950 12:00:00 AM,6/30/2011 12:00:00 AM,0,0
1449301,14493,RDV,Red Devil Airport,"Red Devil, AK",1,United States,US,Alaska,AK,2.0,34493,"Red Devil, AK",1,61.0,N,47.0,14.0,61.78722222,157.0,W,20.0,49.0,-157.34694444,1/1/1950 12:00:00 AM,6/30/2011 12:00:00 AM,0,0
1449501,14495,REB,Redlands Municipal,"Redlands, CA",91,United States,US,California,CA,6.0,34495,"Redlands, CA",91,34.0,N,5.0,7.0,34.08527778,117.0,W,8.0,44.0,-117.14555556,1/1/1950 12:00:00 AM,6/30/2011 12:00:00 AM,0,0
1449701,14497,RED,Mifflin County,"Reedsville, PA",23,United States,US,Pennsylvania,PA,42.0,34497,"Reedsville, PA",23,40.0,N,40.0,39.0,40.6775,77.0,W,37.0,37.0,-77.62694444,3/1/1978 12:00:00 AM,,0,1
1449801,14498,REE,Reese AFB,"Lubbock, TX",74,United States,US,Texas,TX,48.0,32896,"Lubbock, TX",74,33.0,N,35.0,47.0,33.59638889,102.0,W,2.0,31.0,-102.04194444,3/1/1987 12:00:00 AM,,0,1
1450001,14500,REH,Rehoboth Aircrafters,"Rehoboth, DE",31,United States,US,Delaware,DE,10.0,34500,"Rehoboth, DE",31,38.0,N,43.0,10.0,38.71944444,75.0,W,7.0,36.0,-75.12666667,1/1/1950 12:00:00 AM,,0,1
1451201,14512,RFD,Chicago/Rockford International,"Rockford, IL",41,United States,US,Illinois,IL,17.0,34512,"Rockford, IL",41,42.0,N,11.0,50.0,42.19722222,89.0,W,5.0,33.0,-89.0925,1/1/1950 12:00:00 AM,6/30/2011 12:00:00 AM,0,0
1452001,14520,RHI,Rhinelander/Oneida County,"Rhinelander, WI",45,United States,US,Wisconsin,WI,55.0,34520,"Rhinelander, WI",45,45.0,N,37.0,53.0,45.63138889,89.0,W,27.0,27.0,-89.4575,1/1/1950 12:00:00 AM,6/30/2011 12:00:00 AM,0,0
1452401,14524,RIC,Richmond International,"Richmond, VA",38,United States,US,Virginia,VA,51.0,34524,"Richmond, VA",38,37.0,N,30.0,19.0,37.50527778,77.0,W,19.0,11.0,-77.31972222,1/1/1950 12:00:00 AM,6/30/2025 12:00:00 AM,0,0
1452501,14525,RID,Richmond Municipal,"Richmond, IN",42,United States,US,Indiana,IN,18.0,34525,"Richmond, IN",42,39.0,N,45.0,26.0,39.75722222,84.0,W,50.0,34.0,-84.84277778,12/1/1996 12:00:00 AM,12/31/2005 12:00:00 AM,0,0
1452601,14526,RIE,Rice Lake Airport,"Rice Lake, WI",45,United States,US,Wisconsin,WI,55.0,34526,"Rice Lake, WI",45,45.0,N,28.0,45.0,45.47916667,91.0,W,43.0,22.0,-91.72277778,12/1/1979 12:00:00 AM,,0,1
1452701,14527,RIF,Richfield Municipal,"Richfield, UT",87,United States,US,Utah,UT,49.0,34527,"Richfield, UT",87,38.0,N,44.0,28.0,38.74111111,112.0,W,5.0,40.0,-112.09444444,1/1/1950 12:00:00 AM,6/30/2011 12:00:00 AM,0,0
1453001,14530,RIL,Riverside,"Rifle, CO",82,United States,US,Colorado,CO,8.0,34530,"Rifle, CO",82,39.0,N,31.0,5.0,39.51805556,107.0,W,46.0,45.0,-107.77916667,1/1/1950 12:00:00 AM,2/28/1982 12:00:00 AM,0,0
1453201,14532,RIR,Flabob,"Riverside, CA",91,United States,US,California,CA,6.0,34454,"Riverside, CA",91,33.0,N,59.0,23.0,33.98972222,117.0,W,24.0,35.0,-117.40972222,1/1/1950 12:00:00 AM,6/30/2011 12:00:00 AM,0,0
1453301,14533,RIV,March AFB,"Riverside, CA",91,United States,US,California,CA,6.0,34454,"Riverside, CA",91,33.0,N,52.0,50.0,33.88055556,117.0,W,15.0,31.0,-117.25861111,1/1/1950 12:00:00 AM,6/30/2011 12:00:00 AM,0,0
1453401,14534,RIW,Riverton Regional,"Riverton/Lander, WY",88,United States,US,Wyoming,WY,56.0,34534,"Riverton/Lander, WY",88,43.0,N,3.0,52.0,43.06444444,108.0,W,27.0,25.0,-108.45694444,1/1/1950 12:00:00 AM,6/30/2011 12:00:00 AM,0,0
1453901,14539,RKD,Knox County Regional,"Rockland, ME",12,United States,US,Maine,ME,23.0,34539,"Rockland, ME",12,44.0,N,3.0,33.0,44.05916667,69.0,W,5.0,53.0,-69.09805556,1/1/1950 12:00:00 AM,6/30/2011 12:00:00 AM,0,0
1454101,14541,RKP,Aransas County,"Rockport, TX",74,United States,US,Texas,TX,48.0,34541,"Rockport, TX",74,28.0,N,5.0,12.0,28.08666667,97.0,W,2.0,40.0,-97.04444444,1/1/1950 12:00:00 AM,6/30/2011 12:00:00 AM,0,0
1454201,14542,RKR,Robert S Kerr,"Poteau, OK",73,United States,US,Oklahoma,OK,40.0,34542,"Poteau, OK",73,35.0,N,1.0,21.0,35.0225,94.0,W,37.0,12.0,-94.62,1/1/1950 12:00:00 AM,6/30/2011 12:00:00 AM,0,0
1454301,14543,RKS,Rock Springs Sweetwater County,"Rock Springs, WY",88,United States,US,Wyoming,WY,56.0,34543,"Rock Springs, WY",88,41.0,N,35.0,47.0,41.59638889,109.0,W,3.0,57.0,-109.06583333,1/1/1950 12:00:00 AM,6/30/2011 12:00:00 AM,0,0
1454601,14546,RKW,Rockwood Municipal,"Rockwood, TN",54,United States,US,Tennessee,TN,47.0,34546,"Rockwood, TN",54,35.0,N,55.0,20.0,35.92222222,84.0,W,41.0,23.0,-84.68972222,4/1/2008 12:00:00 AM,,0,1
1454701,14547,RLA,Rolla Downtown,"Rolla, MO",64,United States,US,Missouri,MO,29.0,34547,"Rolla, MO",64,37.0,N,56.0,8.0,37.93555556,91.0,W,48.0,9.0,-91.8025,1/1/1950 12:00:00 AM,6/30/2011 12:00:00 AM,0,0
1454801,14548,RLD,Richland Airport,"Richland, WA",93,United States,US,Washington,WA,53.0,34548,"Richland, WA",93,46.0,N,18.0,30.0,46.30833333,119.0,W,18.0,20.0,-119.30555556,1/1/1950 12:00:00 AM,6/30/2011 12:00:00 AM,0,0
1455101,14551,RLU,Bornite Upper,"Bornite/Ruby Creek, AK",1,United States,US,Alaska,AK,2.0,34551,"Bornite/Ruby Creek, AK",1,67.0,N,6.0,6.0,67.10166667,156.0,W,55.0,45.0,-156.92916667,1/1/1950 12:00:00 AM,,0,1
1455301,14553,RME,Griffiss AFB,"Rome, NY",22,United States,US,New York,NY,36.0,34553,"Rome, NY",22,43.0,N,14.0,2.0,43.23388889,75.0,W,24.0,27.0,-75.4075,1/1/1950 12:00:00 AM,6/30/2011 12:00:00 AM,0,0
1455401,14554,RMG,Richard B Russell,"Rome, GA",34,United States,US,Georgia,GA,13.0,34554,"Rome, GA",34,34.0,N,21.0,5.0,34.35138889,85.0,W,9.0,31.0,-85.15861111,1/1/1950 12:00:00 AM,6/30/2011 12:00:00 AM,0,0
1455701,14557,RMN,Stafford Regional,"Stafford, VA",38,United States,US,Virginia,VA,51.0,34557,"Stafford, VA",38,38.0,N,23.0,53.0,38.39805556,77.0,W,27.0,20.0,-77.45555556,7/1/2009 12:00:00 AM,6/30/2025 12:00:00 AM,0,0
1455901,14559,RMP,Rampart Airport,"Rampart, AK",1,United States,US,Alaska,AK,2.0,34559,"Rampart, AK",1,65.0,N,30.0,30.0,65.50833333,150.0,W,8.0,25.0,-150.14027778,1/1/1950 12:00:00 AM,6/30/2011 12:00:00 AM,0,0
1456401,14564,RNC,Warren County Memorial,"McMinnville, TN",54,United States,US,Tennessee,TN,47.0,34564,"McMinnville, TN",54,35.0,N,41.0,55.0,35.69861111,85.0,W,50.0,38.0,-85.84388889,1/1/2003 12:00:00 AM,,0,1
1456501,14565,RND,Randolph AFB,"San Antonio, TX",74,United States,US,Texas,TX,48.0,33214,"San Antonio, TX",74,29.0,N,31.0,46.0,29.52944444,98.0,W,16.0,43.0,-98.27861111,1/1/1950 12:00:00 AM,6/30/2011 12:00:00 AM,0,0
1456701,14567,RNG,Rangely Airport,"Rangely, CO",82,United States,US,Colorado,CO,8.0,34567,"Rangely, CO",82,40.0,N,5.0,41.0,40.09472222,108.0,W,45.0,38.0,-108.76055556,3/1/1986 12:00:00 AM,6/30/2011 12:00:00 AM,0,0
1457001,14570,RNO,Reno/Tahoe International,"Reno, NV",85,United States,US,Nevada,NV,32.0,34570,"Reno, NV",85,39.0,N,29.0,52.0,39.49777778,119.0,W,46.0,3.0,-119.7675,1/1/1950 12:00:00 AM,6/30/2011 12:00:00 AM,0,0
1457201,14572,RNT,Renton Municipal,"Renton, WA",93,United States,US,Washington,WA,53.0,34572,"Renton, WA",93,47.0,N,29.0,35.0,47.49305556,122.0,W,12.0,57.0,-122.21583333,6/1/1999 12:00:00 AM,,0,1
1457401,14574,ROA,Roanoke Regional/Woodrum Field,"Roanoke, VA",38,United States,US,Virginia,VA,51.0,34574,"Roanoke, VA",38,37.0,N,19.0,29.0,37.32472222,79.0,W,58.0,35.0,-79.97638889,1/1/1950 12:00:00 AM,6/30/2011 12:00:00 AM,0,0
1457601,14576,ROC,Rochester Monroe County,"Rochester, NY",22,United States,US,New York,NY,36.0,34576,"Rochester, NY",22,43.0,N,7.0,17.0,43.12138889,77.0,W,40.0,15.0,-77.67083333,1/1/1950 12:00:00 AM,3/31/1995 12:00:00 AM,0,0
1457701,14577,ROG,Rogers Municipal Carter Field,"Rogers, AR",71,United States,US,Arkansas,AR,5.0,34577,"Rogers, AR",71,36.0,N,22.0,20.0,36.37222222,94.0,W,6.0,25.0,-94.10694444,12/1/1989 12:00:00 AM,6/30/2011 12:00:00 AM,0,0
1457901,14579,ROL,Roosevelt Municipal,"Roosevelt, UT",87,United States,US,Utah,UT,49.0,34579,"Roosevelt, UT",87,40.0,N,16.0,42.0,40.27833333,110.0,W,3.0,5.0,-110.05138889,9/1/1977 12:00:00 AM,,0,1
1458202,14582,ROP,Rota International,"Rota, TT",5,United States,US,U.S. Pacific Trust Territories and Possessions,TT,75.0,34582,"Rota, TT",5,14.0,N,10.0,24.0,14.17333333,145.0,E,14.0,20.0,145.23888889,1/1/1990 12:00:00 AM,6/30/2011 12:00:00 AM,0,0
1458302,14583,ROR,Babelthuap,"Koror, TT",5,United States,US,U.S. Pacific Trust Territories and Possessions,TT,75.0,34583,"Koror, TT",5,7.0,N,21.0,52.0,7.36444444,134.0,E,33.0,14.0,134.55388889,1/1/1990 12:00:00 AM,9/30/1994 12:00:00 AM,0,0
1458801,14588,ROW,Roswell International Air Center,"Roswell, NM",86,United States,US,New Mexico,NM,35.0,34588,"Roswell, NM",86,33.0,N,18.0,6.0,33.30166667,104.0,W,31.0,50.0,-104.53055556,1/1/1950 12:00:00 AM,7/31/2017 12:00:00 AM,0,0
1458901,14589,ROX,Roseau Municipal/Rudy Billberg Field,"Roseau, MN",63,United States,US,Minnesota,MN,27.0,34589,"Roseau, MN",63,48.0,N,51.0,20.0,48.85555556,95.0,W,41.0,43.0,-95.69527778,1/1/1950 12:00:00 AM,6/30/2011 12:00:00 AM,0,0
1459201,14592,RPX,Roundup Airport,"Roundup, MT",84,United States,US,Montana,MT,30.0,34592,"Roundup, MT",84,46.0,N,28.0,36.0,46.47666667,108.0,W,33.0,15.0,-108.55416667,12/1/1988 12:00:00 AM,6/30/2011 12:00:00 AM,0,0
1459301,14593,RQA,Lone Pine Airport,"Lone Pine, CA",91,United States,US,California,CA,6.0,34593,"Lone Pine, CA",91,36.0,N,35.0,18.0,36.58833333,118.0,W,3.0,7.0,-118.05194444,3/1/1993 12:00:00 AM,12/31/2011 12:00:00 AM,0,0
1459401,14594,RQB,Big Southern Butte,"Atomic City, ID",83,United States,US,Idaho,ID,16.0,34594,"Atomic City, ID",83,43.0,N,25.0,45.0,43.42916667,113.0,W,3.0,33.0,-113.05916667,3/1/1993 12:00:00 AM,5/31/2014 12:00:00 AM,0,0
1459501,14595,RQC,Wheatland County at Harlowton,"Harlowton, MT",84,United States,US,Montana,MT,30.0,34595,"Harlowton, MT",84,46.0,N,27.0,15.0,46.45416667,109.0,W,51.0,18.0,-109.855,12/1/1992 12:00:00 AM,6/30/2011 12:00:00 AM,0,0
1459601,14596,RQD,William Robert Johnston Municipal,"Mendota, CA",91,United States,US,California,CA,6.0,34596,"Mendota, CA",91,36.0,N,45.0,29.0,36.75805556,120.0,W,22.0,17.0,-120.37138889,12/1/1993 12:00:00 AM,6/30/2011 12:00:00 AM,0,0
1459701,14597,RQE,Prosser Airport,"Prosser, WA",93,United States,US,Washington,WA,53.0,34597,"Prosser, WA",93,46.0,N,12.0,44.0,46.21222222,119.0,W,47.0,34.0,-119.79277778,12/1/1993 12:00:00 AM,6/30/2011 12:00:00 AM,0,0
1459801,14598,RQF,Lincoln County,"Lincolnton, NC",36,United States,US,North Carolina,NC,37.0,34598,"Lincolnton, NC",36,35.0,N,29.0,1.0,35.48361111,81.0,W,9.0,39.0,-81.16083333,3/1/1994 12:00:00 AM,6/30/2011 12:00:00 AM,0,0
1459901,14599,RQG,Covington Municipal,"Covington, TN",54,United States,US,Tennessee,TN,47.0,34599,"Covington, TN",54,35.0,N,35.0,0.0,35.58333333,89.0,W,35.0,14.0,-89.58722222,12/1/1993 12:00:00 AM,,0,1
1460001,14600,RQH,Pennridge,"Perkasie, PA",23,United States,US,Pennsylvania,PA,42.0,34600,"Perkasie, PA",23,40.0,N,23.0,21.0,40.38916667,75.0,W,17.0,26.0,-75.29055556,6/1/1994 12:00:00 AM,,0,1
1460101,14601,RQI,Nixon Fork Mine Airport,"Nixon Fork Mine, AK",1,United States,US,Alaska,AK,2.0,34601,"Nixon Fork Mine, AK",1,62.0,N,14.0,2.0,62.23388889,154.0,W,44.0,5.0,-154.73472222,3/1/1994 12:00:00 AM,,0,1
1460301,14603,RQK,China Lake Naws,"China Lake, CA",91,United States,US,California,CA,6.0,34603,"China Lake, CA",91,35.0,N,41.0,16.0,35.68777778,117.0,W,41.0,26.0,-117.69055556,3/1/1994 12:00:00 AM,6/30/2011 12:00:00 AM,0,0
1460401,14604,RQL,Lowell Airport,"Lowell, IN",42,United States,US,Indiana,IN,18.0,34604,"Lowell, IN",42,41.0,N,13.0,48.0,41.23,87.0,W,30.0,28.0,-87.50777778,3/1/1994 12:00:00 AM,6/30/2011 12:00:00 AM,0,0
1460501,14605,RQM,Sterling Airport,"Sterling, MA",13,United States,US,Massachusetts,MA,25.0,34605,"Sterling, MA",13,42.0,N,25.0,30.0,42.425,71.0,W,47.0,28.0,-71.79111111,3/1/1994 12:00:00 AM,6/30/2011 12:00:00 AM,0,0
1460601,14606,RQN,Illinois Valley,"Cave Junction, OR",92,United States,US,Oregon,OR,41.0,34606,"Cave Junction, OR",92,42.0,N,6.0,15.0,42.10416667,123.0,W,40.0,56.0,-123.68222222,3/1/1994 12:00:00 AM,6/30/2011 12:00:00 AM,0,0
1460801,14608,RQP,Lea County-Zip Franklin Memorial,"Lovington, NM",86,United States,US,New Mexico,NM,35.0,34608,"Lovington, NM",86,32.0,N,57.0,0.0,32.95,103.0,W,24.0,22.0,-103.40611111,9/1/1994 12:00:00 AM,6/30/2011 12:00:00 AM,0,0
1460901,14609,RQQ,Watts/Woodland,"Woodland, CA",91,United States,US,California,CA,6.0,34609,"Woodland, CA",91,38.0,N,40.0,26.0,38.67388889,121.0,W,52.0,20.0,-121.87222222,9/1/1994 12:00:00 AM,6/30/2011 12:00:00 AM,0,0
1461001,14610,RQR,Harbor Springs Airport,"Harbor Springs, MI",43,United States,US,Michigan,MI,26.0,34610,"Harbor Springs, MI",43,45.0,N,25.0,32.0,45.42555556,84.0,W,54.0,48.0,-84.91333333,9/1/1994 12:00:00 AM,,0,1
1461201,14612,RQT,Town and Country Airpark,"Lubbock, TX",74,United States,US,Texas,TX,48.0,32896,"Lubbock, TX",74,33.0,N,29.0,8.0,33.48555556,101.0,W,48.0,46.0,-101.81277778,9/1/1994 12:00:00 AM,8/31/2013 12:00:00 AM,0,0
1461301,14613,RQU,Wasco-Kern County,"Wasco, CA",91,United States,US,California,CA,6.0,34613,"Wasco, CA",91,35.0,N,37.0,11.0,35.61972222,119.0,W,21.0,13.0,-119.35361111,9/1/1994 12:00:00 AM,,0,1
1461401,14614,RQV,Salt Lake Municipal 2,"Salt Lake City, UT",87,United States,US,Utah,UT,49.0,34614,"Salt Lake City, UT",87,40.0,N,37.0,9.0,40.61916667,111.0,W,59.0,34.0,-111.99277778,9/1/1994 12:00:00 AM,6/30/2011 12:00:00 AM,0,0
1461501,14615,RQW,Parowan Airport,"Parowan, UT",87,United States,US,Utah,UT,49.0,34615,"Parowan, UT",87,37.0,N,51.0,35.0,37.85972222,112.0,W,48.0,58.0,-112.81611111,9/1/1994 12:00:00 AM,6/30/2011 12:00:00 AM,0,0
1461601,14616,RQX,Kit Carson County,"Burlington, CO",82,United States,US,Colorado,CO,8.0,34616,"Burlington, CO",82,39.0,N,14.0,33.0,39.2425,102.0,W,17.0,7.0,-102.28527778,9/1/1994 12:00:00 AM,,0,1
1461701,14617,RQY,Comanche County-City,"Comanche, TX",74,United States,US,Texas,TX,48.0,34617,"Comanche, TX",74,31.0,N,55.0,1.0,31.91694444,98.0,W,36.0,1.0,-98.60027778,9/1/1994 12:00:00 AM,6/30/2011 12:00:00 AM,0,0
1461801,14618,RQZ,Hurlburt Field,"Mary Esther, FL",33,United States,US,Florida,FL,12.0,34618,"Mary Esther, FL",33,30.0,N,25.0,44.0,30.42888889,86.0,W,41.0,20.0,-86.68888889,12/1/1994 12:00:00 AM,6/30/2011 12:00:00 AM,0,0
1462301,14623,WAX,Warroad International Memorial,"Warroad, MN",63,United States,US,Minnesota,MN,27.0,34623,"Warroad, MN",63,48.0,N,56.0,29.0,48.94138889,95.0,W,20.0,54.0,-95.34833333,1/1/1988 12:00:00 AM,9/30/1988 12:00:00 AM,0,0
1462302,14623,RRT,Warroad International Memorial,"Warroad, MN",63,United States,US,Minnesota,MN,27.0,34623,"Warroad, MN",63,48.0,N,56.0,29.0,48.94138889,95.0,W,20.0,54.0,-95.34833333,10/1/1988 12:00:00 AM,,0,1
1462701,14627,RSH,Russian Mission Airport,"Russian Mission, AK",1,United States,US,Alaska,AK,2.0,34627,"Russian Mission, AK",1,61.0,N,46.0,59.0,61.78305556,161.0,W,19.0,9.0,-161.31916667,1/1/1950 12:00:00 AM,6/30/2011 12:00:00 AM,0,0
1462801,14628,RSJ,Rosario Seaplane Base,"Rosario, WA",93,United States,US,Washington,WA,53.0,34628,"Rosario, WA",93,48.0,N,38.0,0.0,48.63333333,122.0,W,51.0,0.0,-122.85,6/1/1986 12:00:00 AM,,0,1
1462901,14629,RSL,Russell Municipal,"Russell, KS",62,United States,US,Kansas,KS,20.0,34629,"Russell, KS",62,38.0,N,52.0,20.0,38.87222222,98.0,W,48.0,42.0,-98.81166667,1/1/2010 12:00:00 AM,6/30/2011 12:00:00 AM,0,0
1463001,14630,RSN,Ruston Municipal,"Ruston, LA",72,United States,US,Louisiana,LA,22.0,34630,"Ruston, LA",72,32.0,N,30.0,42.0,32.51166667,92.0,W,37.0,44.0,-92.62888889,1/1/1950 12:00:00 AM,12/31/1994 12:00:00 AM,0,0
1463101,14631,RSP,Raspberry Straits,"Raspberry Strait, AK",1,United States,US,Alaska,AK,2.0,34631,"Raspberry Strait, AK",1,58.0,N,2.0,0.0,58.03333333,153.0,W,0.0,0.0,-153.0,1/1/1950 12:00:00 AM,,0,1
1463301,14633,RST,Rochester Municipal,"Rochester, MN",63,United States,US,Minnesota,MN,27.0,32547,"Rochester, MN",63,43.0,N,54.0,37.0,43.91027778,92.0,W,29.0,47.0,-92.49638889,1/1/1950 12:00:00 AM,6/30/1995 12:00:00 AM,0,0
1463501,14635,RSW,Southwest Florida International,"Fort Myers, FL",33,United States,US,Florida,FL,12.0,31714,"Fort Myers, FL",33,26.0,N,32.0,10.0,26.53611111,81.0,W,45.0,18.0,-81.755,1/1/1950 12:00:00 AM,6/30/2011 12:00:00 AM,0,0
1463801,14638,RTE,Marguerite Bay Airport,"Marguerite Bay, AK",1,United States,US,Alaska,AK,2.0,34638,"Marguerite Bay, AK",1,55.0,N,42.0,0.0,55.7,131.0,W,38.0,0.0,-131.63333333,3/1/1990 12:00:00 AM,,0,1
1464001,14640,RTN,Crews Field,"Raton, NM",86,United States,US,New Mexico,NM,35.0,34640,"Raton, NM",86,36.0,N,44.0,29.0,36.74138889,104.0,W,30.0,4.0,-104.50111111,1/1/1950 12:00:00 AM,6/30/2011 12:00:00 AM,0,0
1464601,14646,RUI,Ruidoso Airport,"Ruidoso, NM",86,United States,US,New Mexico,NM,35.0,34646,"Ruidoso, NM",86,33.0,N,21.0,39.0,33.36083333,105.0,W,39.0,45.0,-105.6625,12/1/1976 12:00:00 AM,6/30/2011 12:00:00 AM,0,0
1464801,14648,RUT,Rutland State,"Rutland, VT",16,United States,US,Vermont,VT,50.0,34648,"Rutland, VT",16,43.0,N,31.0,46.0,43.52944444,72.0,W,56.0,54.0,-72.94833333,1/1/1950 12:00:00 AM,6/30/2011 12:00:00 AM,0,0
1465301,14653,RVS,Tulsa Riverside,"Tulsa, OK",73,United States,US,Oklahoma,OK,40.0,34653,"Tulsa, OK",73,36.0,N,2.0,26.0,36.04055556,95.0,W,59.0,7.0,-95.98527778,1/1/1950 12:00:00 AM,6/30/2011 12:00:00 AM,0,0
1465501,14655,RWB,Rowan Bay Airport,"Rowan Bay, AK",1,United States,US,Alaska,AK,2.0,34655,"Rowan Bay, AK",1,56.0,N,39.0,0.0,56.65,134.0,W,17.0,0.0,-134.28333333,3/1/1985 12:00:00 AM,,0,1
1465601,14656,RWI,Rocky Mount-Wilson Regional,"Rocky Mount, NC",36,United States,US,North Carolina,NC,37.0,34656,"Rocky Mount, NC",36,35.0,N,51.0,16.0,35.85444444,77.0,W,53.0,26.0,-77.89055556,1/1/1950 12:00:00 AM,6/30/2011 12:00:00 AM,0,0
1465701,14657,RWL,Rawlins Municipal/Harvey Field,"Rawlins, WY",88,United States,US,Wyoming,WY,56.0,34657,"Rawlins, WY",88,41.0,N,48.0,16.0,41.80444444,107.0,W,12.0,5.0,-107.20138889,1/1/1950 12:00:00 AM,6/30/2011 12:00:00 AM,0,0
1465801,14658,RXB,Rodman Bay Airport,"Rodman Bay, AK",1,United States,US,Alaska,AK,2.0,34658,"Rodman Bay, AK",1,57.0,N,28.0,0.0,57.46666667,135.0,W,24.0,0.0,-135.4,1/1/1950 12:00:00 AM,,0,1
1466001,14660,RYE,Weld County Municipal,"Greeley, CO",82,United States,US,Colorado,CO,8.0,34660,"Greeley, CO",82,40.0,N,25.0,35.0,40.42638889,104.0,W,37.0,48.0,-104.63,1/1/1950 12:00:00 AM,,0,1
1466901,14669,S27,Kalispell City,"Kalispell, MT",84,United States,US,Montana,MT,30.0,31648,"Kalispell, MT",84,48.0,N,10.0,42.0,48.17833333,114.0,W,18.0,13.0,-114.30361111,4/1/2009 12:00:00 AM,6/30/2011 12:00:00 AM,0,0
1467001,14670,SAA,Shively Field,"Saratoga, WY",88,United States,US,Wyoming,WY,56.0,34670,"Saratoga, WY",88,41.0,N,26.0,42.0,41.445,106.0,W,48.0,36.0,-106.81,1/1/1950 12:00:00 AM,6/30/2011 12:00:00 AM,0,0
1467201,14672,SAC,Sacramento Executive,"Sacramento, CA",91,United States,US,California,CA,6.0,33192,"Sacramento, CA",91,38.0,N,30.0,45.0,38.5125,121.0,W,29.0,33.0,-121.4925,1/1/1950 12:00:00 AM,6/30/2011 12:00:00 AM,0,0
1467301,14673,SAD,Safford Regional,"Safford, AZ",81,United States,US,Arizona,AZ,4.0,34673,"Safford, AZ",81,32.0,N,51.0,0.0,32.85,109.0,W,38.0,0.0,-109.63333333,1/1/1950 12:00:00 AM,6/30/2011 12:00:00 AM,0,0
1467401,14674,SAF,Santa Fe Municipal,"Santa Fe, NM",86,United States,US,New Mexico,NM,35.0,34674,"Santa Fe, NM",86,35.0,N,37.0,3.0,35.6175,106.0,W,5.0,18.0,-106.08833333,1/1/1950 12:00:00 AM,6/30/2011 12:00:00 AM,0,0
1467501,14675,SAG,Sagwon Airport,"Sagwon, AK",1,United States,US,Alaska,AK,2.0,34675,"Sagwon, AK",1,69.0,N,21.0,59.0,69.36638889,148.0,W,42.0,16.0,-148.70444444,1/1/1950 12:00:00 AM,,0,1
1467901,14679,SAN,San Diego International Lindbergh Fl,"San Diego, CA",91,United States,US,California,CA,6.0,33570,"San Diego, CA",91,32.0,N,43.0,58.0,32.73277778,117.0,W,11.0,14.0,-117.18722222,1/1/1950 12:00:00 AM,12/31/1990 12:00:00 AM,0,0
1468301,14683,SAT,San Antonio International,"San Antonio, TX",74,United States,US,Texas,TX,48.0,33214,"San Antonio, TX",74,29.0,N,32.0,0.0,29.53333333,98.0,W,28.0,10.0,-98.46944444,1/1/1950 12:00:00 AM,6/30/2011 12:00:00 AM,0,0
1468501,14685,SAV,Savannah/Hilton Head International,"Savannah, GA",34,United States,US,Georgia,GA,13.0,34685,"Savannah, GA",34,32.0,N,7.0,39.0,32.1275,81.0,W,12.0,9.0,-81.2025,1/1/1950 12:00:00 AM,6/30/2011 12:00:00 AM,0,0
1468901,14689,SBA,Santa Barbara Municipal,"Santa Barbara, CA",91,United States,US,California,CA,6.0,34689,"Santa Barbara, CA",91,34.0,N,25.0,40.0,34.42777778,119.0,W,50.0,22.0,-119.83944444,1/1/1950 12:00:00 AM,6/30/2011 12:00:00 AM,0,0
1469101,14691,SBD,Norton AFB,"San Bernardino, CA",91,United States,US,California,CA,6.0,34691,"San Bernardino, CA",91,34.0,N,5.0,49.0,34.09694444,117.0,W,14.0,12.0,-117.23666667,1/1/1950 12:00:00 AM,5/31/1983 12:00:00 AM,0,0
1469501,14695,SBM,Sheboygan County Memorial,"Sheboygan, WI",45,United States,US,Wisconsin,WI,55.0,34695,"Sheboygan, WI",45,43.0,N,46.0,18.0,43.77166667,87.0,W,51.0,8.0,-87.85222222,1/1/1950 12:00:00 AM,6/30/2011 12:00:00 AM,0,0
1469601,14696,SBN,Michiana Regional,"South Bend, IN",42,United States,US,Indiana,IN,18.0,34696,"South Bend, IN",42,41.0,N,42.0,16.0,41.70444444,86.0,W,18.0,45.0,-86.3125,1/1/1950 12:00:00 AM,12/31/2000 12:00:00 AM,0,0
1469701,14697,SBO,Salina-Gunnison,"Salina, UT",87,United States,US,Utah,UT,49.0,34697,"Salina, UT",87,39.0,N,1.0,45.0,39.02916667,111.0,W,50.0,18.0,-111.83833333,3/1/1987 12:00:00 AM,,0,1
1469801,14698,SBP,San Luis Obispo County Regional,"San Luis Obispo, CA",91,United States,US,California,CA,6.0,34236,"Paso Robles/San Luis Obispo, CA",91,35.0,N,14.0,12.0,35.23666667,120.0,W,38.0,21.0,-120.63916667,1/1/1950 12:00:00 AM,6/30/2011 12:00:00 AM,0,0
1469901,14699,SBS,Steamboat Springs/Bob Adams Field,"Steamboat Springs, CO",82,United States,US,Colorado,CO,8.0,34699,"Steamboat Springs, CO",82,40.0,N,31.0,0.0,40.51666667,106.0,W,51.0,45.0,-106.8625,1/1/1950 12:00:00 AM,6/30/2011 12:00:00 AM,0,0
1470001,14700,SBT,Tri City,"San Bernardino, CA",91,United States,US,California,CA,6.0,34691,"San Bernardino, CA",91,34.0,N,4.0,3.0,34.0675,117.0,W,16.0,26.0,-117.27388889,3/1/1982 12:00:00 AM,5/31/1983 12:00:00 AM,0,0
1470401,14704,SBY,Salisbury-Ocean City/Wicomico Regional,"Salisbury, MD",35,United States,US,Maryland,MD,24.0,34704,"Salisbury, MD",35,38.0,N,20.0,19.0,38.33861111,75.0,W,30.0,36.0,-75.51,1/1/1950 12:00:00 AM,6/30/2011 12:00:00 AM,0,0
1470601,14706,SC1,Beaufort MCAS,"Beaufort, SC",37,United States,US,South Carolina,SC,45.0,30569,"Beaufort, SC",37,32.0,N,28.0,39.0,32.4775,80.0,W,43.0,23.0,-80.72305556,10/1/2003 12:00:00 AM,11/30/2015 12:00:00 AM,0,0
1470701,14707,SC2,Fairfield County,"Winnsboro, SC",37,United States,US,South Carolina,SC,45.0,34707,"Winnsboro, SC",37,34.0,N,18.0,56.0,34.31555556,81.0,W,6.0,32.0,-81.10888889,10/1/2004 12:00:00 AM,11/30/2017 12:00:00 AM,0,0
1470801,14708,SC3,Conway-Horry County,"Conway, SC",37,United States,US,South Carolina,SC,45.0,34708,"Conway, SC",37,33.0,N,49.0,43.0,33.82861111,79.0,W,7.0,20.0,-79.12222222,1/1/2006 12:00:00 AM,,0,1
1470901,14709,SCC,Deadhorse Airport,"Deadhorse, AK",1,United States,US,Alaska,AK,2.0,30073,"Deadhorse, AK",1,70.0,N,11.0,40.0,70.19444444,148.0,W,28.0,5.0,-148.46805556,1/1/1950 12:00:00 AM,5/31/1985 12:00:00 AM,0,0
1471101,14711,SCE,State College Air Depot,"State College, PA",23,United States,US,Pennsylvania,PA,42.0,34711,"Philipsburg/State College, PA",23,40.0,N,46.0,15.0,40.77083333,77.0,W,52.0,53.0,-77.88138889,1/1/1950 12:00:00 AM,12/31/2002 12:00:00 AM,0,0
1471201,14712,SCF,Scottsdale,"Phoenix, AZ",81,United States,US,Arizona,AZ,4.0,30466,"Phoenix, AZ",81,33.0,N,37.0,22.0,33.62277778,111.0,W,54.0,38.0,-111.91055556,1/1/1950 12:00:00 AM,,0,1
1471301,14713,SCH,Schenectady County,"Schenectady, NY",22,United States,US,New York,NY,36.0,34713,"Schenectady, NY",22,42.0,N,51.0,9.0,42.8525,73.0,W,55.0,48.0,-73.93,6/1/1976 12:00:00 AM,6/30/2011 12:00:00 AM,0,0
1471501,14715,SCJ,Smith Cove Airport,"Smith Cove, AK",1,United States,US,Alaska,AK,2.0,34715,"Smith Cove, AK",1,55.0,N,27.0,17.0,55.45472222,132.0,W,21.0,7.0,-132.35194444,9/1/1989 12:00:00 AM,,0,1
1471601,14716,SCK,Stockton Metropolitan,"Stockton, CA",91,United States,US,California,CA,6.0,34716,"Stockton, CA",91,37.0,N,53.0,40.0,37.89444444,121.0,W,14.0,21.0,-121.23916667,1/1/1950 12:00:00 AM,6/30/2011 12:00:00 AM,0,0
1471801,14718,SCM,Scammon Bay Airport,"Scammon Bay, AK",1,United States,US,Alaska,AK,2.0,34718,"Scammon Bay, AK",1,61.0,N,50.0,47.0,61.84638889,165.0,W,35.0,38.0,-165.59388889,1/1/1950 12:00:00 AM,6/30/2011 12:00:00 AM,0,0
1472601,14726,SD1,Onida Municipal,"Onida, SD",67,United States,US,South Dakota,SD,46.0,34726,"Onida, SD",67,44.0,N,42.0,3.0,44.70083333,100.0,W,6.0,4.0,-100.10111111,3/1/1995 12:00:00 AM,6/30/2011 12:00:00 AM,0,0
1473001,14730,SDF,Standiford Field,"Louisville, KY",52,United States,US,Kentucky,KY,21.0,33044,"Louisville, KY",52,38.0,N,10.0,47.0,38.17972222,85.0,W,44.0,19.0,-85.73861111,1/1/1950 12:00:00 AM,6/30/1995 12:00:00 AM,0,0
1473601,14736,SDM,Brown Field Municipal,"San Diego, CA",91,United States,US,California,CA,6.0,33570,"San Diego, CA",91,32.0,N,34.0,20.0,32.57222222,116.0,W,58.0,46.0,-116.97944444,1/1/1950 12:00:00 AM,6/30/2011 12:00:00 AM,0,0
1473801,14738,SDP,Sand Point,"Sandpoint, AK",1,United States,US,Alaska,AK,2.0,34738,"Sandpoint, AK",1,55.0,N,19.0,0.0,55.31666667,160.0,W,30.0,50.0,-160.51388889,1/1/1950 12:00:00 AM,6/30/2011 12:00:00 AM,0,0
1474401,14744,SDX,Sedona Airport,"Sedona, AZ",81,United States,US,Arizona,AZ,4.0,34744,"Sedona, AZ",81,34.0,N,50.0,55.0,34.84861111,111.0,W,47.0,16.0,-111.78777778,9/1/1979 12:00:00 AM,6/30/2011 12:00:00 AM,0,0
1474501,14745,SDY,Sidney/Richland Municipal,"Sidney, MT",84,United States,US,Montana,MT,30.0,34745,"Sidney, MT",84,47.0,N,42.0,25.0,47.70694444,104.0,W,11.0,31.0,-104.19194444,1/1/1950 12:00:00 AM,6/30/2011 12:00:00 AM,0,0
1474701,14747,SEA,Seattle International,"Seattle, WA",93,United States,US,Washington,WA,53.0,30559,"Seattle, WA",93,47.0,N,26.0,50.0,47.44722222,122.0,W,18.0,20.0,-122.30555556,1/1/1950 12:00:00 AM,11/30/1983 12:00:00 AM,0,0
1474901,14749,SEE,Gillespie Field,"San Diego, CA",91,United States,US,California,CA,6.0,33570,"San Diego, CA",91,32.0,N,49.0,34.0,32.82611111,116.0,W,58.0,17.0,-116.97138889,9/1/1977 12:00:00 AM,6/30/2011 12:00:00 AM,0,0
1475001,14750,SEF,Sebring Regional,"Sebring, FL",33,United States,US,Florida,FL,12.0,34750,"Sebring, FL",33,27.0,N,27.0,8.0,27.45222222,81.0,W,20.0,36.0,-81.34333333,1/1/1950 12:00:00 AM,6/30/2011 12:00:00 AM,0,0
1475101,14751,SEG,Penn Valley,"Selinsgrove, PA",23,United States,US,Pennsylvania,PA,42.0,34751,"Selinsgrove, PA",23,40.0,N,49.0,14.0,40.82055556,76.0,W,51.0,50.0,-76.86388889,6/1/2006 12:00:00 AM,6/30/2011 12:00:00 AM,0,0
1475301,14753,SEM,Craig Field,"Selma, AL",51,United States,US,Alabama,AL,1.0,34753,"Selma, AL",51,32.0,N,20.0,38.0,32.34388889,86.0,W,59.0,16.0,-86.98777778,12/1/1987 12:00:00 AM,2/29/1992 12:00:00 AM,0,0
1475601,14756,SER,Freeman Municipal,"Seymour, IN",42,United States,US,Indiana,IN,18.0,34756,"Seymour, IN",42,38.0,N,55.0,25.0,38.92361111,85.0,W,54.0,27.0,-85.9075,6/1/1999 12:00:00 AM,12/31/2005 12:00:00 AM,0,0
1475701,14757,SES,Selfield,"Selma, AL",51,United States,US,Alabama,AL,1.0,34753,"Selma, AL",51,32.0,N,27.0,0.0,32.45,86.0,W,57.0,0.0,-86.95,3/1/1992 12:00:00 AM,,0,1
1476101,14761,SFB,Sanford NAS,"Sanford, FL",33,United States,US,Florida,FL,12.0,34761,"Sanford, FL",33,28.0,N,46.0,30.0,28.775,81.0,W,14.0,25.0,-81.24027778,1/1/1950 12:00:00 AM,12/31/1968 12:00:00 AM,0,0
1476401,14764,SFF,Felts Field,"Spokane, WA",93,United States,US,Washington,WA,53.0,31884,"Spokane, WA",93,47.0,N,40.0,56.0,47.68222222,117.0,W,18.0,58.0,-117.31611111,3/1/1986 12:00:00 AM,6/30/2011 12:00:00 AM,0,0
1476901,14769,SFM,Sanford Municipal,"Sanford, ME",12,United States,US,Maine,ME,23.0,34769,"Sanford, ME",12,43.0,N,23.0,41.0,43.39472222,70.0,W,42.0,36.0,-70.71,6/1/1977 12:00:00 AM,6/30/2011 12:00:00 AM,0,0
1477101,14771,SFO,San Francisco International,"San Francisco, CA",91,United States,US,California,CA,6.0,32457,"San Francisco, CA (Metropolitan Area)",91,37.0,N,37.0,8.0,37.61888889,122.0,W,22.0,30.0,-122.375,1/1/1950 12:00:00 AM,3/31/2015 12:00:00 AM,0,0
1477801,14778,SFZ,North Central State,"Smithfield, RI",15,United States,US,Rhode Island,RI,44.0,34778,"Smithfield, RI",15,41.0,N,55.0,12.0,41.92,71.0,W,29.0,37.0,-71.49361111,9/1/1976 12:00:00 AM,6/30/2011 12:00:00 AM,0,0
1478301,14783,SGF,Springfield-Branson National,"Springfield, MO",64,United States,US,Missouri,MO,29.0,34783,"Springfield, MO",64,37.0,N,14.0,24.0,37.24,93.0,W,23.0,6.0,-93.385,1/1/1950 12:00:00 AM,6/30/2011 12:00:00 AM,0,0
1478501,14785,SGH,Springfield-Beckley Municipal,"Springfield, OH",44,United States,US,Ohio,OH,39.0,34785,"Springfield, OH",44,39.0,N,50.0,18.0,39.83833333,83.0,W,50.0,23.0,-83.83972222,9/1/1976 12:00:00 AM,6/30/2011 12:00:00 AM,0,0
1479201,14792,SGR,Sugar Land Regional,"Sugar Land, TX",74,United States,US,Texas,TX,48.0,34792,"Sugar Land, TX",74,29.0,N,37.0,20.0,29.62222222,95.0,W,39.0,24.0,-95.65666667,9/1/1983 12:00:00 AM,,0,1
1479301,14793,SGT,Stuttgart Municipal,"Stuttgart, AR",71,United States,US,Arkansas,AR,5.0,34793,"Stuttgart, AR",71,34.0,N,36.0,2.0,34.60055556,91.0,W,34.0,28.0,-91.57444444,12/1/1989 12:00:00 AM,6/30/2011 12:00:00 AM,0,0
1479401,14794,SGU,St George Municipal,"St. George, UT",87,United States,US,Utah,UT,49.0,34794,"St. George, UT",87,37.0,N,5.0,35.0,37.09305556,113.0,W,35.0,32.0,-113.59222222,1/1/1950 12:00:00 AM,12/31/2010 12:00:00 AM,0,0
1479501,14795,SGW,Saginaw,"Saginaw Bay, AK",1,United States,US,Alaska,AK,2.0,34795,"Saginaw Bay, AK",1,56.0,N,53.0,0.0,56.88333333,134.0,W,9.0,0.0,-134.15,1/1/1950 12:00:00 AM,,0,1
1479701,14797,SGY,Skagway Airport,"Skagway, AK",1,United States,US,Alaska,AK,2.0,34797,"Skagway, AK",1,59.0,N,27.0,38.0,59.46055556,135.0,W,18.0,56.0,-135.31555556,1/1/1950 12:00:00 AM,6/30/2011 12:00:00 AM,0,0
1480201,14802,SHD,Shenandoah Valley Regional,"Staunton, VA",38,United States,US,Virginia,VA,51.0,34802,"Staunton, VA",38,38.0,N,15.0,50.0,38.26388889,78.0,W,53.0,48.0,-78.89666667,1/1/1950 12:00:00 AM,6/30/2011 12:00:00 AM,0,0
1480401,14804,SHG,Shungnak Airport,"Shungnak, AK",1,United States,US,Alaska,AK,2.0,34804,"Shungnak, AK",1,66.0,N,53.0,23.0,66.88972222,157.0,W,9.0,28.0,-157.15777778,1/1/1950 12:00:00 AM,6/30/2011 12:00:00 AM,0,0
1480501,14805,SHH,Shishmaref Airport,"Shishmaref, AK",1,United States,US,Alaska,AK,2.0,34805,"Shishmaref, AK",1,66.0,N,15.0,25.0,66.25694444,166.0,W,3.0,30.0,-166.05833333,1/1/1950 12:00:00 AM,6/30/2011 12:00:00 AM,0,0
1481001,14810,SHN,Sanderson Field,"Shelton, WA",93,United States,US,Washington,WA,53.0,34810,"Shelton, WA",93,47.0,N,14.0,2.0,47.23388889,123.0,W,8.0,20.0,-123.13888889,1/1/1950 12:00:00 AM,6/30/2011 12:00:00 AM,0,0
1481201,14812,SHR,Sheridan County,"Sheridan, WY",88,United States,US,Wyoming,WY,56.0,34812,"Sheridan, WY",88,44.0,N,46.0,27.0,44.77416667,106.0,W,58.0,38.0,-106.97722222,1/1/1950 12:00:00 AM,6/30/2011 12:00:00 AM,0,0
1481401,14814,SHV,Shreveport Regional,"Shreveport, LA",72,United States,US,Louisiana,LA,22.0,30476,"Shreveport, LA",72,32.0,N,26.0,49.0,32.44694444,93.0,W,49.0,32.0,-93.82555556,1/1/1950 12:00:00 AM,6/30/2011 12:00:00 AM,0,0
1481601,14816,SHX,Shageluk Airport,"Shageluk, AK",1,United States,US,Alaska,AK,2.0,34816,"Shageluk, AK",1,62.0,N,41.0,45.0,62.69583333,159.0,W,34.0,0.0,-159.56666667,1/1/1950 12:00:00 AM,6/30/2011 12:00:00 AM,0,0
1481902,14819,SIG,Isla Grande,"San Juan, PR",3,United States,US,Puerto Rico,PR,72.0,34819,"San Juan, PR",3,18.0,N,27.0,32.0,18.45888889,66.0,W,6.0,10.0,-66.10277778,1/1/1990 12:00:00 AM,,0,1
1482201,14822,SIK,Sikeston Memorial Municipal,"Sikeston, MO",64,United States,US,Missouri,MO,29.0,34822,"Sikeston, MO",64,36.0,N,53.0,40.0,36.89444444,89.0,W,33.0,35.0,-89.55972222,1/1/1950 12:00:00 AM,6/30/2011 12:00:00 AM,0,0
1482801,14828,SIT,Sitka Rocky Gutierrez,"Sitka, AK",1,United States,US,Alaska,AK,2.0,34828,"Sitka, AK",1,57.0,N,2.0,55.0,57.04861111,135.0,W,21.0,42.0,-135.36166667,1/1/1950 12:00:00 AM,6/30/2011 12:00:00 AM,0,0
1483001,14830,SIY,Siskiyou County,"Montague, CA",91,United States,US,California,CA,6.0,34830,"Montague, CA",91,41.0,N,46.0,53.0,41.78138889,122.0,W,28.0,5.0,-122.46805556,6/1/1977 12:00:00 AM,,0,1
1483101,14831,SJC,San Jose International,"San Jose, CA",91,United States,US,California,CA,6.0,32457,"San Francisco, CA (Metropolitan Area)",91,37.0,N,21.0,46.0,37.36277778,121.0,W,56.0,26.0,-121.94055556,1/1/1950 12:00:00 AM,10/31/2001 12:00:00 AM,0,0
1483302,14833,SJF,St. John Airport,"St. John, VI",4,United States,US,U.S. Virgin Islands,VI,78.0,34833,"St. John, VI",4,18.0,N,20.0,0.0,18.33333333,64.0,W,45.0,0.0,-64.75,1/1/1990 12:00:00 AM,,0,1
1483701,14837,SJN,St. Johns Industrial Air Park,"St. Johns, AZ",81,United States,US,Arizona,AZ,4.0,34837,"St. Johns, AZ",81,34.0,N,31.0,7.0,34.51861111,109.0,W,22.0,43.0,-109.37861111,12/1/1979 12:00:00 AM,6/30/2011 12:00:00 AM,0,0
1484201,14842,SJT,San Angelo Regional/Mathis Field,"San Angelo, TX",74,United States,US,Texas,TX,48.0,34842,"San Angelo, TX",74,31.0,N,21.0,35.0,31.35972222,100.0,W,29.0,40.0,-100.49444444,1/1/1950 12:00:00 AM,6/30/2011 12:00:00 AM,0,0
1484302,14843,SJU,Luis Munoz Marin International,"San Juan, PR",3,United States,US,Puerto Rico,PR,72.0,34819,"San Juan, PR",3,18.0,N,26.0,29.0,18.44138889,66.0,W,0.0,8.0,-66.00222222,1/1/1990 12:00:00 AM,6/30/2011 12:00:00 AM,0,0
1484801,14848,SKA,Fairchild AFB,"Spokane, WA",93,United States,US,Washington,WA,53.0,31884,"Spokane, WA",93,47.0,N,36.0,54.0,47.615,117.0,W,39.0,25.0,-117.65694444,1/1/1950 12:00:00 AM,6/30/2011 12:00:00 AM,0,0
1485301,14853,SKF,Kelly AFB,"San Antonio, TX",74,United States,US,Texas,TX,48.0,33214,"San Antonio, TX",74,29.0,N,22.0,48.0,29.38,98.0,W,35.0,2.0,-98.58388889,1/1/1950 12:00:00 AM,6/30/2011 12:00:00 AM,0,0
1485501,14855,SKJ,Sitkinak CGS,"Sitkinak, AK",1,United States,US,Alaska,AK,2.0,34855,"Sitkinak, AK",1,56.0,N,31.0,58.0,56.53277778,154.0,W,6.0,50.0,-154.11388889,1/1/1950 12:00:00 AM,,0,1
1485601,14856,SKK,Shaktoolik Airport,"Shaktoolik, AK",1,United States,US,Alaska,AK,2.0,34856,"Shaktoolik, AK",1,64.0,N,19.0,27.0,64.32416667,161.0,W,8.0,20.0,-161.13888889,1/1/1950 12:00:00 AM,6/30/2011 12:00:00 AM,0,0
1486301,14863,SKW,Skwentna Airport,"Skwentna, AK",1,United States,US,Alaska,AK,2.0,34863,"Skwentna, AK",1,61.0,N,57.0,57.0,61.96583333,151.0,W,11.0,19.0,-151.18861111,1/1/1950 12:00:00 AM,6/30/2011 12:00:00 AM,0,0
1486801,14868,SLB,Storm Lake Municipal,"Storm Lake, IA",61,United States,US,Iowa,IA,19.0,34868,"Storm Lake, IA",61,42.0,N,36.0,0.0,42.6,95.0,W,14.0,0.0,-95.23333333,5/1/2002 12:00:00 AM,6/30/2011 12:00:00 AM,0,0
1486901,14869,SLC,Salt Lake City International,"Salt Lake City, UT",87,United States,US,Utah,UT,49.0,34614,"Salt Lake City, UT",87,40.0,N,47.0,3.0,40.78416667,111.0,W,58.0,1.0,-111.96694444,1/1/1950 12:00:00 AM,8/31/1994 12:00:00 AM,0,0
1487101,14871,SLE,McNary Field,"Salem, OR",92,United States,US,Oregon,OR,41.0,34871,"Salem, OR",92,44.0,N,54.0,37.0,44.91027778,123.0,W,0.0,5.0,-123.00138889,1/1/1950 12:00:00 AM,6/30/2011 12:00:00 AM,0,0
1487401,14874,SLJ,Stellar Airpark,"Chandler, AZ",81,United States,US,Arizona,AZ,4.0,30982,"Chandler, AZ",81,33.0,N,17.0,55.0,33.29861111,111.0,W,54.0,54.0,-111.915,3/1/1988 12:00:00 AM,6/30/2011 12:00:00 AM,0,0
1487501,14875,SLK,Adirondack,"Saranac Lake/Lake Placid, NY",22,United States,US,New York,NY,36.0,34875,"Saranac Lake/Lake Placid, NY",22,44.0,N,22.0,58.0,44.38277778,74.0,W,12.0,24.0,-74.20666667,1/1/1950 12:00:00 AM,6/30/2011 12:00:00 AM,0,0
1487701,14877,SLN,Salina Municipal,"Salina, KS",62,United States,US,Kansas,KS,20.0,34877,"Salina, KS",62,38.0,N,47.0,27.0,38.79083333,97.0,W,39.0,9.0,-97.6525,1/1/1950 12:00:00 AM,6/30/2011 12:00:00 AM,0,0
1487801,14878,SLO,Salem/Leckrone,"Salem, IL",41,United States,US,Illinois,IL,17.0,34878,"Salem, IL",41,38.0,N,38.0,42.0,38.645,88.0,W,57.0,48.0,-88.96333333,9/1/1986 12:00:00 AM,6/30/2011 12:00:00 AM,0,0
1488001,14880,SLQ,Sleetmute Airport,"Sleetmute, AK",1,United States,US,Alaska,AK,2.0,34880,"Sleetmute, AK",1,61.0,N,42.0,18.0,61.705,157.0,W,10.0,0.0,-157.16666667,1/1/1950 12:00:00 AM,6/30/2011 12:00:00 AM,0,0
1488101,14881,SLR,Sulphur Springs Municipal,"Sulphur Springs, TX",74,United States,US,Texas,TX,48.0,34881,"Sulphur Springs, TX",74,33.0,N,9.0,30.0,33.15833333,95.0,W,37.0,15.0,-95.62083333,1/1/1950 12:00:00 AM,6/30/2011 12:00:00 AM,0,0
1488301,14883,SLT,Harriet Alexander Field,"Salida, CO",82,United States,US,Colorado,CO,8.0,34883,"Salida, CO",82,38.0,N,32.0,18.0,38.53833333,106.0,W,2.0,50.0,-106.04722222,9/1/1979 12:00:00 AM,6/30/2011 12:00:00 AM,0,0
1489201,14892,SME,Somerset/Pulaski Co/Wilson,"Somerset, KY",52,United States,US,Kentucky,KY,21.0,34892,"Somerset, KY",52,37.0,N,3.0,16.0,37.05444444,84.0,W,36.0,52.0,-84.61444444,12/1/1987 12:00:00 AM,6/30/2011 12:00:00 AM,0,0
1489301,14893,SMF,Sacramento International,"Sacramento, CA",91,United States,US,California,CA,6.0,33192,"Sacramento, CA",91,38.0,N,41.0,44.0,38.69555556,121.0,W,35.0,23.0,-121.58972222,1/1/1950 12:00:00 AM,6/30/2011 12:00:00 AM,0,0
1489501,14895,SMK,St. Michael Airport,"St. Michael, AK",1,United States,US,Alaska,AK,2.0,34895,"St. Michael, AK",1,63.0,N,29.0,3.0,63.48416667,162.0,W,1.0,40.0,-162.02777778,1/1/1950 12:00:00 AM,6/30/2011 12:00:00 AM,0,0
1489701,14897,SMN,Lemhi County,"Salmon, ID",83,United States,US,Idaho,ID,16.0,34897,"Salmon, ID",83,45.0,N,7.0,9.0,45.11916667,113.0,W,53.0,10.0,-113.88611111,1/1/1950 12:00:00 AM,6/30/2011 12:00:00 AM,0,0
1489801,14898,SMO,Santa Monica Municipal,"Santa Monica, CA",91,United States,US,California,CA,6.0,32575,"Los Angeles, CA (Metropolitan Area)",91,34.0,N,0.0,58.0,34.01611111,118.0,W,27.0,3.0,-118.45083333,1/1/1950 12:00:00 AM,6/30/2011 12:00:00 AM,0,0
1489901,14899,NJ3,Somerset,"Somerville, NJ",21,United States,US,New Jersey,NJ,34.0,34899,"Somerville, NJ",21,40.0,N,37.0,34.0,40.62611111,74.0,W,40.0,13.0,-74.67027778,7/1/2009 12:00:00 AM,9/30/2015 12:00:00 AM,0,0
1490301,14903,SMU,Sheep Mountain Airport,"Sheep Mountain, AK",1,United States,US,Alaska,AK,2.0,34903,"Sheep Mountain, AK",1,61.0,N,48.0,44.0,61.81222222,147.0,W,30.0,25.0,-147.50694444,1/1/1990 12:00:00 AM,6/30/2011 12:00:00 AM,0,0
1490501,14905,SMX,Santa Maria Public/Capt. G. Allan Hancock Field,"Santa Maria, CA",91,United States,US,California,CA,6.0,34905,"Santa Maria, CA",91,34.0,N,54.0,18.0,34.905,120.0,W,27.0,28.0,-120.45777778,1/1/1950 12:00:00 AM,6/30/2011 12:00:00 AM,0,0
1490801,14908,SNA,Orange County,"Santa Ana, CA",91,United States,US,California,CA,6.0,32575,"Los Angeles, CA (Metropolitan Area)",91,33.0,N,40.0,32.0,33.67555556,117.0,W,52.0,1.0,-117.86694444,1/1/1950 12:00:00 AM,5/31/1979 12:00:00 AM,0,0
1491501,14915,SNK,Winston Field,"Snyder, TX",74,United States,US,Texas,TX,48.0,34915,"Snyder, TX",74,32.0,N,41.0,36.0,32.69333333,100.0,W,57.0,2.0,-100.95055556,1/1/2010 12:00:00 AM,,0,1
1491601,14916,SNL,Shawnee Regional,"Shawnee, OK",73,United States,US,Oklahoma,OK,40.0,34916,"Shawnee, OK",73,35.0,N,21.0,26.0,35.35722222,96.0,W,56.0,34.0,-96.94277778,1/1/2003 12:00:00 AM,,0,1
1491901,14919,SNP,St. Paul Island,"St. Paul, AK",1,United States,US,Alaska,AK,2.0,34919,"St. Paul Island, AK",1,57.0,N,9.0,45.0,57.1625,170.0,W,14.0,0.0,-170.23333333,1/1/1950 12:00:00 AM,6/30/2011 12:00:00 AM,0,0
1492201,14922,SNS,Salinas Municipal,"Salinas/Monterey, CA",91,United States,US,California,CA,6.0,34922,"Salinas/Monterey, CA",91,36.0,N,39.0,49.0,36.66361111,121.0,W,36.0,27.0,-121.6075,1/1/1950 12:00:00 AM,6/30/2011 12:00:00 AM,0,0
1492701,14927,SNY,Sidney Municipal/Lloyd W. Carr Field,"Sidney, NE",65,United States,US,Nebraska,NE,31.0,34927,"Sidney, NE",65,41.0,N,5.0,58.0,41.09944444,102.0,W,58.0,57.0,-102.9825,1/1/1950 12:00:00 AM,6/30/2011 12:00:00 AM,0,0
1493401,14934,SOL,Lees Camp,"Solomon, AK",1,United States,US,Alaska,AK,2.0,34934,"Solomon, AK",1,64.0,N,37.0,11.0,64.61972222,164.0,W,23.0,15.0,-164.3875,1/1/1950 12:00:00 AM,1/31/2003 12:00:00 AM,0,0
1493801,14938,SOP,Moore County,"Pinehurst/Southern Pines, NC",36,United States,US,North Carolina,NC,37.0,34938,"Pinehurst/Southern Pines, NC",36,35.0,N,14.0,15.0,35.2375,79.0,W,23.0,20.0,-79.38888889,1/1/1950 12:00:00 AM,2/28/2013 12:00:00 AM,0,0
1494201,14942,SOV,Seldovia Airport,"Seldovia, AK",1,United States,US,Alaska,AK,2.0,34942,"Seldovia, AK",1,59.0,N,26.0,5.0,59.43472222,151.0,W,42.0,20.0,-151.70555556,1/1/1950 12:00:00 AM,6/30/2011 12:00:00 AM,0,0
1494301,14943,SOW,Show Low Municipal,"Show Low, AZ",81,United States,US,Arizona,AZ,4.0,34943,"Show Low, AZ",81,34.0,N,15.0,52.0,34.26444444,110.0,W,0.0,15.0,-110.00416667,1/1/1950 12:00:00 AM,5/31/1981 12:00:00 AM,0,0
1494401,14944,SPA,Spartanburg Downtown Memorial,"Spartanburg, SC",37,United States,US,South Carolina,SC,45.0,31871,"Greenville/Spartanburg, SC",37,34.0,N,54.0,59.0,34.91638889,81.0,W,57.0,28.0,-81.95777778,1/1/1950 12:00:00 AM,6/30/2011 12:00:00 AM,0,0
1494502,14945,SPB,Charlotte Amalie Harbor Seaplane Base,"Charlotte Amalie, VI",4,United States,US,U.S. Virgin Islands,VI,78.0,34945,"Charlotte Amalie, VI",4,18.0,N,20.0,19.0,18.33861111,64.0,W,56.0,27.0,-64.94083333,1/1/1990 12:00:00 AM,,0,1
1494901,14949,SPF,Black Hills Clyde Ice Field,"Spearfish, SD",67,United States,US,South Dakota,SD,46.0,34949,"Spearfish, SD",67,44.0,N,28.0,49.0,44.48027778,103.0,W,46.0,54.0,-103.78166667,3/1/1988 12:00:00 AM,6/30/2011 12:00:00 AM,0,0
1495001,14950,SPG,Albert Whitted,"Tampa, FL",33,United States,US,Florida,FL,12.0,33195,"Tampa, FL (Metropolitan Area)",33,27.0,N,46.0,1.0,27.76694444,82.0,W,37.0,31.0,-82.62527778,1/1/1950 12:00:00 AM,6/30/2011 12:00:00 AM,0,0
1495201,14952,SPI,Capital,"Springfield, IL",41,United States,US,Illinois,IL,17.0,34952,"Springfield, IL",41,39.0,N,50.0,39.0,39.84416667,89.0,W,40.0,44.0,-89.67888889,1/1/1950 12:00:00 AM,5/31/2004 12:00:00 AM,0,0
1495502,14955,SPN,Saipan International,"Saipan, TT",5,United States,US,U.S. Pacific Trust Territories and Possessions,TT,75.0,34955,"Saipan, TT",5,15.0,N,7.0,13.0,15.12027778,145.0,E,43.0,49.0,145.73027778,1/1/1990 12:00:00 AM,6/30/2011 12:00:00 AM,0,0
1495801,14958,SPQ,Catalina Air-Sea Terminal Heliport,"San Pedro, CA",91,United States,US,California,CA,6.0,34958,"San Pedro, CA",91,33.0,N,44.0,57.0,33.74916667,118.0,W,16.0,29.0,-118.27472222,7/1/1969 12:00:00 AM,11/30/2016 12:00:00 AM,0,0
1496001,14960,SPS,Sheppard AFB/Wichita Falls Municipal,"Wichita Falls, TX",74,United States,US,Texas,TX,48.0,34960,"Wichita Falls, TX",74,33.0,N,59.0,18.0,33.98833333,98.0,W,29.0,31.0,-98.49194444,1/1/1950 12:00:00 AM,6/30/2011 12:00:00 AM,0,0
1496201,14962,SPW,Spencer Municipal,"Spencer, IA",61,United States,US,Iowa,IA,19.0,34962,"Spencer, IA",61,43.0,N,9.0,50.0,43.16388889,95.0,W,12.0,3.0,-95.20083333,1/1/1950 12:00:00 AM,6/30/2011 12:00:00 AM,0,0
1496401,14964,SPZ,Springdale Municipal,"Springdale, AR",71,United States,US,Arkansas,AR,5.0,34964,"Springdale, AR",71,36.0,N,10.0,30.0,36.175,94.0,W,7.0,9.0,-94.11916667,12/1/1982 12:00:00 AM,6/30/2011 12:00:00 AM,0,0
1496501,14965,ZXQ,Santa Ynez Airport,"Santa Ynez, CA",91,United States,US,California,CA,6.0,34965,"Santa Ynez, CA",91,34.0,N,36.0,25.0,34.60694444,120.0,W,4.0,29.0,-120.07472222,12/1/1985 12:00:00 AM,5/31/1993 12:00:00 AM,0,0
1496502,14965,SQA,Santa Ynez Airport,"Santa Ynez, CA",91,United States,US,California,CA,6.0,34965,"Santa Ynez, CA",91,34.0,N,36.0,25.0,34.60694444,120.0,W,4.0,29.0,-120.07472222,6/1/1993 12:00:00 AM,6/30/2011 12:00:00 AM,0,0
1496601,14966,SQI,Whiteside County-Jos H. Bittorf Field,"Sterling/Rockfalls, IL",41,United States,US,Illinois,IL,17.0,34966,"Sterling/Rock Falls, IL",41,41.0,N,44.0,24.0,41.74,89.0,W,40.0,51.0,-89.68083333,1/1/1950 12:00:00 AM,6/30/2011 12:00:00 AM,0,0
1496701,14967,SQL,San Carlos Airport,"San Carlos, CA",91,United States,US,California,CA,6.0,34967,"San Carlos, CA",91,37.0,N,30.0,40.0,37.51111111,122.0,W,14.0,55.0,-122.24861111,12/1/1987 12:00:00 AM,6/30/2011 12:00:00 AM,0,0
1497201,14972,SQV,Sequim Valley,"Sequim, WA",93,United States,US,Washington,WA,53.0,34972,"Sequim, WA",93,48.0,N,5.0,52.0,48.09777778,123.0,W,11.0,7.0,-123.18527778,9/1/1988 12:00:00 AM,6/30/2011 12:00:00 AM,0,0
1497501,14975,SRC,Searcy Municipal,"Searcy, AR",71,United States,US,Arkansas,AR,5.0,34975,"Searcy, AR",71,35.0,N,13.0,15.0,35.22083333,91.0,W,44.0,15.0,-91.7375,9/1/1977 12:00:00 AM,6/30/2011 12:00:00 AM,0,0
1498601,14986,SRQ,Sarasota/Bradenton Airport,"Sarasota/Bradenton, FL",33,United States,US,Florida,FL,12.0,34986,"Sarasota/Bradenton, FL",33,27.0,N,23.0,38.0,27.39388889,82.0,W,33.0,15.0,-82.55416667,1/1/1950 12:00:00 AM,10/31/1992 12:00:00 AM,0,0
1498701,14987,SRV,Stony River Airport,"Stony River, AK",1,United States,US,Alaska,AK,2.0,34987,"Stony River, AK",1,61.0,N,47.0,28.0,61.79111111,156.0,W,35.0,10.0,-156.58611111,1/1/1950 12:00:00 AM,6/30/2011 12:00:00 AM,0,0
1498801,14988,SRW,Rowan County,"Salisbury, NC",36,United States,US,North Carolina,NC,37.0,34988,"Salisbury, NC",36,35.0,N,38.0,45.0,35.64583333,80.0,W,31.0,13.0,-80.52027778,3/1/2006 12:00:00 AM,7/31/2017 12:00:00 AM,0,0
1499202,14992,SSB,Christiansted Harbor Seaplane Base,"Christiansted, VI",4,United States,US,U.S. Virgin Islands,VI,78.0,34992,"Christiansted, VI",4,17.0,N,44.0,57.0,17.74916667,64.0,W,42.0,19.0,-64.70527778,1/1/1990 12:00:00 AM,,0,1
1499301,14993,SSC,Shaw AFB,"Sumter, SC",37,United States,US,South Carolina,SC,45.0,34993,"Sumter, SC",37,33.0,N,58.0,22.0,33.97277778,80.0,W,28.0,23.0,-80.47305556,12/1/1978 12:00:00 AM,6/30/2011 12:00:00 AM,0,0
1499601,14996,SSI,Malcolm McKinnon,"Brunswick, GA",34,United States,US,Georgia,GA,13.0,30731,"Brunswick, GA",34,31.0,N,9.0,2.0,31.15055556,81.0,W,23.0,22.0,-81.38944444,1/1/1950 12:00:00 AM,8/31/1981 12:00:00 AM,0,0
1499901,14999,SSM,Sault Ste. Marie Metropolitan Area,"Sault Ste. Marie, MI",43,United States,US,Michigan,MI,26.0,31013,"Sault Ste. Marie, MI",43,46.0,N,28.0,50.0,46.48055556,84.0,W,22.0,5.0,-84.36805556,1/1/1950 12:00:00 AM,,0,1
1500301,15003,SSW,Stuart Island Airpark,"Stuart Island, WA",93,United States,US,Washington,WA,53.0,35003,"Stuart Island, WA",93,48.0,N,40.0,30.0,48.675,123.0,W,10.0,25.0,-123.17361111,10/1/1974 12:00:00 AM,6/30/2011 12:00:00 AM,0,0
1500801,15008,STC,St. Cloud Regional,"St. Cloud, MN",63,United States,US,Minnesota,MN,27.0,32556,"St. Cloud, MN",63,45.0,N,32.0,43.0,45.54527778,94.0,W,3.0,30.0,-94.05833333,1/1/1950 12:00:00 AM,6/30/2011 12:00:00 AM,0,0
1501001,15010,STE,Stevens Point Municipal,"Stevens Point, WI",45,United States,US,Wisconsin,WI,55.0,30424,"Wausau/Mosinee/Stevens Point, WI",45,44.0,N,32.0,43.0,44.54527778,89.0,W,31.0,51.0,-89.53083333,1/1/1950 12:00:00 AM,6/30/2011 12:00:00 AM,0,0
1501101,15011,STF,George M. Bryan,"Starkville, MS",53,United States,US,Mississippi,MS,28.0,35011,"Starkville, MS",53,33.0,N,25.0,59.0,33.43305556,88.0,W,50.0,55.0,-88.84861111,7/1/2008 12:00:00 AM,,0,1
1501201,15012,STG,St. George Island Airport,"St. George Island, AK",1,United States,US,Alaska,AK,2.0,35012,"St. George Island, AK",1,56.0,N,36.0,3.0,56.60083333,169.0,W,33.0,51.0,-169.56416667,6/1/1977 12:00:00 AM,,0,1
1501401,15014,STJ,Rosecrans Memorial,"St. Joseph, MO",64,United States,US,Missouri,MO,29.0,35014,"St. Joseph, MO",64,39.0,N,46.0,33.0,39.77583333,94.0,W,54.0,36.0,-94.91,1/1/1950 12:00:00 AM,6/30/2011 12:00:00 AM,0,0
1501501,15015,STK,Crosson Field,"Sterling, CO",82,United States,US,Colorado,CO,8.0,35015,"Sterling, CO",82,40.0,N,36.0,58.0,40.61611111,103.0,W,16.0,2.0,-103.26722222,6/1/1976 12:00:00 AM,6/30/2011 12:00:00 AM,0,0
1501601,15016,STL,Lambert-St. Louis International,"St. Louis, MO",64,United States,US,Missouri,MO,29.0,31123,"St. Louis, MO",64,38.0,N,44.0,50.0,38.74722222,90.0,W,21.0,52.0,-90.36444444,1/1/1950 12:00:00 AM,11/30/2002 12:00:00 AM,0,0
1502001,15020,STP,St. Paul Downtown,"Minneapolis/St. Paul, MN",63,United States,US,Minnesota,MN,27.0,31650,"Minneapolis/St. Paul, MN",63,44.0,N,56.0,4.0,44.93444444,93.0,W,3.0,36.0,-93.06,1/1/1950 12:00:00 AM,6/30/2011 12:00:00 AM,0,0
1502101,15021,STQ,St. Marys Municipal,"St. Marys, PA",23,United States,US,Pennsylvania,PA,42.0,35021,"St. Marys, PA",23,41.0,N,24.0,45.0,41.4125,78.0,W,30.0,9.0,-78.5025,3/1/1992 12:00:00 AM,,0,1
1502301,15023,STS,Charles M. Schulz - Sonoma County,"Santa Rosa, CA",91,United States,US,California,CA,6.0,34433,"Santa Rosa, CA",91,38.0,N,30.0,33.0,38.50916667,122.0,W,48.0,42.0,-122.81166667,1/1/1950 12:00:00 AM,6/30/2011 12:00:00 AM,0,0
1502403,15024,STT,Cyril E King,"Charlotte Amalie, VI",4,United States,US,U.S. Virgin Islands,VI,78.0,34945,"Charlotte Amalie, VI",4,18.0,N,20.0,14.0,18.33722222,64.0,W,58.0,24.0,-64.97333333,1/1/1990 12:00:00 AM,,0,1
1502702,15027,STX,Alexander Hamilton,"Christiansted, VI",4,United States,US,U.S. Virgin Islands,VI,78.0,34992,"Christiansted, VI",4,17.0,N,42.0,14.0,17.70388889,64.0,W,47.0,56.0,-64.79888889,1/1/1990 12:00:00 AM,6/30/1996 12:00:00 AM,0,0
1503001,15030,SUA,Witham Field,"Stuart, FL",33,United States,US,Florida,FL,12.0,35030,"Stuart, FL",33,27.0,N,10.0,50.0,27.18055556,80.0,W,13.0,17.0,-80.22138889,3/1/1979 12:00:00 AM,6/30/2011 12:00:00 AM,0,0
1503301,15033,SUE,Door County Cherryland,"Sturgeon Bay, WI",45,United States,US,Wisconsin,WI,55.0,35033,"Sturgeon Bay, WI",45,44.0,N,50.0,38.0,44.84388889,87.0,W,25.0,17.0,-87.42138889,10/1/1974 12:00:00 AM,6/30/2011 12:00:00 AM,0,0
1504001,15040,SUM,Sumter Airport,"Sumter, SC",37,United States,US,South Carolina,SC,45.0,34993,"Sumter, SC",37,33.0,N,59.0,42.0,33.995,80.0,W,21.0,45.0,-80.3625,1/1/1950 12:00:00 AM,6/30/2011 12:00:00 AM,0,0
1504101,15041,SUN,Friedman Memorial,"Sun Valley/Hailey/Ketchum, ID",83,United States,US,Idaho,ID,16.0,35041,"Sun Valley/Hailey/Ketchum, ID",83,43.0,N,30.0,15.0,43.50416667,114.0,W,18.0,30.0,-114.30833333,1/1/1950 12:00:00 AM,6/30/2011 12:00:00 AM,0,0
1504201,15042,SUO,Sunriver Airport,"Sunriver, OR",92,United States,US,Oregon,OR,41.0,35042,"Sunriver, OR",92,43.0,N,52.0,24.0,43.87333333,121.0,W,27.0,14.0,-121.45388889,3/1/1979 12:00:00 AM,6/30/2011 12:00:00 AM,0,0
1504301,15043,SUS,Spirit of St. Louis,"St. Louis, MO",64,United States,US,Missouri,MO,29.0,31123,"St. Louis, MO",64,38.0,N,39.0,43.0,38.66194444,90.0,W,39.0,0.0,-90.65,12/1/1979 12:00:00 AM,6/30/2011 12:00:00 AM,0,0
1504501,15045,SUU,Travis AFB,"Fairfield, CA",91,United States,US,California,CA,6.0,35045,"Fairfield, CA",91,38.0,N,15.0,45.0,38.2625,121.0,W,55.0,37.0,-121.92694444,1/1/1950 12:00:00 AM,6/30/2011 12:00:00 AM,0,0
1504701,15047,SUW,Richard I Bong,"Superior, WI",45,United States,US,Wisconsin,WI,55.0,35047,"Superior, WI",45,46.0,N,41.0,23.0,46.68972222,92.0,W,5.0,41.0,-92.09472222,1/1/2009 12:00:00 AM,,0,1
1504801,15048,SUX,Sioux City Gateway,"Sioux City, IA",61,United States,US,Iowa,IA,19.0,35048,"Sioux City, IA",61,42.0,N,24.0,7.0,42.40194444,96.0,W,23.0,3.0,-96.38416667,1/1/1950 12:00:00 AM,4/30/2002 12:00:00 AM,0,0
1504901,15049,SVA,Savoonga Airport,"Savoonga, AK",1,United States,US,Alaska,AK,2.0,35049,"Savoonga, AK",1,63.0,N,41.0,36.0,63.69333333,170.0,W,27.0,34.0,-170.45944444,1/1/1950 12:00:00 AM,6/30/2011 12:00:00 AM,0,0
1505101,15051,SVC,Silver City Grant County,"Silver City/Hurley, NM",86,United States,US,New Mexico,NM,35.0,35051,"Silver City/Hurley, NM",86,32.0,N,37.0,55.0,32.63194444,108.0,W,9.0,14.0,-108.15388889,1/1/1950 12:00:00 AM,6/30/2011 12:00:00 AM,0,0
1505401,15054,SVH,Statesville Municipal,"Statesville, NC",36,United States,US,North Carolina,NC,37.0,35054,"Statesville, NC",36,35.0,N,45.0,47.0,35.76305556,80.0,W,57.0,19.0,-80.95527778,12/1/1993 12:00:00 AM,6/30/2011 12:00:00 AM,0,0
1505701,15057,SVN,Hunter AAF,"Savannah, GA",34,United States,US,Georgia,GA,13.0,34685,"Savannah, GA",34,32.0,N,0.0,36.0,32.01,81.0,W,8.0,45.0,-81.14583333,1/1/1950 12:00:00 AM,6/30/2011 12:00:00 AM,0,0
1506101,15061,SVS,Stevens Village Airport,"Stevens Village, AK",1,United States,US,Alaska,AK,2.0,35061,"Stevens Village, AK",1,66.0,N,0.0,34.0,66.00944444,149.0,W,5.0,39.0,-149.09416667,1/1/1950 12:00:00 AM,6/30/2011 12:00:00 AM,0,0
1506301,15063,SVW,Sparrevohn AFS,"Sparrevohn, AK",1,United States,US,Alaska,AK,2.0,35063,"Sparrevohn, AK",1,61.0,N,5.0,51.0,61.0975,155.0,W,34.0,20.0,-155.57222222,1/1/1950 12:00:00 AM,6/30/2011 12:00:00 AM,0,0
1506901,15069,SWD,Seward Airport,"Seward, AK",1,United States,US,Alaska,AK,2.0,35069,"Seward, AK",1,60.0,N,8.0,0.0,60.13333333,149.0,W,25.0,5.0,-149.41805556,1/1/1950 12:00:00 AM,6/30/2011 12:00:00 AM,0,0
1507001,15070,SWF,Stewart International,"Newburgh/Poughkeepsie, NY",22,United States,US,New York,NY,36.0,31703,"New York City, NY (Metropolitan Area)",22,41.0,N,30.0,21.0,41.50583333,74.0,W,5.0,50.0,-74.09722222,1/1/1950 12:00:00 AM,6/30/2011 12:00:00 AM,0,0
1507401,15074,SWO,Searcy Field,"Stillwater, OK",73,United States,US,Oklahoma,OK,40.0,35074,"Stillwater, OK",73,36.0,N,9.0,32.0,36.15888889,97.0,W,5.0,8.0,-97.08555556,1/1/1950 12:00:00 AM,6/30/2011 12:00:00 AM,0,0
1507801,15078,SWW,Avenger Field,"Sweetwater, TX",74,United States,US,Texas,TX,48.0,35078,"Sweetwater, TX",74,32.0,N,28.0,3.0,32.4675,100.0,W,28.0,0.0,-100.46666667,12/1/1989 12:00:00 AM,9/30/2011 12:00:00 AM,0,0
1508501,15085,SXP,Sheldon Point Airport,"Sheldon Point, AK",1,United States,US,Alaska,AK,2.0,35085,"Sheldon Point, AK",1,62.0,N,32.0,0.0,62.53333333,164.0,W,50.0,0.0,-164.83333333,1/1/1950 12:00:00 AM,6/30/2011 12:00:00 AM,0,0
1508601,15086,SXQ,Soldotna Airport,"Soldotna, AK",1,United States,US,Alaska,AK,2.0,35086,"Soldotna, AK",1,60.0,N,28.0,32.0,60.47555556,151.0,W,2.0,11.0,-151.03638889,1/1/1950 12:00:00 AM,6/30/2011 12:00:00 AM,0,0
1508901,15089,SXY,Sidney Municipal,"Sidney, NY",22,United States,US,New York,NY,36.0,35089,"Sidney, NY",22,42.0,N,18.0,34.0,42.30944444,75.0,W,24.0,39.0,-75.41083333,9/1/1978 12:00:00 AM,6/30/2011 12:00:00 AM,0,0
1509001,15090,SYA,Shemya AFB,"Shemya, AK",1,United States,US,Alaska,AK,2.0,35090,"Shemya, AK",1,52.0,N,43.0,3.0,52.7175,174.0,E,5.0,22.0,174.08944444,1/1/1950 12:00:00 AM,6/30/2011 12:00:00 AM,0,0
1509101,15091,SYB,Seal Bay Airport,"Seal Bay, AK",1,United States,US,Alaska,AK,2.0,35091,"Seal Bay, AK",1,58.0,N,23.0,0.0,58.38333333,152.0,W,14.0,0.0,-152.23333333,1/1/1950 12:00:00 AM,,0,1
1509301,15093,SYI,Bomar Field-Shelbyville Municipal,"Shelbyville/Tullahoma, TN",54,United States,US,Tennessee,TN,47.0,35093,"Shelbyville/Tullahoma, TN",54,35.0,N,33.0,39.0,35.56083333,86.0,W,26.0,33.0,-86.4425,1/1/1950 12:00:00 AM,6/30/2011 12:00:00 AM,0,0
1509401,15094,SYN,Carleton,"Stanton, MN",63,United States,US,Minnesota,MN,27.0,35094,"Stanton, MN",63,44.0,N,28.0,32.0,44.47555556,93.0,W,0.0,58.0,-93.01611111,12/1/1990 12:00:00 AM,6/30/2011 12:00:00 AM,0,0
1509601,15096,SYR,Syracuse Hancock International,"Syracuse, NY",22,United States,US,New York,NY,36.0,35096,"Syracuse, NY",22,43.0,N,6.0,38.0,43.11055556,76.0,W,6.0,9.0,-76.1025,1/1/1950 12:00:00 AM,6/30/2011 12:00:00 AM,0,0
1510801,15108,SZL,Whiteman AFB,"Knob Noster, MO",64,United States,US,Missouri,MO,29.0,35108,"Knob Noster, MO",64,38.0,N,43.0,49.0,38.73027778,93.0,W,32.0,52.0,-93.54777778,1/1/1950 12:00:00 AM,,0,1
1511001,15110,SZP,Santa Paula Airport,"Santa Paula, CA",91,United States,US,California,CA,6.0,35110,"Santa Paula, CA",91,34.0,N,20.0,50.0,34.34722222,119.0,W,3.0,37.0,-119.06027778,12/1/1987 12:00:00 AM,6/30/2011 12:00:00 AM,0,0
1511701,15117,TAD,Las Animas County,"Trinidad, CO",82,United States,US,Colorado,CO,8.0,35117,"Trinidad, CO",82,37.0,N,15.0,35.0,37.25972222,104.0,W,20.0,21.0,-104.33916667,1/1/1950 12:00:00 AM,,0,1
1512401,15124,TAL,Ralph M Calhoun Memorial,"Tanana, AK",1,United States,US,Alaska,AK,2.0,35124,"Tanana, AK",1,65.0,N,10.0,30.0,65.175,152.0,W,6.0,29.0,-152.10805556,1/1/1950 12:00:00 AM,6/30/2011 12:00:00 AM,0,0
1513202,15132,TAV,Tau Airport,"Tau, TT",5,United States,US,U.S. Pacific Trust Territories and Possessions,TT,75.0,35132,"Tau, TT",5,14.0,S,13.0,45.0,-14.22916667,169.0,W,30.0,40.0,-169.51111111,1/1/1990 12:00:00 AM,,0,1
1513801,15138,TBN,Forney AAF,"Fort Leonard Wood, MO",64,United States,US,Missouri,MO,29.0,35138,"Fort Leonard Wood, MO",64,37.0,N,44.0,29.0,37.74138889,92.0,W,8.0,26.0,-92.14055556,1/1/1950 12:00:00 AM,6/30/2011 12:00:00 AM,0,0
1514101,15141,TBR,Statesboro Municipal,"Statesboro, GA",34,United States,US,Georgia,GA,13.0,35141,"Statesboro, GA",34,32.0,N,29.0,0.0,32.48333333,81.0,W,44.0,16.0,-81.73777778,1/1/1950 12:00:00 AM,6/30/2011 12:00:00 AM,0,0
1514801,15148,TCC,Tucumcari Municipal,"Tucumcari, NM",86,United States,US,New Mexico,NM,35.0,35148,"Tucumcari, NM",86,35.0,N,10.0,48.0,35.18,103.0,W,36.0,17.0,-103.60472222,1/1/1950 12:00:00 AM,6/30/2011 12:00:00 AM,0,0
1515301,15153,TCL,Tuscaloosa Regional,"Tuscaloosa, AL",51,United States,US,Alabama,AL,1.0,35153,"Tuscaloosa, AL",51,33.0,N,13.0,16.0,33.22111111,87.0,W,36.0,39.0,-87.61083333,1/1/1950 12:00:00 AM,6/30/2011 12:00:00 AM,0,0
1515401,15154,TCM,McChord AFB,"Tacoma, WA",93,United States,US,Washington,WA,53.0,31979,"Tacoma, WA",93,47.0,N,8.0,18.0,47.13833333,122.0,W,28.0,30.0,-122.475,1/1/1950 12:00:00 AM,6/30/2011 12:00:00 AM,0,0
1515901,15159,TCS,Truth Or Consequences Municipal,"Truth Or Consequences, NM",86,United States,US,New Mexico,NM,35.0,35159,"Truth Or Consequences, NM",86,33.0,N,14.0,13.0,33.23694444,107.0,W,16.0,16.0,-107.27111111,1/1/1950 12:00:00 AM,6/30/2011 12:00:00 AM,0,0
1516001,15160,TCT,Takotna Airport,"Takotna, AK",1,United States,US,Alaska,AK,2.0,35160,"Takotna, AK",1,62.0,N,59.0,34.0,62.99277778,156.0,W,3.0,56.0,-156.06555556,1/1/1950 12:00:00 AM,6/30/2011 12:00:00 AM,0,0
1516301,15163,TDF,Person County,"Roxboro, NC",36,United States,US,North Carolina,NC,37.0,35163,"Roxboro, NC",36,36.0,N,17.0,6.0,36.285,78.0,W,59.0,3.0,-78.98416667,3/1/2002 12:00:00 AM,6/30/2011 12:00:00 AM,0,0
1516401,15164,TDW,Tradewind,"Amarillo, TX",74,United States,US,Texas,TX,48.0,30279,"Amarillo, TX",74,35.0,N,10.0,11.0,35.16972222,101.0,W,49.0,33.0,-101.82583333,3/1/2003 12:00:00 AM,6/30/2011 12:00:00 AM,0,0
1516501,15165,TDZ,Metcalf Field,"Toledo, OH",44,United States,US,Ohio,OH,39.0,35165,"Toledo, OH",44,41.0,N,39.0,0.0,41.65,83.0,W,32.0,0.0,-83.53333333,10/1/2004 12:00:00 AM,,0,1
1516701,15167,TEB,Teterboro Airport,"Teterboro, NJ",21,United States,US,New Jersey,NJ,34.0,35167,"Teterboro, NJ",21,40.0,N,50.0,59.0,40.84972222,74.0,W,3.0,44.0,-74.06222222,1/1/1950 12:00:00 AM,6/30/2011 12:00:00 AM,0,0
1517001,15170,TEH,Tetlin Airport,"Tetlin, AK",1,United States,US,Alaska,AK,2.0,35170,"Tetlin, AK",1,63.0,N,8.0,2.0,63.13388889,142.0,W,31.0,10.0,-142.51944444,12/1/1986 12:00:00 AM,6/30/2011 12:00:00 AM,0,0
1517101,15171,TEK,Tatitlek Airport,"Tatitlek, AK",1,United States,US,Alaska,AK,2.0,35171,"Tatitlek, AK",1,60.0,N,51.0,54.0,60.865,146.0,W,40.0,48.0,-146.68,1/1/1950 12:00:00 AM,6/30/2011 12:00:00 AM,0,0
1517701,15177,TEX,Telluride Regional,"Telluride, CO",82,United States,US,Colorado,CO,8.0,35177,"Telluride, CO",82,37.0,N,57.0,14.0,37.95388889,107.0,W,54.0,30.0,-107.90833333,12/1/1985 12:00:00 AM,6/30/2011 12:00:00 AM,0,0
1518501,15185,TGE,Sharpe Field,"Tuskegee, AL",51,United States,US,Alabama,AL,1.0,35185,"Tuskegee, AL",51,32.0,N,29.0,45.0,32.49583333,85.0,W,46.0,45.0,-85.77916667,9/1/1977 12:00:00 AM,6/30/2011 12:00:00 AM,0,0
1519501,15195,THA,Northern,"Tullahoma, TN",54,United States,US,Tennessee,TN,47.0,35195,"Tullahoma, TN",54,35.0,N,22.0,44.0,35.37888889,86.0,W,14.0,44.0,-86.24555556,3/1/1996 12:00:00 AM,6/30/2011 12:00:00 AM,0,0
1520001,15200,THP,Hot Springs County Thermopolis Municipal,"Thermopolis, WY",88,United States,US,Wyoming,WY,56.0,35200,"Thermopolis, WY",88,43.0,N,39.0,30.0,43.65833333,108.0,W,12.0,48.0,-108.21333333,12/1/1992 12:00:00 AM,6/30/2011 12:00:00 AM,0,0
1520301,15203,THV,York Airport,"York, PA",23,United States,US,Pennsylvania,PA,42.0,35203,"York, PA",23,39.0,N,55.0,6.0,39.91833333,76.0,W,52.0,27.0,-76.87416667,1/1/1950 12:00:00 AM,6/30/2011 12:00:00 AM,0,0
1521101,15211,TIK,Tinker AFB,"Oklahoma City, OK",73,United States,US,Oklahoma,OK,40.0,33851,"Oklahoma City, OK",73,35.0,N,25.0,6.0,35.41833333,97.0,W,23.0,20.0,-97.38888889,1/1/1950 12:00:00 AM,6/30/2011 12:00:00 AM,0,0
1521502,15215,TIQ,West Tinian,"Tinian, TT",5,United States,US,U.S. Pacific Trust Territories and Possessions,TT,75.0,35215,"Tinian, TT",5,15.0,N,0.0,7.0,15.00194444,145.0,E,37.0,30.0,145.625,1/1/1990 12:00:00 AM,6/30/2011 12:00:00 AM,0,0
1522001,15220,TIW,Tacoma Narrows,"Tacoma, WA",93,United States,US,Washington,WA,53.0,31979,"Tacoma, WA",93,47.0,N,16.0,5.0,47.26805556,122.0,W,34.0,37.0,-122.57694444,1/1/1950 12:00:00 AM,6/30/2011 12:00:00 AM,0,0
1522101,15221,TIX,Space Center Executive,"Titusville, FL",33,United States,US,Florida,FL,12.0,35221,"Titusville, FL",33,28.0,N,30.0,44.0,28.51222222,80.0,W,47.0,58.0,-80.79944444,1/1/1950 12:00:00 AM,6/30/2011 12:00:00 AM,0,0
1522801,15228,TKA,Talkeetna Airport,"Talkeetna, AK",1,United States,US,Alaska,AK,2.0,35228,"Talkeetna, AK",1,62.0,N,19.0,20.0,62.32222222,150.0,W,5.0,24.0,-150.09,1/1/1950 12:00:00 AM,6/30/2011 12:00:00 AM,0,0
1523101,15231,TKE,Tenakee Airport,"Tenakee, AK",1,United States,US,Alaska,AK,2.0,35231,"Tenakee, AK",1,57.0,N,43.0,0.0,57.71666667,135.0,W,12.0,0.0,-135.2,1/1/1950 12:00:00 AM,,0,1
1523201,15232,TKF,Truckee Tahoe,"Truckee, CA",91,United States,US,California,CA,6.0,35232,"Truckee, CA",91,39.0,N,19.0,12.0,39.32,120.0,W,8.0,22.0,-120.13944444,12/1/1977 12:00:00 AM,6/30/2025 12:00:00 AM,0,0
1523501,15235,TKI,Tokeen Airport,"Tokeen, AK",1,United States,US,Alaska,AK,2.0,35235,"Tokeen, AK",1,55.0,N,56.0,15.0,55.9375,133.0,W,19.0,30.0,-133.325,12/1/1986 12:00:00 AM,,0,1
1523601,15236,TKJ,Tok Airport,"Tok, AK",1,United States,US,Alaska,AK,2.0,35236,"Tok, AK",1,63.0,N,18.0,0.0,63.3,143.0,W,0.0,0.0,-143.0,1/1/1950 12:00:00 AM,8/31/2000 12:00:00 AM,0,0
1523801,15238,TKL,Taku Seaplane Base,"Taku Lodge, AK",1,United States,US,Alaska,AK,2.0,35238,"Taku Lodge, AK",1,58.0,N,29.0,24.0,58.49,133.0,W,56.0,30.0,-133.94166667,12/1/1987 12:00:00 AM,,0,1
1524501,15245,TLA,Teller Airport,"Teller, AK",1,United States,US,Alaska,AK,2.0,35245,"Teller, AK",1,65.0,N,16.0,18.0,65.27166667,166.0,W,21.0,18.0,-166.355,1/1/1950 12:00:00 AM,6/30/2011 12:00:00 AM,0,0
1524801,15248,TLF,Telida Airport,"Telida, AK",1,United States,US,Alaska,AK,2.0,35248,"Telida, AK",1,63.0,N,22.0,28.0,63.37444444,153.0,W,16.0,30.0,-153.275,3/1/1993 12:00:00 AM,6/30/2011 12:00:00 AM,0,0
1524901,15249,TLH,Tallahassee Regional,"Tallahassee, FL",33,United States,US,Florida,FL,12.0,35249,"Tallahassee, FL",33,30.0,N,23.0,59.0,30.39972222,84.0,W,21.0,7.0,-84.35194444,1/1/1950 12:00:00 AM,6/30/2011 12:00:00 AM,0,0
1525001,15250,TLJ,Tatalina AFS,"Tatalina, AK",1,United States,US,Alaska,AK,2.0,35250,"Tatalina, AK",1,62.0,N,53.0,42.0,62.895,155.0,W,58.0,27.0,-155.97416667,1/1/1950 12:00:00 AM,6/30/2011 12:00:00 AM,0,0
1525501,15255,TLR,Mefford Field,"Tulare, CA",91,United States,US,California,CA,6.0,35255,"Tulare, CA",91,36.0,N,9.0,23.0,36.15638889,119.0,W,19.0,34.0,-119.32611111,12/1/1995 12:00:00 AM,6/30/2011 12:00:00 AM,0,0
1525701,15257,TLT,Tuluksak Airport,"Tuluksak, AK",1,United States,US,Alaska,AK,2.0,35257,"Tuluksak, AK",1,61.0,N,5.0,56.0,61.09888889,160.0,W,57.0,53.0,-160.96472222,1/1/1950 12:00:00 AM,6/30/2011 12:00:00 AM,0,0
1525901,15259,TMA,Henry Tift Myers,"Tifton, GA",34,United States,US,Georgia,GA,13.0,35259,"Tifton, GA",34,31.0,N,26.0,0.0,31.43333333,83.0,W,29.0,0.0,-83.48333333,1/1/1950 12:00:00 AM,6/30/2011 12:00:00 AM,0,0
1526001,15260,TMB,Tamiami,"Miami, FL",33,United States,US,Florida,FL,12.0,32467,"Miami, FL (Metropolitan Area)",33,25.0,N,38.0,45.0,25.64583333,80.0,W,25.0,55.0,-80.43194444,3/1/1985 12:00:00 AM,6/30/2011 12:00:00 AM,0,0
1527001,15270,TN1,Lebanon Municipal,"Lebanon, TN",54,United States,US,Tennessee,TN,47.0,35270,"Lebanon, TN",54,36.0,N,11.0,26.0,36.19055556,86.0,W,18.0,57.0,-86.31583333,5/1/2003 12:00:00 AM,6/30/2011 12:00:00 AM,0,0
1527101,15271,TN2,Upper Cumberland Regional,"Sparta, TN",54,United States,US,Tennessee,TN,47.0,35271,"Sparta, TN",54,36.0,N,3.0,21.0,36.05583333,85.0,W,31.0,51.0,-85.53083333,2/1/2004 12:00:00 AM,7/31/2013 12:00:00 AM,0,0
1527201,15272,TN3,Ellington,"Lewisburg, TN",54,United States,US,Tennessee,TN,47.0,35272,"Lewisburg, TN",54,35.0,N,30.0,25.0,35.50694444,86.0,W,48.0,13.0,-86.80361111,4/1/2004 12:00:00 AM,6/30/2011 12:00:00 AM,0,0
1527301,15273,TN4,Abernathy Field,"Pulaski, TN",54,United States,US,Tennessee,TN,47.0,35273,"Pulaski, TN",54,35.0,N,9.0,13.0,35.15361111,87.0,W,3.0,24.0,-87.05666667,4/1/2004 12:00:00 AM,6/30/2011 12:00:00 AM,0,0
1527501,15275,TN6,Dyersburg Regional,"Dyersburg, TN",54,United States,US,Tennessee,TN,47.0,35275,"Dyersburg, TN",54,35.0,N,59.0,55.0,35.99861111,89.0,W,24.0,22.0,-89.40611111,11/1/2005 12:00:00 AM,6/30/2011 12:00:00 AM,0,0
1527601,15276,TN7,Winchester Municipal,"Winchester, TN",54,United States,US,Tennessee,TN,47.0,35276,"Winchester, TN",54,35.0,N,10.0,39.0,35.1775,86.0,W,5.0,58.0,-86.09944444,7/1/2008 12:00:00 AM,6/30/2011 12:00:00 AM,0,0
1527801,15278,TNC,Tin City AFS,"Tin City, AK",1,United States,US,Alaska,AK,2.0,35278,"Tin City, AK",1,65.0,N,33.0,50.0,65.56388889,167.0,W,55.0,8.0,-167.91888889,1/1/1950 12:00:00 AM,6/30/2011 12:00:00 AM,0,0
1528201,15282,TNK,Tununak Airport,"Tununak, AK",1,United States,US,Alaska,AK,2.0,35282,"Tununak, AK",1,60.0,N,34.0,15.0,60.57083333,165.0,W,16.0,0.0,-165.26666667,1/1/1950 12:00:00 AM,6/30/2011 12:00:00 AM,0,0
1528401,15284,TNP,Twentynine Palms Airport,"Twentynine Palms, CA",91,United States,US,California,CA,6.0,35284,"Twentynine Palms, CA",91,34.0,N,7.0,56.0,34.13222222,115.0,W,56.0,45.0,-115.94583333,3/1/1988 12:00:00 AM,6/30/2011 12:00:00 AM,0,0
1528601,15286,TNT,Dade-Collier,"Miami, FL",33,United States,US,Florida,FL,12.0,32467,"Miami, FL (Metropolitan Area)",33,25.0,N,51.0,46.0,25.86277778,80.0,W,53.0,50.0,-80.89722222,6/1/1977 12:00:00 AM,6/30/2011 12:00:00 AM,0,0
1528701,15287,TNU,Newton Municipal,"Newton, IA",61,United States,US,Iowa,IA,19.0,35287,"Newton, IA",61,41.0,N,40.0,28.0,41.67444444,93.0,W,1.0,18.0,-93.02166667,1/1/1990 12:00:00 AM,11/30/2015 12:00:00 AM,0,0
1528901,15289,TOA,Torrance Municipal - Zamperini Field,"Torrance, CA",91,United States,US,California,CA,6.0,35289,"Torrance, CA",91,33.0,N,48.0,12.0,33.80333333,118.0,W,20.0,19.0,-118.33861111,1/1/1950 12:00:00 AM,6/30/2011 12:00:00 AM,0,0
1529301,15293,TOG,Togiak Airport,"Togiak, AK",1,United States,US,Alaska,AK,2.0,35293,"Togiak, AK",1,59.0,N,3.0,24.0,59.05666667,160.0,W,22.0,56.0,-160.38222222,1/1/1950 12:00:00 AM,6/30/2011 12:00:00 AM,0,0
1529501,15295,TOL,Toledo Express,"Toledo, OH",44,United States,US,Ohio,OH,39.0,35165,"Toledo, OH",44,41.0,N,35.0,27.0,41.59083333,83.0,W,48.0,3.0,-83.80083333,1/1/1950 12:00:00 AM,6/30/2011 12:00:00 AM,0,0
1529701,15297,TOP,Philip Billard Municipal,"Topeka, KS",62,United States,US,Kansas,KS,20.0,31726,"Topeka, KS",62,39.0,N,4.0,11.0,39.06972222,95.0,W,37.0,21.0,-95.6225,1/1/1950 12:00:00 AM,6/30/2011 12:00:00 AM,0,0
1529901,15299,TOR,Torrington Municipal,"Torrington, WY",88,United States,US,Wyoming,WY,56.0,35299,"Torrington, WY",88,42.0,N,3.0,52.0,42.06444444,104.0,W,9.0,10.0,-104.15277778,6/1/1999 12:00:00 AM,,0,1
1530401,15304,TPA,Tampa International,"Tampa, FL",33,United States,US,Florida,FL,12.0,33195,"Tampa, FL (Metropolitan Area)",33,27.0,N,58.0,23.0,27.97305556,82.0,W,32.0,7.0,-82.53527778,1/1/1950 12:00:00 AM,6/30/2011 12:00:00 AM,0,0
1530701,15307,TPF,Peter O'Knight,"Tampa, FL",33,United States,US,Florida,FL,12.0,33195,"Tampa, FL (Metropolitan Area)",33,27.0,N,55.0,5.0,27.91805556,82.0,W,26.0,53.0,-82.44805556,1/1/1950 12:00:00 AM,6/30/2011 12:00:00 AM,0,0
1530801,15308,TPH,Tonopah Airport,"Tonopah, NV",85,United States,US,Nevada,NV,32.0,35308,"Tonopah, NV",85,38.0,N,3.0,37.0,38.06027778,117.0,W,5.0,13.0,-117.08694444,1/1/1950 12:00:00 AM,9/30/2022 12:00:00 AM,0,0
1531001,15310,TPL,Draughon-Miller Central Texas Regional,"Temple, TX",74,United States,US,Texas,TX,48.0,35310,"Temple, TX",74,31.0,N,9.0,1.0,31.15027778,97.0,W,24.0,33.0,-97.40916667,1/1/1950 12:00:00 AM,6/30/2011 12:00:00 AM,0,0
1532201,15322,TRH,Trona Airport,"Trona, CA",91,United States,US,California,CA,6.0,35322,"Trona, CA",91,35.0,N,48.0,46.0,35.81277778,117.0,W,19.0,33.0,-117.32583333,12/1/1976 12:00:00 AM,6/30/2011 12:00:00 AM,0,0
1532301,15323,TRI,Tri-Cities Regional TN/VA,"Bristol/Johnson City/Kingsport, TN",54,United States,US,Tennessee,TN,47.0,35323,"Bristol/Johnson City/Kingsport, TN",54,36.0,N,28.0,34.0,36.47611111,82.0,W,24.0,23.0,-82.40638889,1/1/1950 12:00:00 AM,6/30/2011 12:00:00 AM,0,0
1532501,15325,TRM,Jacqueline Cochran Regional,"Thermal, CA",91,United States,US,California,CA,6.0,34262,"Palm Springs, CA",91,33.0,N,37.0,35.0,33.62638889,116.0,W,9.0,39.0,-116.16083333,1/1/1950 12:00:00 AM,6/30/2011 12:00:00 AM,0,0
1533901,15339,TSG,Tanacross Airport,"Tanacross, AK",1,United States,US,Alaska,AK,2.0,35339,"Tanacross, AK",1,63.0,N,22.0,29.0,63.37472222,143.0,W,20.0,9.0,-143.33583333,3/1/1978 12:00:00 AM,6/30/2011 12:00:00 AM,0,0
1534201,15342,TSM,Taos Regional,"Taos, NM",86,United States,US,New Mexico,NM,35.0,35342,"Taos, NM",86,36.0,N,27.0,33.0,36.45916667,105.0,W,40.0,31.0,-105.67527778,10/1/1973 12:00:00 AM,6/30/2011 12:00:00 AM,0,0
1534401,15344,TSP,Tehachapi Kern County Nr 4,"Tehachapi, CA",91,United States,US,California,CA,6.0,35344,"Tehachapi, CA",91,35.0,N,8.0,15.0,35.1375,118.0,W,26.0,30.0,-118.44166667,1/1/1950 12:00:00 AM,6/30/2011 12:00:00 AM,0,0
1534601,15346,TSS,East 34th Street Heliport,"New York, NY",22,United States,US,New York,NY,36.0,31703,"New York City, NY (Metropolitan Area)",22,40.0,N,44.0,33.0,40.7425,73.0,W,58.0,17.0,-73.97138889,6/1/1981 12:00:00 AM,6/30/2011 12:00:00 AM,0,0
1535101,15351,TTD,Portland Troutdale,"Troutdale, OR",92,United States,US,Oregon,OR,41.0,35351,"Troutdale, OR",92,45.0,N,32.0,58.0,45.54944444,122.0,W,24.0,0.0,-122.4,3/1/1986 12:00:00 AM,6/30/2011 12:00:00 AM,0,0
1535601,15356,TTN,Mercer County,"Trenton, NJ",21,United States,US,New Jersey,NJ,34.0,35356,"Trenton, NJ",21,40.0,N,16.0,41.0,40.27805556,74.0,W,48.0,45.0,-74.8125,1/1/1950 12:00:00 AM,6/30/2011 12:00:00 AM,0,0
1536701,15367,TUH,Arnold AFB,"Tullahoma, TN",54,United States,US,Tennessee,TN,47.0,35195,"Tullahoma, TN",54,35.0,N,23.0,33.0,35.3925,86.0,W,5.0,9.0,-86.08583333,1/1/1950 12:00:00 AM,,0,1
1537001,15370,TUL,Tulsa International,"Tulsa, OK",73,United States,US,Oklahoma,OK,40.0,34653,"Tulsa, OK",73,36.0,N,11.0,52.0,36.19777778,95.0,W,53.0,23.0,-95.88972222,1/1/1950 12:00:00 AM,6/30/2011 12:00:00 AM,0,0
1537401,15374,TUP,Tupelo Regional,"Tupelo, MS",53,United States,US,Mississippi,MS,28.0,35374,"Tupelo, MS",53,34.0,N,15.0,32.0,34.25888889,88.0,W,46.0,2.0,-88.76722222,1/1/1950 12:00:00 AM,6/30/2011 12:00:00 AM,0,0
1537601,15376,TUS,Tucson International,"Tucson, AZ",81,United States,US,Arizona,AZ,4.0,30436,"Tucson, AZ",81,32.0,N,6.0,58.0,32.11611111,110.0,W,56.0,26.0,-110.94055556,1/1/1950 12:00:00 AM,6/30/2011 12:00:00 AM,0,0
1538001,15380,TVC,Cherry Capital,"Traverse City, MI",43,United States,US,Michigan,MI,26.0,35380,"Traverse City, MI",43,44.0,N,44.0,24.0,44.74,85.0,W,35.0,9.0,-85.58583333,1/1/1950 12:00:00 AM,6/30/2011 12:00:00 AM,0,0
1538101,15381,TVF,Thief River Falls Regional,"Thief River Falls, MN",63,United States,US,Minnesota,MN,27.0,35381,"Thief River Falls, MN",63,48.0,N,3.0,58.0,48.06611111,96.0,W,11.0,6.0,-96.185,1/1/1950 12:00:00 AM,6/30/2011 12:00:00 AM,0,0
1538201,15382,TVI,Thomasville Regional,"Thomasville, GA",34,United States,US,Georgia,GA,13.0,33280,"Moultrie/Thomasville, GA",34,30.0,N,54.0,5.0,30.90138889,83.0,W,52.0,53.0,-83.88138889,9/1/1974 12:00:00 AM,6/30/2011 12:00:00 AM,0,0
1538301,15383,TVL,Lake Tahoe Airport,"Lake Tahoe, CA",91,United States,US,California,CA,6.0,35383,"Lake Tahoe, CA",91,38.0,N,53.0,39.0,38.89416667,119.0,W,59.0,40.0,-119.99444444,1/1/1950 12:00:00 AM,6/30/2011 12:00:00 AM,0,0
1538501,15385,TWA,Twin Hills Airport,"Twin Hills, AK",1,United States,US,Alaska,AK,2.0,35385,"Twin Hills, AK",1,59.0,N,4.0,35.0,59.07638889,160.0,W,16.0,15.0,-160.27083333,1/1/1950 12:00:00 AM,6/30/2011 12:00:00 AM,0,0
1538701,15387,TWD,Jefferson County International,"Port Townsend, WA",93,United States,US,Washington,WA,53.0,35387,"Port Townsend, WA",93,48.0,N,3.0,0.0,48.05,122.0,W,48.0,0.0,-122.8,6/1/1985 12:00:00 AM,6/30/2011 12:00:00 AM,0,0
1538801,15388,TWE,Taylor Airport,"Taylor, AK",1,United States,US,Alaska,AK,2.0,35388,"Taylor, AK",1,65.0,N,40.0,45.0,65.67916667,164.0,W,47.0,56.0,-164.79888889,9/1/1981 12:00:00 AM,,0,1
1538901,15389,TWF,Joslin Field - Magic Valley Regional,"Twin Falls, ID",83,United States,US,Idaho,ID,16.0,35389,"Twin Falls, ID",83,42.0,N,28.0,55.0,42.48194444,114.0,W,29.0,12.0,-114.48666667,1/1/1950 12:00:00 AM,6/30/2011 12:00:00 AM,0,0
1539001,15390,TWH,Two Harbors Airport,"Two Harbors, CA",91,United States,US,California,CA,6.0,30437,"Catalina Island, CA",91,33.0,N,25.0,30.0,33.425,118.0,W,30.0,30.0,-118.50833333,1/1/1950 12:00:00 AM,,0,1
1539301,15393,TX1,Mesquite Metro,"Mesquite, TX",74,United States,US,Texas,TX,48.0,35393,"Mesquite, TX",74,32.0,N,44.0,49.0,32.74694444,96.0,W,31.0,50.0,-96.53055556,7/1/2003 12:00:00 AM,,0,1
1539401,15394,TX2,Denver City Airport,"Denver City, TX",74,United States,US,Texas,TX,48.0,35394,"Denver City, TX",74,32.0,N,58.0,30.0,32.975,102.0,W,50.0,32.0,-102.84222222,2/1/2004 12:00:00 AM,3/31/2015 12:00:00 AM,0,0
1539501,15395,TX3,Port Isabel - Cameron County,"Port Isabel, TX",74,United States,US,Texas,TX,48.0,35395,"Port Isabel, TX",74,26.0,N,9.0,58.0,26.16611111,97.0,W,20.0,45.0,-97.34583333,1/1/2005 12:00:00 AM,6/30/2025 12:00:00 AM,0,0
1539601,15396,TX4,Bruce Field,"Ballinger, TX",74,United States,US,Texas,TX,48.0,35396,"Ballinger, TX",74,31.0,N,40.0,28.0,31.67444444,99.0,W,58.0,37.0,-99.97694444,10/1/2005 12:00:00 AM,,0,1
1539701,15397,TX5,Cleburne Municipal,"Cleburne, TX",74,United States,US,Texas,TX,48.0,35397,"Cleburne, TX",74,32.0,N,21.0,14.0,32.35388889,97.0,W,26.0,2.0,-97.43388889,1/1/2007 12:00:00 AM,6/30/2011 12:00:00 AM,0,0
1539801,15398,TX6,Horseshoe Bay Resort,"Horseshoe Bay, TX",74,United States,US,Texas,TX,48.0,30423,"Austin, TX",74,30.0,N,31.0,37.0,30.52694444,98.0,W,21.0,32.0,-98.35888889,1/1/2009 12:00:00 AM,,0,1
1539901,15399,TX7,Post Garza County Municipal,"Post, TX",74,United States,US,Texas,TX,48.0,35399,"Post, TX",74,33.0,N,12.0,13.0,33.20361111,101.0,W,20.0,25.0,-101.34027778,9/1/2009 12:00:00 AM,9/30/2011 12:00:00 AM,0,0
1540101,15401,TXK,Texarkana Muni/Webb Field,"Texarkana, AR",71,United States,US,Arkansas,AR,5.0,35401,"Texarkana, AR",71,33.0,N,27.0,23.0,33.45638889,93.0,W,59.0,21.0,-93.98916667,1/1/1950 12:00:00 AM,6/30/1986 12:00:00 AM,0,0
1540601,15406,TYE,Tyonek Airport,"Tyonek, AK",1,United States,US,Alaska,AK,2.0,35406,"Tyonek, AK",1,61.0,N,4.0,30.0,61.075,151.0,W,7.0,55.0,-151.13194444,1/1/1950 12:00:00 AM,6/30/2011 12:00:00 AM,0,0
1541101,15411,TYR,Tyler Pounds Regional,"Tyler, TX",74,United States,US,Texas,TX,48.0,35411,"Tyler, TX",74,32.0,N,21.0,17.0,32.35472222,95.0,W,23.0,56.0,-95.39888889,1/1/1950 12:00:00 AM,6/30/2011 12:00:00 AM,0,0
1541201,15412,TYS,McGhee Tyson,"Knoxville, TN",54,United States,US,Tennessee,TN,47.0,35412,"Knoxville, TN",54,35.0,N,48.0,44.0,35.81222222,83.0,W,59.0,33.0,-83.9925,1/1/1950 12:00:00 AM,6/30/2011 12:00:00 AM,0,0
1541301,15413,TYZ,Taylor Airport,"Taylor, AZ",81,United States,US,Arizona,AZ,4.0,35413,"Taylor, AZ",81,34.0,N,27.0,19.0,34.45527778,110.0,W,6.0,36.0,-110.11,12/1/1979 12:00:00 AM,6/30/2011 12:00:00 AM,0,0
1542202,15422,UAM,Andersen AFB,"Guam, TT",5,United States,US,U.S. Pacific Trust Territories and Possessions,TT,75.0,32016,"Guam, TT",5,13.0,N,34.0,57.0,13.5825,144.0,E,55.0,39.0,144.9275,1/1/1990 12:00:00 AM,6/30/2011 12:00:00 AM,0,0
1542701,15427,UBF,Chatham Municipal,"Chatham, MA",13,United States,US,Massachusetts,MA,25.0,35427,"Chatham, MA",13,41.0,N,41.0,17.0,41.68805556,69.0,W,59.0,24.0,-69.99,1/1/1950 12:00:00 AM,6/30/2011 12:00:00 AM,0,0
1543001,15430,UBS,Lowndes County,"Columbus, MS",53,United States,US,Mississippi,MS,28.0,30894,"Columbus, MS",53,33.0,N,27.0,55.0,33.46527778,88.0,W,22.0,50.0,-88.38055556,1/1/1950 12:00:00 AM,6/30/2011 12:00:00 AM,0,0
1543301,15433,UCY,Everett-Stewart Regional,"Union City, TN",54,United States,US,Tennessee,TN,47.0,35433,"Union City, TN",54,36.0,N,22.0,49.0,36.38027778,88.0,W,59.0,8.0,-88.98555556,1/1/1950 12:00:00 AM,6/30/2011 12:00:00 AM,0,0
1543401,15434,UDD,Bermuda Dunes Airport,"Bermuda Dunes, CA",91,United States,US,California,CA,6.0,34262,"Palm Springs, CA",91,33.0,N,44.0,54.0,33.74833333,116.0,W,16.0,27.0,-116.27416667,6/1/1988 12:00:00 AM,6/30/2011 12:00:00 AM,0,0
1543501,15435,UDG,Darlington County Jetport,"Darlington, SC",37,United States,US,South Carolina,SC,45.0,35435,"Darlington, SC",37,34.0,N,26.0,57.0,34.44916667,79.0,W,53.0,25.0,-79.89027778,1/1/2002 12:00:00 AM,6/30/2011 12:00:00 AM,0,0
1544001,15440,UES,Waukesha County,"Waukesha, WI",45,United States,US,Wisconsin,WI,55.0,35440,"Waukesha, WI",45,43.0,N,2.0,18.0,43.03833333,88.0,W,13.0,48.0,-88.23,1/1/1950 12:00:00 AM,6/30/2011 12:00:00 AM,0,0
1544401,15444,UGB,Ugashik Bay,"Pilot Point, AK",1,United States,US,Alaska,AK,2.0,34119,"Pilot Point, AK",1,57.0,N,25.0,53.0,57.43138889,157.0,W,45.0,0.0,-157.75,12/1/1986 12:00:00 AM,6/30/2011 12:00:00 AM,0,0
1544601,15446,UGI,Uganik Airport,"Uganik, AK",1,United States,US,Alaska,AK,2.0,35446,"Uganik, AK",1,57.0,N,45.0,0.0,57.75,153.0,W,19.0,0.0,-153.31666667,1/1/1982 12:00:00 AM,,0,1
1544701,15447,UGN,Waukegan Regional,"Waukegan, IL",41,United States,US,Illinois,IL,17.0,35447,"Waukegan, IL",41,42.0,N,25.0,17.0,42.42138889,87.0,W,52.0,1.0,-87.86694444,3/1/1976 12:00:00 AM,6/30/2011 12:00:00 AM,0,0
1544801,15448,UGS,Ugashik New,"Ugashik, AK",1,United States,US,Alaska,AK,2.0,34464,"Ugashik, AK",1,57.0,N,31.0,40.0,57.52777778,157.0,W,25.0,58.0,-157.43277778,9/1/2001 12:00:00 AM,6/30/2011 12:00:00 AM,0,0
1545401,15454,UIN,Quincy Regional-Baldwin Field,"Quincy, IL",41,United States,US,Illinois,IL,17.0,35454,"Quincy, IL",41,39.0,N,56.0,39.0,39.94416667,91.0,W,11.0,50.0,-91.19722222,1/1/1950 12:00:00 AM,6/30/2011 12:00:00 AM,0,0
1545801,15458,UKI,Ukiah Municipal,"Ukiah, CA",91,United States,US,California,CA,6.0,35458,"Ukiah, CA",91,39.0,N,7.0,36.0,39.12666667,123.0,W,12.0,0.0,-123.2,1/1/1950 12:00:00 AM,6/30/2011 12:00:00 AM,0,0
1546201,15462,ULM,New Ulm Municipal,"New Ulm, MN",63,United States,US,Minnesota,MN,27.0,35462,"New Ulm, MN",63,44.0,N,19.0,17.0,44.32138889,94.0,W,30.0,2.0,-94.50055556,1/1/1950 12:00:00 AM,6/30/2011 12:00:00 AM,0,0
1546501,15465,ULS,Ulysses Airport,"Ulysses, KS",62,United States,US,Kansas,KS,20.0,36424,"Ulysses, KS",62,37.0,N,36.0,14.0,37.60388889,101.0,W,22.0,24.0,-101.37333333,3/1/2007 12:00:00 AM,6/30/2011 12:00:00 AM,0,0
1546701,15467,UMB,North Shore,"Umnak, AK",1,United States,US,Alaska,AK,2.0,35467,"Umnak, AK",1,53.0,N,22.0,36.0,53.37666667,167.0,W,53.0,15.0,-167.8875,1/1/1950 12:00:00 AM,,0,1
1547001,15470,UMM,Summit Airport,"Summit, AK",1,United States,US,Alaska,AK,2.0,35470,"Summit, AK",1,63.0,N,19.0,54.0,63.33166667,149.0,W,7.0,30.0,-149.125,1/1/1950 12:00:00 AM,6/30/2011 12:00:00 AM,0,0
1547201,15472,UMT,Umiat Airport,"Umiat, AK",1,United States,US,Alaska,AK,2.0,35472,"Umiat, AK",1,69.0,N,22.0,21.0,69.3725,152.0,W,8.0,0.0,-152.13333333,1/1/1950 12:00:00 AM,6/30/2011 12:00:00 AM,0,0
1547801,15478,UNK,Unalakleet Airport,"Unalakleet, AK",1,United States,US,Alaska,AK,2.0,35478,"Unalakleet, AK",1,63.0,N,53.0,5.0,63.88472222,160.0,W,47.0,38.0,-160.79388889,1/1/1950 12:00:00 AM,6/30/2011 12:00:00 AM,0,0
1547901,15479,UNS,Umnak Airport,"Umnak, AK",1,United States,US,Alaska,AK,2.0,35467,"Umnak, AK",1,53.0,N,13.0,26.0,53.22388889,168.0,W,25.0,56.0,-168.43222222,1/1/1950 12:00:00 AM,,0,1
1548101,15481,UOX,University-Oxford,"Oxford, MS",53,United States,US,Mississippi,MS,28.0,35481,"Oxford, MS",53,34.0,N,23.0,4.0,34.38444444,89.0,W,32.0,6.0,-89.535,1/1/1950 12:00:00 AM,6/30/2011 12:00:00 AM,0,0
1548401,15484,UPP,Upolu,"Upolo Point, HI",2,United States,US,Hawaii,HI,15.0,35484,"Upolo Point, HI",2,20.0,N,16.0,5.0,20.26805556,155.0,W,51.0,45.0,-155.8625,1/1/1950 12:00:00 AM,6/30/2011 12:00:00 AM,0,0
1548501,15485,UQE,The Queens,"Queens, AK",1,United States,US,Alaska,AK,2.0,35485,"Queens, AK",1,58.0,N,52.0,18.0,58.87166667,158.0,W,28.0,16.0,-158.47111111,3/1/1990 12:00:00 AM,6/30/2011 12:00:00 AM,0,0
1549401,15494,USI,Usi Belli Coal Mine,"Usibelli, AK",1,United States,US,Alaska,AK,2.0,35494,"Usibelli, AK",1,63.0,N,52.0,0.0,63.86666667,148.0,W,47.0,0.0,-148.78333333,1/1/1950 12:00:00 AM,,0,1
1549701,15497,UST,St. Augustine Airport,"St. Augustine, FL",33,United States,US,Florida,FL,12.0,35497,"St. Augustine, FL",33,29.0,N,57.0,31.0,29.95861111,81.0,W,20.0,20.0,-81.33888889,9/1/1983 12:00:00 AM,6/30/2011 12:00:00 AM,0,0
1549801,15498,UT1,Heber City Municipal - Russ McDonald Field,"Heber, UT",87,United States,US,Utah,UT,49.0,35498,"Heber, UT",87,40.0,N,28.0,55.0,40.48194444,111.0,W,25.0,44.0,-111.42888889,7/1/2009 12:00:00 AM,8/31/2019 12:00:00 AM,0,0
1550201,15502,UTM,Tunica Municipal,"Tunica, MS",53,United States,US,Mississippi,MS,28.0,35502,"Tunica, MS",53,34.0,N,40.0,51.0,34.68083333,90.0,W,20.0,47.0,-90.34638889,1/1/2006 12:00:00 AM,6/30/2011 12:00:00 AM,0,0
1550401,15504,UTO,Indian Mountain AFS,"Utopia, AK",1,United States,US,Alaska,AK,2.0,35504,"Utopia, AK",1,65.0,N,59.0,36.0,65.99333333,153.0,W,42.0,6.0,-153.70166667,1/1/1950 12:00:00 AM,6/30/2011 12:00:00 AM,0,0
1550801,15508,UUK,North Kuparuk,"Kuparuk, AK",1,United States,US,Alaska,AK,2.0,35508,"Kuparuk, AK",1,70.0,N,21.0,44.0,70.36222222,149.0,W,1.0,42.0,-149.02833333,3/1/1982 12:00:00 AM,,0,1
1551101,15511,UVA,Garner Field,"Uvalde, TX",74,United States,US,Texas,TX,48.0,35511,"Uvalde, TX",74,29.0,N,12.0,41.0,29.21138889,99.0,W,44.0,37.0,-99.74361111,12/1/1996 12:00:00 AM,,0,1
1551501,15515,UXA,Lik Camp Airport,"Lik Camp, AK",1,United States,US,Alaska,AK,2.0,35515,"Lik Camp, AK",1,68.0,N,10.0,0.0,68.16666667,163.0,W,12.0,0.0,-163.2,3/1/1993 12:00:00 AM,,0,1
1551701,15517,UXC,Hawley Municipal,"Hawley, MN",63,United States,US,Minnesota,MN,27.0,35517,"Hawley, MN",63,46.0,N,53.0,2.0,46.88388889,96.0,W,21.0,3.0,-96.35083333,3/1/1993 12:00:00 AM,6/30/2011 12:00:00 AM,0,0
1551801,15518,UXD,Chowchilla Airport,"Chowchilla, CA",91,United States,US,California,CA,6.0,35518,"Chowchilla, CA",91,37.0,N,6.0,45.0,37.1125,120.0,W,14.0,49.0,-120.24694444,3/1/1993 12:00:00 AM,6/30/2011 12:00:00 AM,0,0
1551901,15519,UXE,Faulkton Municipal,"Faulkton, SD",67,United States,US,South Dakota,SD,46.0,35519,"Faulkton, SD",67,45.0,N,1.0,55.0,45.03194444,99.0,W,6.0,56.0,-99.11555556,3/1/1993 12:00:00 AM,6/30/2011 12:00:00 AM,0,0
1552001,15520,UXF,Stanford Field,"St. Anthony, ID",83,United States,US,Idaho,ID,16.0,35520,"St. Anthony, ID",83,43.0,N,56.0,45.0,43.94583333,111.0,W,41.0,3.0,-111.68416667,3/1/1993 12:00:00 AM,6/30/2011 12:00:00 AM,0,0
1552101,15521,UXG,Dutch John Airport,"Dutch John, UT",87,United States,US,Utah,UT,49.0,35521,"Dutch John, UT",87,40.0,N,55.0,4.0,40.91777778,109.0,W,23.0,27.0,-109.39083333,1/1/1950 12:00:00 AM,6/30/2011 12:00:00 AM,0,0
1552301,15523,UXI,Calder Bay Airport,"Calder Bay, AK",1,United States,US,Alaska,AK,2.0,35523,"Calder Bay, AK",1,56.0,N,10.0,18.0,56.17166667,133.0,W,29.0,35.0,-133.49305556,6/1/1993 12:00:00 AM,,0,1
1552401,15524,UXJ,Madison,"Richmond, KY",52,United States,US,Kentucky,KY,21.0,35524,"Richmond, KY",52,37.0,N,37.0,53.0,37.63138889,84.0,W,19.0,57.0,-84.3325,6/1/1993 12:00:00 AM,6/30/2011 12:00:00 AM,0,0
1552501,15525,UXK,Petaluma Municipal,"Petaluma, CA",91,United States,US,California,CA,6.0,35525,"Petaluma, CA",91,38.0,N,15.0,28.0,38.25777778,122.0,W,36.0,19.0,-122.60527778,6/1/1993 12:00:00 AM,,0,1
1552601,15526,UXL,Chariot Airport,"Chariot, AK",1,United States,US,Alaska,AK,2.0,35526,"Chariot, AK",1,68.0,N,5.0,50.0,68.09722222,165.0,W,45.0,50.0,-165.76388889,6/1/1993 12:00:00 AM,,0,1
1552701,15527,UXM,47-Mile Mine Airport,"47-Mile Mine, AK",1,United States,US,Alaska,AK,2.0,35527,"47-Mile Mine, AK",1,61.0,N,2.0,40.0,61.04444444,158.0,W,8.0,43.0,-158.14527778,6/1/1993 12:00:00 AM,11/30/2002 12:00:00 AM,0,0
1552801,15528,UXN,Big Sandy Regional,"Prestonsburg, KY",52,United States,US,Kentucky,KY,21.0,35528,"Prestonsburg, KY",52,37.0,N,45.0,4.0,37.75111111,82.0,W,38.0,13.0,-82.63694444,6/1/1993 12:00:00 AM,6/30/2011 12:00:00 AM,0,0
1552901,15529,UXO,Fitchburg Municipal,"Fitchburg, MA",13,United States,US,Massachusetts,MA,25.0,35529,"Fitchburg, MA",13,42.0,N,33.0,15.0,42.55416667,71.0,W,45.0,32.0,-71.75888889,1/1/1950 12:00:00 AM,9/30/2022 12:00:00 AM,0,0
1553001,15530,UXP,Stennis International,"Bay St. Louis, MS",53,United States,US,Mississippi,MS,28.0,35530,"Bay St. Louis, MS",53,30.0,N,22.0,4.0,30.36777778,89.0,W,27.0,16.0,-89.45444444,12/1/1992 12:00:00 AM,6/30/2011 12:00:00 AM,0,0
1553201,15532,UXR,Monument Valley Airport,"Monument Valley, UT",87,United States,US,Utah,UT,49.0,35532,"Monument Valley, UT",87,37.0,N,0.0,56.0,37.01555556,110.0,W,11.0,57.0,-110.19916667,12/1/1992 12:00:00 AM,6/30/2011 12:00:00 AM,0,0
1553301,15533,UXS,Cimarron Municipal,"Cimarron, KS",62,United States,US,Kansas,KS,20.0,35533,"Cimarron, KS",62,37.0,N,49.0,50.0,37.83055556,100.0,W,21.0,1.0,-100.35027778,12/1/1992 12:00:00 AM,6/30/2011 12:00:00 AM,0,0
1553401,15534,UXT,Lorain Cnty Regional,"Lorain/Elyria, OH",44,United States,US,Ohio,OH,39.0,35534,"Lorain/Elyria, OH",44,41.0,N,20.0,39.0,41.34416667,82.0,W,10.0,39.0,-82.1775,3/1/1993 12:00:00 AM,12/31/2007 12:00:00 AM,0,0
1553402,15534,LPR,Lorain County Regional,"Lorain/Elyria, OH",44,United States,US,Ohio,OH,39.0,35534,"Lorain/Elyria, OH",44,41.0,N,20.0,39.0,41.34416667,82.0,W,10.0,40.0,-82.17777778,1/1/2008 12:00:00 AM,,0,1
1553501,15535,UXU,Cheboygan City/County,"Cheboygan, MI",43,United States,US,Michigan,MI,26.0,35535,"Cheboygan, MI",43,45.0,N,39.0,15.0,45.65416667,84.0,W,31.0,6.0,-84.51833333,9/1/1993 12:00:00 AM,6/30/2011 12:00:00 AM,0,0
1553601,15536,UXV,Enterprise Municipal,"Enterprise, OR",92,United States,US,Oregon,OR,41.0,35536,"Enterprise, OR",92,45.0,N,25.0,29.0,45.42472222,117.0,W,15.0,54.0,-117.265,9/1/1993 12:00:00 AM,6/30/2011 12:00:00 AM,0,0
1553801,15538,UXX,Hot Springs Airport,"Hot Springs, MT",84,United States,US,Montana,MT,30.0,35538,"Hot Springs, MT",84,47.0,N,36.0,45.0,47.6125,114.0,W,36.0,48.0,-114.61333333,12/1/1993 12:00:00 AM,,0,1
1553901,15539,UXY,Circle Town County,"Circle, MT",84,United States,US,Montana,MT,30.0,35539,"Circle, MT",84,47.0,N,25.0,0.0,47.41666667,105.0,W,33.0,2.0,-105.55055556,12/1/1993 12:00:00 AM,6/30/2011 12:00:00 AM,0,0
1554001,15540,UXZ,Garrison Municipal,"Garrison, ND",66,United States,US,North Dakota,ND,38.0,35540,"Garrison, ND",66,47.0,N,39.0,22.0,47.65611111,101.0,W,26.0,12.0,-101.43666667,3/1/1993 12:00:00 AM,6/30/2011 12:00:00 AM,0,0
1554501,15545,VA1,Emporia Greensville Regional,"Emporia, VA",38,United States,US,Virginia,VA,51.0,35545,"Emporia, VA",38,36.0,N,41.0,13.0,36.68694444,77.0,W,28.0,58.0,-77.48277778,1/1/2003 12:00:00 AM,,0,1
1554601,15546,VA2,Chesapeake Regional,"Chesapeake, VA",38,United States,US,Virginia,VA,51.0,35546,"Chesapeake, VA",38,36.0,N,39.0,56.0,36.66555556,76.0,W,19.0,14.0,-76.32055556,7/1/2003 12:00:00 AM,,0,1
1554701,15547,VA3,Mountain Empire,"Marion/Wytheville, VA",38,United States,US,Virginia,VA,51.0,35547,"Marion/Wytheville, VA",38,36.0,N,53.0,41.0,36.89472222,81.0,W,20.0,59.0,-81.34972222,4/1/2004 12:00:00 AM,6/30/2011 12:00:00 AM,0,0
1554801,15548,VA4,Leesburg Executive,"Leesburg, VA",38,United States,US,Virginia,VA,51.0,35548,"Leesburg, VA",38,39.0,N,4.0,41.0,39.07805556,77.0,W,33.0,27.0,-77.5575,10/1/2006 12:00:00 AM,,0,1
1555001,15550,VAD,Moody AFB,"Valdosta, GA",34,United States,US,Georgia,GA,13.0,35550,"Valdosta, GA",34,30.0,N,58.0,6.0,30.96833333,83.0,W,11.0,35.0,-83.19305556,1/1/1950 12:00:00 AM,6/30/2011 12:00:00 AM,0,0
1555401,15554,VAK,Chevak Airport,"Chevak, AK",1,United States,US,Alaska,AK,2.0,35554,"Chevak, AK",1,61.0,N,32.0,1.0,61.53361111,165.0,W,35.0,2.0,-165.58388889,1/1/1950 12:00:00 AM,6/30/2011 12:00:00 AM,0,0
1556101,15561,VBG,Vandenberg AFB,"Lompoc, CA",91,United States,US,California,CA,6.0,33049,"Lompoc, CA",91,34.0,N,43.0,47.0,34.72972222,120.0,W,34.0,33.0,-120.57583333,1/1/1950 12:00:00 AM,6/30/2011 12:00:00 AM,0,0
1556501,15565,VCB,View Cove Airport,"View Cove, AK",1,United States,US,Alaska,AK,2.0,35565,"View Cove, AK",1,55.0,N,4.0,0.0,55.06666667,133.0,W,1.0,0.0,-133.01666667,9/1/1989 12:00:00 AM,,0,1
1556901,15569,VCT,Victoria County Foster,"Victoria, TX",74,United States,US,Texas,TX,48.0,35569,"Victoria, TX",74,28.0,N,51.0,4.0,28.85111111,96.0,W,54.0,52.0,-96.91444444,1/1/1950 12:00:00 AM,6/30/2011 12:00:00 AM,0,0
1557001,15570,VCV,Southern California Logistics,"Victorville, CA",91,United States,US,California,CA,6.0,35570,"Victorville, CA",91,34.0,N,35.0,51.0,34.5975,117.0,W,22.0,59.0,-117.38305556,1/1/1950 12:00:00 AM,4/30/2023 12:00:00 AM,0,0
1557401,15574,VDI,Vidalia Regional,"Vidalia, GA",34,United States,US,Georgia,GA,13.0,35574,"Vidalia, GA",34,32.0,N,11.0,33.0,32.1925,82.0,W,22.0,26.0,-82.37388889,3/1/1977 12:00:00 AM,6/30/2011 12:00:00 AM,0,0
1557901,15579,VDZ,Valdez Pioneer Field,"Valdez, AK",1,United States,US,Alaska,AK,2.0,35579,"Valdez, AK",1,61.0,N,7.0,57.0,61.1325,146.0,W,14.0,20.0,-146.23888889,1/1/1950 12:00:00 AM,6/30/2011 12:00:00 AM,0,0
1558101,15581,VEE,Venetie Airport,"Venetie, AK",1,United States,US,Alaska,AK,2.0,35581,"Venetie, AK",1,67.0,N,1.0,23.0,67.02305556,146.0,W,24.0,40.0,-146.41111111,1/1/1950 12:00:00 AM,6/30/2011 12:00:00 AM,0,0
1558201,15582,VEL,Vernal Regional,"Vernal, UT",87,United States,US,Utah,UT,49.0,35582,"Vernal, UT",87,40.0,N,26.0,20.0,40.43888889,109.0,W,30.0,37.0,-109.51027778,1/1/1950 12:00:00 AM,6/30/2011 12:00:00 AM,0,0
1558901,15589,VGT,North Air Terminal,"Las Vegas, NV",85,United States,US,Nevada,NV,32.0,32211,"Las Vegas, NV",85,36.0,N,12.0,45.0,36.2125,115.0,W,11.0,49.0,-115.19694444,9/1/1980 12:00:00 AM,6/30/2011 12:00:00 AM,0,0
1559701,15597,VIH,Rolla National,"Vichy, MO",64,United States,US,Missouri,MO,29.0,35597,"Vichy, MO",64,38.0,N,7.0,40.0,38.12777778,91.0,W,46.0,10.0,-91.76944444,1/1/1950 12:00:00 AM,6/30/2011 12:00:00 AM,0,0
1559901,15599,VIK,Kavik River Airport,"Kavik River, AK",1,United States,US,Alaska,AK,2.0,35599,"Kavik River, AK",1,69.0,N,40.0,38.0,69.67722222,146.0,W,53.0,57.0,-146.89916667,1/1/1950 12:00:00 AM,,0,1
1560101,15601,VIS,Visalia Municipal,"Visalia, CA",91,United States,US,California,CA,6.0,35601,"Visalia, CA",91,36.0,N,19.0,10.0,36.31944444,119.0,W,23.0,38.0,-119.39388889,1/1/1950 12:00:00 AM,6/30/2011 12:00:00 AM,0,0
1560501,15605,VKS,Vicksburg Municipal,"Vicksburg, MS",53,United States,US,Mississippi,MS,28.0,35605,"Vicksburg, MS",53,32.0,N,14.0,20.0,32.23888889,90.0,W,55.0,39.0,-90.9275,1/1/1950 12:00:00 AM,6/30/2011 12:00:00 AM,0,0
1560701,15607,VLD,Valdosta Regional,"Valdosta, GA",34,United States,US,Georgia,GA,13.0,35550,"Valdosta, GA",34,30.0,N,46.0,56.0,30.78222222,83.0,W,16.0,37.0,-83.27694444,1/1/1950 12:00:00 AM,6/30/2011 12:00:00 AM,0,0
1561501,15615,VNC,Venice Municipal,"Venice, FL",33,United States,US,Florida,FL,12.0,35615,"Venice, FL",33,27.0,N,4.0,20.0,27.07222222,82.0,W,26.0,26.0,-82.44055556,3/1/1977 12:00:00 AM,6/30/2011 12:00:00 AM,0,0
1561801,15618,VNY,Van Nuys Airport,"Van Nuys, CA",91,United States,US,California,CA,6.0,32575,"Los Angeles, CA (Metropolitan Area)",91,34.0,N,12.0,35.0,34.20972222,118.0,W,29.0,24.0,-118.49,1/1/1950 12:00:00 AM,,0,1
1562001,15620,VOK,Volk Field,"Camp Douglas, WI",45,United States,US,Wisconsin,WI,55.0,35620,"Camp Douglas, WI",45,43.0,N,56.0,18.0,43.93833333,90.0,W,16.0,6.0,-90.26833333,1/1/1950 12:00:00 AM,6/30/2011 12:00:00 AM,0,0
1562201,15622,VPC,Cartersville Airport,"Cartersville, GA",34,United States,US,Georgia,GA,13.0,35622,"Cartersville, GA",34,34.0,N,7.0,23.0,34.12305556,84.0,W,50.0,55.0,-84.84861111,1/1/2002 12:00:00 AM,11/30/2018 12:00:00 AM,0,0
1562202,15622,GA9,Cartersville Airport,"Cartersville, GA",34,United States,US,Georgia,GA,13.0,35622,"Cartersville, GA",34,34.0,N,7.0,23.0,34.12305556,84.0,W,50.0,55.0,-84.84861111,12/1/2018 12:00:00 AM,,0,1
1562401,15624,VPS,Northwest Florida Regional,"Valparaiso, FL",33,United States,US,Florida,FL,12.0,31504,"Valparaiso, FL",33,30.0,N,29.0,0.0,30.48333333,86.0,W,31.0,31.0,-86.52527778,1/1/1950 12:00:00 AM,8/31/2015 12:00:00 AM,0,0
1562501,15625,VPZ,Porter County Municipal,"Valparaiso, IN",42,United States,US,Indiana,IN,18.0,35625,"Valparaiso, IN",42,41.0,N,27.0,9.0,41.4525,87.0,W,0.0,19.0,-87.00527778,1/1/1950 12:00:00 AM,3/31/2011 12:00:00 AM,0,0
1562602,15626,VQS,Antonio Rivera Rodriguez,"Vieques, PR",3,United States,US,Puerto Rico,PR,72.0,35626,"Vieques, PR",3,18.0,N,8.0,0.0,18.13333333,65.0,W,29.0,26.0,-65.49055556,1/1/1990 12:00:00 AM,6/30/2011 12:00:00 AM,0,0
1562801,15628,VRB,Vero Beach Municipal,"Vero Beach, FL",33,United States,US,Florida,FL,12.0,35628,"Vero Beach, FL",33,27.0,N,39.0,9.0,27.6525,80.0,W,24.0,49.0,-80.41361111,1/1/1950 12:00:00 AM,6/30/2011 12:00:00 AM,0,0
1563401,15634,VSF,Hartness State,"Springfield, VT",16,United States,US,Vermont,VT,50.0,35634,"Springfield, VT",16,43.0,N,20.0,37.0,43.34361111,72.0,W,31.0,2.0,-72.51722222,1/1/1950 12:00:00 AM,,0,1
1563701,15637,VTN,Miller Field,"Valentine, NE",65,United States,US,Nebraska,NE,31.0,35637,"Valentine, NE",65,42.0,N,51.0,25.0,42.85694444,100.0,W,32.0,50.0,-100.54722222,1/1/1950 12:00:00 AM,6/30/2011 12:00:00 AM,0,0
1563901,15639,VUJ,Stanly County,"Albemarle, NC",36,United States,US,North Carolina,NC,37.0,35639,"Albemarle, NC",36,35.0,N,25.0,0.0,35.41666667,80.0,W,9.0,3.0,-80.15083333,1/1/2007 12:00:00 AM,6/30/2025 12:00:00 AM,0,0
1564001,15640,VUO,Pearson Field,"Vancouver, WA",93,United States,US,Washington,WA,53.0,35640,"Vancouver, WA",93,45.0,N,37.0,13.0,45.62027778,122.0,W,39.0,23.0,-122.65638889,4/1/2009 12:00:00 AM,6/30/2011 12:00:00 AM,0,0
1564601,15646,VWA,Headland Municipal,"Headland, AL",51,United States,US,Alabama,AL,1.0,35646,"Headland, AL",51,31.0,N,21.0,54.0,31.365,85.0,W,18.0,35.0,-85.30972222,9/1/1992 12:00:00 AM,6/30/2011 12:00:00 AM,0,0
1564701,15647,VWB,Myrtle Creek Municipal,"Myrtle Creek, OR",92,United States,US,Oregon,OR,41.0,35647,"Myrtle Creek, OR",92,42.0,N,59.0,54.0,42.99833333,123.0,W,18.0,34.0,-123.30944444,9/1/1992 12:00:00 AM,6/30/2011 12:00:00 AM,0,0
1564801,15648,VWC,Sumner County Regional,"Gallatin, TN",54,United States,US,Tennessee,TN,47.0,35648,"Gallatin, TN",54,36.0,N,22.0,37.0,36.37694444,86.0,W,24.0,31.0,-86.40861111,1/1/1950 12:00:00 AM,3/31/2015 12:00:00 AM,0,0
1564901,15649,VWD,Hanford Municipal,"Hanford, CA",91,United States,US,California,CA,6.0,35649,"Hanford, CA",91,36.0,N,19.0,8.0,36.31888889,119.0,W,37.0,47.0,-119.62972222,9/1/1992 12:00:00 AM,6/30/2011 12:00:00 AM,0,0
1565001,15650,VWE,Chelan Municipal,"Chelan, WA",93,United States,US,Washington,WA,53.0,35650,"Chelan, WA",93,47.0,N,51.0,57.0,47.86583333,119.0,W,56.0,34.0,-119.94277778,9/1/1992 12:00:00 AM,6/30/2011 12:00:00 AM,0,0
1565101,15651,VWF,Custer County,"Custer, SD",67,United States,US,South Dakota,SD,46.0,35651,"Custer, SD",67,43.0,N,44.0,0.0,43.73333333,103.0,W,37.0,4.0,-103.61777778,9/1/1992 12:00:00 AM,9/30/2011 12:00:00 AM,0,0
1565201,15652,VWG,Tillamook,"Garibaldi, OR",92,United States,US,Oregon,OR,41.0,35652,"Garibaldi, OR",92,45.0,N,25.0,7.0,45.41861111,123.0,W,48.0,49.0,-123.81361111,9/1/1992 12:00:00 AM,6/30/2011 12:00:00 AM,0,0
1565301,15653,VWH,Odessa Schlemeyer Field,"Midland/Odessa, TX",74,United States,US,Texas,TX,48.0,33158,"Midland/Odessa, TX",74,31.0,N,55.0,15.0,31.92083333,102.0,W,23.0,14.0,-102.38722222,3/1/1993 12:00:00 AM,6/30/2011 12:00:00 AM,0,0
1565401,15654,VWI,California City Municipal,"California City, CA",91,United States,US,California,CA,6.0,35654,"California City, CA",91,35.0,N,9.0,7.0,35.15194444,118.0,W,0.0,50.0,-118.01388889,3/1/1992 12:00:00 AM,6/30/2011 12:00:00 AM,0,0
1565501,15655,VWJ,McNeil,"Cameron, SC",37,United States,US,South Carolina,SC,45.0,35655,"Cameron, SC",37,33.0,N,33.0,26.0,33.55722222,80.0,W,38.0,54.0,-80.64833333,3/1/1993 12:00:00 AM,7/31/2017 12:00:00 AM,0,0
1565601,15656,VWK,Saratoga County,"Saratoga Springs, NY",22,United States,US,New York,NY,36.0,35656,"Saratoga Springs, NY",22,43.0,N,3.0,3.0,43.05083333,73.0,W,51.0,40.0,-73.86111111,3/1/1993 12:00:00 AM,6/30/2011 12:00:00 AM,0,0
1565701,15657,VWL,Nary National Shefland Field,"Bemidji, MN",63,United States,US,Minnesota,MN,27.0,30631,"Bemidji, MN",63,47.0,N,22.0,34.0,47.37611111,94.0,W,47.0,53.0,-94.79805556,3/1/1992 12:00:00 AM,6/30/2011 12:00:00 AM,0,0
1565801,15658,VWM,Weed Airport,"Weed, CA",91,United States,US,California,CA,6.0,35658,"Weed, CA",91,41.0,N,28.0,29.0,41.47472222,122.0,W,27.0,11.0,-122.45305556,3/1/1993 12:00:00 AM,6/30/2011 12:00:00 AM,0,0
1565901,15659,VWN,Avi Suquilla,"Parker, AZ",81,United States,US,Arizona,AZ,4.0,35659,"Parker, AZ",81,34.0,N,9.0,2.0,34.15055556,114.0,W,16.0,17.0,-114.27138889,3/1/1993 12:00:00 AM,6/30/2011 12:00:00 AM,0,0
1566001,15660,VWO,Arlington Municipal,"Arlington, WA",93,United States,US,Washington,WA,53.0,35660,"Arlington, WA",93,48.0,N,9.0,39.0,48.16083333,122.0,W,9.0,32.0,-122.15888889,3/1/1993 12:00:00 AM,6/30/2011 12:00:00 AM,0,0
1566101,15661,VWP,Bernard Usfs,"Bernard, ID",83,United States,US,Idaho,ID,16.0,35661,"Bernard, ID",83,44.0,N,58.0,47.0,44.97972222,114.0,W,44.0,5.0,-114.73472222,3/1/1993 12:00:00 AM,,0,1
1566201,15662,VWQ,Kingdon Airpark,"Lodi, CA",91,United States,US,California,CA,6.0,35662,"Lodi, CA",91,38.0,N,5.0,30.0,38.09166667,121.0,W,21.0,34.0,-121.35944444,3/1/1993 12:00:00 AM,6/30/2025 12:00:00 AM,0,0
1566301,15663,VWR,Independence Airport,"Independence, CA",91,United States,US,California,CA,6.0,35663,"Independence, CA",91,36.0,N,48.0,50.0,36.81388889,118.0,W,12.0,18.0,-118.205,3/1/1993 12:00:00 AM,6/30/2011 12:00:00 AM,0,0
1566401,15664,VWS,Colonel James Jabara,"Wichita, KS",62,United States,US,Kansas,KS,20.0,30928,"Wichita, KS",62,37.0,N,44.0,51.0,37.7475,97.0,W,13.0,16.0,-97.22111111,3/1/1993 12:00:00 AM,,0,1
1566501,15665,VWT,Souther Field,"Americus, GA",34,United States,US,Georgia,GA,13.0,35665,"Americus, GA",34,32.0,N,6.0,42.0,32.11166667,84.0,W,11.0,18.0,-84.18833333,1/1/1950 12:00:00 AM,6/30/2011 12:00:00 AM,0,0
1566801,15668,VWW,Deer Lodge-City-County,"Deer Lodge, MT",84,United States,US,Montana,MT,30.0,35668,"Deer Lodge, MT",84,46.0,N,23.0,20.0,46.38888889,112.0,W,46.0,1.0,-112.76694444,3/1/1993 12:00:00 AM,6/30/2011 12:00:00 AM,0,0
1566901,15669,VWX,Hondo Municipal,"Hondo, TX",74,United States,US,Texas,TX,48.0,35669,"Hondo, TX",74,29.0,N,21.0,35.0,29.35972222,99.0,W,10.0,36.0,-99.17666667,12/1/1991 12:00:00 AM,6/30/2011 12:00:00 AM,0,0
1567101,15671,VWZ,Granite Creek Mine Airport,"Granite Creek Mine, AK",1,United States,US,Alaska,AK,2.0,35671,"Granite Creek Mine, AK",1,62.0,N,21.0,47.0,62.36305556,156.0,W,58.0,27.0,-156.97416667,3/1/1993 12:00:00 AM,,0,1
1567501,15675,VYS,Illinois Valley Regional,"Peru, IL",41,United States,US,Illinois,IL,17.0,35675,"Peru, IL",41,41.0,N,21.0,7.0,41.35194444,89.0,W,9.0,11.0,-89.15305556,12/1/1989 12:00:00 AM,9/30/2011 12:00:00 AM,0,0
1567601,15676,VZA,Marvel Creek Mine Airport,"Marvel Creek Mine, AK",1,United States,US,Alaska,AK,2.0,35676,"Marvel Creek Mine, AK",1,60.0,N,54.0,22.0,60.90611111,159.0,W,38.0,21.0,-159.63916667,3/1/1992 12:00:00 AM,,0,1
1567701,15677,VZB,Mitrofania Airport,"Mitrofania, AK",1,United States,US,Alaska,AK,2.0,35677,"Mitrofania, AK",1,56.0,N,0.0,6.0,56.00166667,158.0,W,50.0,0.0,-158.83333333,6/1/1992 12:00:00 AM,,0,1
1567801,15678,VZC,Mush Bay Airport,"Mush Bay, AK",1,United States,US,Alaska,AK,2.0,35678,"Mush Bay, AK",1,57.0,N,42.0,0.0,57.7,153.0,W,28.0,24.0,-153.47333333,6/1/1992 12:00:00 AM,,0,1
1567901,15679,VZD,Campbell Lagoon Airport,"Campbell Lagoon, AK",1,United States,US,Alaska,AK,2.0,35679,"Campbell Lagoon, AK",1,57.0,N,51.0,20.0,57.85555556,153.0,W,38.0,0.0,-153.63333333,6/1/1992 12:00:00 AM,,0,1
1568001,15680,VZE,Frazer Lake Airport,"Frazer Lake, AK",1,United States,US,Alaska,AK,2.0,35680,"Frazer Lake, AK",1,57.0,N,12.0,30.0,57.20833333,154.0,W,5.0,10.0,-154.08611111,6/1/1992 12:00:00 AM,,0,1
1568101,15681,VZF,Afognak Straits Airport,"Afognak Straits, AK",1,United States,US,Alaska,AK,2.0,35681,"Afognak Straits, AK",1,58.0,N,0.0,0.0,58.0,152.0,W,49.0,0.0,-152.81666667,6/1/1992 12:00:00 AM,,0,1
1568201,15682,VZG,Moffet Bay Airport,"Moffet Bay, AK",1,United States,US,Alaska,AK,2.0,35682,"Moffet Bay, AK",1,55.0,N,25.0,42.0,55.42833333,162.0,W,37.0,48.0,-162.63,6/1/1992 12:00:00 AM,,0,1
1568301,15683,VZH,Mineola Wisener Field,"Mineola, TX",74,United States,US,Texas,TX,48.0,35683,"Mineola, TX",74,32.0,N,40.0,36.0,32.67666667,95.0,W,30.0,38.0,-95.51055556,6/1/1992 12:00:00 AM,6/30/2011 12:00:00 AM,0,0
1568501,15685,VZJ,Payette Municipal,"Payette, ID",83,United States,US,Idaho,ID,16.0,35685,"Payette, ID",83,44.0,N,5.0,30.0,44.09166667,116.0,W,54.0,0.0,-116.9,3/1/1992 12:00:00 AM,6/30/2011 12:00:00 AM,0,0
1568701,15687,VZL,Los Alamitos AAF,"Los Alamitos, CA",91,United States,US,California,CA,6.0,35687,"Los Alamitos, CA",91,33.0,N,47.0,24.0,33.79,118.0,W,3.0,7.0,-118.05194444,9/1/2002 12:00:00 AM,6/30/2011 12:00:00 AM,0,0
1568801,15688,VZM,Jensens Strip Airport,"Jensens Strip, AK",1,United States,US,Alaska,AK,2.0,35688,"Jensens Strip, AK",1,57.0,N,57.0,0.0,57.95,157.0,W,3.0,0.0,-157.05,6/1/1992 12:00:00 AM,,0,1
1568901,15689,VZN,Wildman Creek Airport,"Wildman Creek, AK",1,United States,US,Alaska,AK,2.0,35689,"Wildman Creek, AK",1,56.0,N,15.0,0.0,56.25,159.0,W,55.0,0.0,-159.91666667,6/1/1992 12:00:00 AM,,0,1
1569001,15690,VZO,Stepovak Airport,"Stepovak, AK",1,United States,US,Alaska,AK,2.0,35690,"Stepovak, AK",1,55.0,N,50.0,0.0,55.83333333,159.0,W,52.0,0.0,-159.86666667,6/1/1992 12:00:00 AM,,0,1
1569201,15692,VZQ,Puale Bay Airport,"Puale Bay, AK",1,United States,US,Alaska,AK,2.0,35692,"Puale Bay, AK",1,57.0,N,44.0,0.0,57.73333333,155.0,W,38.0,0.0,-155.63333333,6/1/1992 12:00:00 AM,,0,1
1569301,15693,VZR,Katmai Bay Airport,"Katmai Bay, AK",1,United States,US,Alaska,AK,2.0,35693,"Katmai Bay, AK",1,58.0,N,0.0,0.0,58.0,154.0,W,58.0,0.0,-154.96666667,6/1/1992 12:00:00 AM,,0,1
1569401,15694,VZS,Kashvik Bay Airport,"Kashvik Bay, AK",1,United States,US,Alaska,AK,2.0,35694,"Kashvik Bay, AK",1,57.0,N,58.0,0.0,57.96666667,155.0,W,8.0,0.0,-155.13333333,6/1/1992 12:00:00 AM,,0,1
1569501,15695,VZT,Cinder Mountain Airport,"Cinder Mountain, AK",1,United States,US,Alaska,AK,2.0,35695,"Cinder Mountain, AK",1,57.0,N,3.0,30.0,57.05833333,157.0,W,48.0,0.0,-157.8,6/1/1992 12:00:00 AM,,0,1
1569601,15696,VZU,Hagemeister Island Airport,"Hagemeister Island, AK",1,United States,US,Alaska,AK,2.0,35696,"Hagemeister Island, AK",1,58.0,N,45.0,0.0,58.75,160.0,W,50.0,0.0,-160.83333333,6/1/1992 12:00:00 AM,,0,1
1569701,15697,VZV,Cape Peirce Airport,"Cape Peirce, AK",1,United States,US,Alaska,AK,2.0,35697,"Cape Peirce, AK",1,58.0,N,33.0,10.0,58.55277778,161.0,W,46.0,7.0,-161.76861111,9/1/1992 12:00:00 AM,,0,1
1569801,15698,VZW,Cape Greig Airport,"Cape Greig, AK",1,United States,US,Alaska,AK,2.0,35698,"Cape Greig, AK",1,57.0,N,43.0,0.0,57.71666667,157.0,W,43.0,0.0,-157.71666667,9/1/1992 12:00:00 AM,,0,1
1570001,15700,VZY,Katmai Lodge Airport,"Katmai Lodge, AK",1,United States,US,Alaska,AK,2.0,35700,"Katmai Lodge, AK",1,59.0,N,4.0,12.0,59.07,156.0,W,2.0,54.0,-156.04833333,12/1/1991 12:00:00 AM,,0,1
1570101,15701,VZZ,South St. Paul Municipal,"South St. Paul, MN",63,United States,US,Minnesota,MN,27.0,31650,"Minneapolis/St. Paul, MN",63,44.0,N,51.0,30.0,44.85833333,93.0,W,2.0,1.0,-93.03361111,1/1/1950 12:00:00 AM,6/30/2011 12:00:00 AM,0,0
1570301,15703,WA2,Mansfield Airport,"Mansfield, WA",93,United States,US,Washington,WA,53.0,35703,"Mansfield, WA",93,47.0,N,48.0,34.0,47.80944444,119.0,W,38.0,14.0,-119.63722222,3/1/2003 12:00:00 AM,6/30/2011 12:00:00 AM,0,0
1570501,15705,WA4,Isaacson,"Medical Lake, WA",93,United States,US,Washington,WA,53.0,35705,"Medical Lake, WA",93,47.0,N,39.0,33.0,47.65916667,117.0,W,40.0,54.0,-117.68166667,6/1/2006 12:00:00 AM,,0,1
1570601,15706,WA5,Methow Valley State,"Winthrop, WA",93,United States,US,Washington,WA,53.0,35706,"Winthrop, WA",93,48.0,N,25.0,30.0,48.425,120.0,W,8.0,45.0,-120.14583333,1/1/2009 12:00:00 AM,,0,1
1570701,15707,WA6,Stehekin Seaplane Landing,"Stehekin, WA",93,United States,US,Washington,WA,53.0,35707,"Stehekin, WA",93,48.0,N,18.0,0.0,48.3,120.0,W,39.0,0.0,-120.65,1/1/2010 12:00:00 AM,,0,1
1570801,15708,WA7,Chelan Seaplane Landing,"Chelan, WA",93,United States,US,Washington,WA,53.0,35650,"Chelan, WA",93,47.0,N,50.0,0.0,47.83333333,120.0,W,2.0,0.0,-120.03333333,1/1/2010 12:00:00 AM,,0,1
1570901,15709,WAA,Wales Airport,"Wales, AK",1,United States,US,Alaska,AK,2.0,35709,"Wales, AK",1,65.0,N,37.0,29.0,65.62472222,168.0,W,5.0,47.0,-168.09638889,1/1/1950 12:00:00 AM,6/30/2011 12:00:00 AM,0,0
1571301,15713,WAL,Wallops Flight Center,"Chincoteague, VA",38,United States,US,Virginia,VA,51.0,35713,"Chincoteague, VA",38,37.0,N,56.0,30.0,37.94166667,75.0,W,27.0,44.0,-75.46222222,3/1/2003 12:00:00 AM,6/30/2011 12:00:00 AM,0,0
1571401,15714,WAR,Warsaw Municipal,"Warsaw, IN",42,United States,US,Indiana,IN,18.0,35714,"Warsaw, IN",42,41.0,N,16.0,55.0,41.28194444,85.0,W,50.0,47.0,-85.84638889,1/1/1950 12:00:00 AM,12/31/2005 12:00:00 AM,0,0
1571501,15715,WAS,Washington DC Metropolitan Area,"Washington, DC",32,United States,US,District of Columbia,DC,11.0,30852,"Washington, DC (Metropolitan Area)",32,38.0,N,53.0,0.0,38.88333333,77.0,W,2.0,0.0,-77.03333333,3/1/1974 12:00:00 AM,,0,1
1572101,15721,WBB,Stebbins Airport,"Stebbins, AK",1,United States,US,Alaska,AK,2.0,35721,"Stebbins, AK",1,63.0,N,31.0,0.0,63.51666667,162.0,W,16.0,44.0,-162.27888889,1/1/1950 12:00:00 AM,6/30/2011 12:00:00 AM,0,0
1572201,15722,WBH,Commerce/Montebello Heliport,"Commerce/Montebello, CA",91,United States,US,California,CA,6.0,32575,"Los Angeles, CA (Metropolitan Area)",91,34.0,N,1.0,0.0,34.01666667,118.0,W,8.0,0.0,-118.13333333,9/1/1975 12:00:00 AM,,0,1
1572401,15724,WBN,Woburn Airport,"Woburn, MA",13,United States,US,Massachusetts,MA,25.0,35724,"Woburn, MA",13,42.0,N,23.0,50.0,42.39722222,71.0,W,9.0,10.0,-71.15277778,3/1/1988 12:00:00 AM,,0,1
1572501,15725,WBQ,Beaver Airport,"Beaver, AK",1,United States,US,Alaska,AK,2.0,35725,"Beaver, AK",1,66.0,N,21.0,44.0,66.36222222,147.0,W,24.0,30.0,-147.40833333,1/1/1950 12:00:00 AM,6/30/2011 12:00:00 AM,0,0
1572601,15726,WBR,Roben-Hood,"Big Rapids, MI",43,United States,US,Michigan,MI,26.0,35726,"Big Rapids, MI",43,43.0,N,43.0,21.0,43.7225,85.0,W,30.0,15.0,-85.50416667,9/1/1978 12:00:00 AM,3/31/2012 12:00:00 AM,0,0
1573001,15730,WCL,Whalers Cove Lodge Airport,"Whalers Cove Lodge, AK",1,United States,US,Alaska,AK,2.0,35730,"Whalers Cove Lodge, AK",1,57.0,N,28.0,0.0,57.46666667,134.0,W,34.0,0.0,-134.56666667,7/1/2002 12:00:00 AM,,0,1
1573101,15731,WCR,Chandalar Lake,"Chandalar, AK",1,United States,US,Alaska,AK,2.0,35731,"Chandalar, AK",1,67.0,N,30.0,20.0,67.50555556,148.0,W,30.0,0.0,-148.5,1/1/1950 12:00:00 AM,6/30/2011 12:00:00 AM,0,0
1573201,15732,WDB,Wide Bay Airport,"Wide Bay, AK",1,United States,US,Alaska,AK,2.0,30084,"Wide Bay, AK",1,57.0,N,22.0,17.0,57.37138889,156.0,W,24.0,45.0,-156.4125,10/1/1980 12:00:00 AM,,0,1
1573401,15734,WDG,Enid Woodring Regional,"Enid, OK",73,United States,US,Oklahoma,OK,40.0,31557,"Enid, OK",73,36.0,N,22.0,45.0,36.37916667,97.0,W,47.0,27.0,-97.79083333,1/1/1950 12:00:00 AM,6/30/2011 12:00:00 AM,0,0
1573601,15736,QQS,Waldronaire,"Eastsound, WA",93,United States,US,Washington,WA,53.0,31588,"Eastsound, WA",93,48.0,N,42.0,42.0,48.71166667,123.0,W,1.0,6.0,-123.01833333,9/1/1989 12:00:00 AM,12/31/1997 12:00:00 AM,0,0
1573602,15736,WA8,Waldronaire,"Eastsound, WA",93,United States,US,Washington,WA,53.0,31588,"Eastsound, WA",93,48.0,N,42.0,42.0,48.71166667,123.0,W,1.0,6.0,-123.01833333,1/1/1998 12:00:00 AM,8/31/2019 12:00:00 AM,0,0
1573701,15737,WDR,Winder Barrow,"Winder, GA",34,United States,US,Georgia,GA,13.0,35737,"Winder, GA",34,33.0,N,58.0,59.0,33.98305556,83.0,W,40.0,3.0,-83.6675,1/1/1990 12:00:00 AM,6/30/2011 12:00:00 AM,0,0
1574101,15741,WFB,Ketchikan Waterfront Seaplane Base,"Ketchikan, AK",1,United States,US,Alaska,AK,2.0,31401,"Ketchikan, AK",1,55.0,N,21.0,29.0,55.35805556,131.0,W,40.0,6.0,-131.66833333,12/1/1993 12:00:00 AM,,0,1
1574901,15749,WGO,Winchester Airport,"Winchester, VA",38,United States,US,Virginia,VA,51.0,35749,"Winchester, VA",38,39.0,N,8.0,28.0,39.14111111,78.0,W,8.0,34.0,-78.14277778,12/1/1976 12:00:00 AM,11/30/1982 12:00:00 AM,0,0
1575101,15751,WFK,Northern Aroostook Regional,"Frenchville, ME",12,United States,US,Maine,ME,23.0,35751,"Frenchville, ME",12,47.0,N,17.0,8.0,47.28555556,68.0,W,18.0,46.0,-68.31277778,1/1/1950 12:00:00 AM,,0,1
1575401,15754,WHD,Hyder Seaplane Base,"Hyder, AK",1,United States,US,Alaska,AK,2.0,35754,"Hyder, AK",1,55.0,N,54.0,13.0,55.90361111,130.0,W,0.0,18.0,-130.005,9/1/1974 12:00:00 AM,,0,1
1575901,15759,WHT,Wharton Regional,"Wharton, TX",74,United States,US,Texas,TX,48.0,35759,"Wharton, TX",74,29.0,N,15.0,17.0,29.25472222,96.0,W,9.0,26.0,-96.15722222,9/1/1979 12:00:00 AM,6/30/2011 12:00:00 AM,0,0
1576001,15760,WI1,Black River Falls Area,"Black River Falls, WI",45,United States,US,Wisconsin,WI,55.0,35760,"Black River Falls, WI",45,44.0,N,15.0,3.0,44.25083333,90.0,W,51.0,19.0,-90.85527778,1/1/2004 12:00:00 AM,,0,1
1576101,15761,WI2,Price County,"Phillips, WI",45,United States,US,Wisconsin,WI,55.0,35761,"Phillips, WI",45,45.0,N,42.0,32.0,45.70888889,90.0,W,24.0,9.0,-90.4025,10/1/2007 12:00:00 AM,,0,1
1576901,15769,WJF,General William J. Fox Airfield,"Lancaster, CA",91,United States,US,California,CA,6.0,34162,"Palmdale/Lancaster, CA",91,34.0,N,44.0,26.0,34.74055556,118.0,W,13.0,12.0,-118.22,1/1/1950 12:00:00 AM,6/30/2011 12:00:00 AM,0,0
1577401,15774,WKK,Aleknagik Airport,"Aleknagik, AK",1,United States,US,Alaska,AK,2.0,35774,"Aleknagik, AK",1,59.0,N,16.0,40.0,59.27777778,158.0,W,36.0,40.0,-158.61111111,1/1/1950 12:00:00 AM,6/30/2011 12:00:00 AM,0,0
1577501,15775,WKL,Waikoloa Heliport,"Waikoloa Village, HI",2,United States,US,Hawaii,HI,15.0,35775,"Waikoloa Village, HI",2,19.0,N,54.0,49.0,19.91361111,155.0,W,51.0,50.0,-155.86388889,9/1/1984 12:00:00 AM,,0,1
1577901,15779,WKV,Penns Landing Seaplane Base,"Philadelphia, PA",23,United States,US,Pennsylvania,PA,42.0,34100,"Philadelphia, PA",23,39.0,N,57.0,55.0,39.96527778,75.0,W,8.0,15.0,-75.1375,1/1/1950 12:00:00 AM,,0,1
1578101,15781,WLB,Labouchere Bay Airport,"Labouchere Bay, AK",1,United States,US,Alaska,AK,2.0,35781,"Labouchere Bay, AK",1,56.0,N,17.0,0.0,56.28333333,133.0,W,39.0,0.0,-133.65,12/1/1984 12:00:00 AM,,0,1
1578201,15782,WLD,Strother Field,"Winfield, KS",62,United States,US,Kansas,KS,20.0,34940,"Winfield, KS",62,37.0,N,10.0,1.0,37.16694444,97.0,W,3.0,1.0,-97.05027778,1/1/1950 12:00:00 AM,6/30/2011 12:00:00 AM,0,0
1578501,15785,WLK,Selawik Airport,"Selawik, AK",1,United States,US,Alaska,AK,2.0,30020,"Selawik, AK",1,66.0,N,36.0,10.0,66.60277778,159.0,W,59.0,0.0,-159.98333333,1/1/1950 12:00:00 AM,6/30/2011 12:00:00 AM,0,0
1578601,15786,WLM,Waltham Hospital Heliport,"Waltham, MA",13,United States,US,Massachusetts,MA,25.0,35786,"Waltham, MA",13,42.0,N,22.0,3.0,42.3675,71.0,W,14.0,5.0,-71.23472222,12/1/1986 12:00:00 AM,,0,1
1578901,15789,WLW,Willows Glenn County,"Willows, CA",91,United States,US,California,CA,6.0,35789,"Willows, CA",91,39.0,N,30.0,59.0,39.51638889,122.0,W,12.0,58.0,-122.21611111,1/1/1950 12:00:00 AM,6/30/2011 12:00:00 AM,0,0
1579101,15791,WMC,Winnemucca Municipal,"Winnemucca, NV",85,United States,US,Nevada,NV,32.0,35791,"Winnemucca, NV",85,40.0,N,53.0,52.0,40.89777778,117.0,W,48.0,13.0,-117.80361111,1/1/1950 12:00:00 AM,6/30/2011 12:00:00 AM,0,0
1579201,15792,WMH,Mountain Home Municipal,"Mountain Home, AR",71,United States,US,Arkansas,AR,5.0,35792,"Mountain Home, AR",71,36.0,N,22.0,10.0,36.36944444,92.0,W,28.0,11.0,-92.46972222,6/1/1978 12:00:00 AM,6/30/2011 12:00:00 AM,0,0
1579301,15793,WMK,Meyers Chuck Seaplane Base,"Meyers Chuck, AK",1,United States,US,Alaska,AK,2.0,35793,"Meyers Chuck, AK",1,55.0,N,44.0,24.0,55.74,132.0,W,15.0,12.0,-132.25333333,7/1/1977 12:00:00 AM,,0,1
1579401,15794,WMO,White Mountain Airport,"White Mountain, AK",1,United States,US,Alaska,AK,2.0,35794,"White Mountain, AK",1,64.0,N,41.0,13.0,64.68694444,163.0,W,24.0,24.0,-163.40666667,1/1/1950 12:00:00 AM,6/30/2011 12:00:00 AM,0,0
1579801,15798,WNA,Napakiak Airport,"Napakiak, AK",1,United States,US,Alaska,AK,2.0,35798,"Napakiak, AK",1,60.0,N,42.0,0.0,60.7,162.0,W,7.0,0.0,-162.11666667,1/1/1950 12:00:00 AM,6/30/2011 12:00:00 AM,0,0
1580501,15805,WOD,Wood River Airport,"Wood River, AK",1,United States,US,Alaska,AK,2.0,35805,"Wood River, AK",1,59.0,N,4.0,0.0,59.06666667,134.0,W,45.0,0.0,-134.75,12/1/1987 12:00:00 AM,,0,1
1580701,15807,WOW,Willow Airport,"Willow, AK",1,United States,US,Alaska,AK,2.0,35807,"Willow, AK",1,61.0,N,45.0,18.0,61.755,150.0,W,2.0,55.0,-150.04861111,12/1/1979 12:00:00 AM,6/30/2011 12:00:00 AM,0,0
1581301,15813,WQA,Ovid Airport,"Ovid, NY",22,United States,US,New York,NY,36.0,35813,"Ovid, NY",22,42.0,N,39.0,17.0,42.65472222,76.0,W,47.0,48.0,-76.79666667,12/1/1990 12:00:00 AM,6/30/2011 12:00:00 AM,0,0
1581401,15814,WQB,Mandan Municipal,"Mandan, ND",66,United States,US,North Dakota,ND,38.0,35814,"Mandan, ND",66,46.0,N,46.0,7.0,46.76861111,100.0,W,53.0,37.0,-100.89361111,12/1/1990 12:00:00 AM,6/30/2011 12:00:00 AM,0,0
1581501,15815,WQC,Ravalli County,"Hamilton, MT",84,United States,US,Montana,MT,30.0,35815,"Hamilton, MT",84,46.0,N,15.0,12.0,46.25333333,114.0,W,7.0,13.0,-114.12027778,12/1/1990 12:00:00 AM,6/30/2011 12:00:00 AM,0,0
1581601,15816,WQD,Tulelake Municipal,"Tulelake, CA",91,United States,US,California,CA,6.0,35816,"Tulelake, CA",91,41.0,N,53.0,15.0,41.8875,121.0,W,21.0,30.0,-121.35833333,12/1/1990 12:00:00 AM,6/30/2011 12:00:00 AM,0,0
1581701,15817,WQE,Dinsmore Municipal,"Dinsmore, CA",91,United States,US,California,CA,6.0,35817,"Dinsmore, CA",91,40.0,N,29.0,35.0,40.49305556,123.0,W,35.0,55.0,-123.59861111,12/1/1990 12:00:00 AM,6/30/2011 12:00:00 AM,0,0
1581801,15818,WQF,Rigby-Jefferson County,"Rigby, ID",83,United States,US,Idaho,ID,16.0,35818,"Rigby, ID",83,43.0,N,38.0,40.0,43.64444444,111.0,W,55.0,40.0,-111.92777778,12/1/1990 12:00:00 AM,6/30/2011 12:00:00 AM,0,0
1581901,15819,WQG,Hesperia Airport,"Hesperia, CA",91,United States,US,California,CA,6.0,35819,"Hesperia, CA",91,34.0,N,22.0,38.0,34.37722222,117.0,W,18.0,54.0,-117.315,9/1/1991 12:00:00 AM,6/30/2011 12:00:00 AM,0,0
1582001,15820,WQH,Butte Valley,"Dorris, CA",91,United States,US,California,CA,6.0,35820,"Dorris, CA",91,41.0,N,53.0,14.0,41.88722222,121.0,W,58.0,28.0,-121.97444444,9/1/1991 12:00:00 AM,6/30/2011 12:00:00 AM,0,0
1582101,15821,WQI,Connell City,"Connell, WA",93,United States,US,Washington,WA,53.0,35821,"Connell, WA",93,46.0,N,39.0,45.0,46.6625,118.0,W,49.0,56.0,-118.83222222,9/1/1991 12:00:00 AM,6/30/2011 12:00:00 AM,0,0
1582201,15822,WQJ,Peard Bay Airport,"Peard Bay, AK",1,United States,US,Alaska,AK,2.0,35822,"Peard Bay, AK",1,70.0,N,48.0,0.0,70.8,158.0,W,20.0,0.0,-158.33333333,3/1/1991 12:00:00 AM,,0,1
1582301,15823,WQK,Townsend Airport,"Townsend, MT",84,United States,US,Montana,MT,30.0,35823,"Townsend, MT",84,46.0,N,20.0,0.0,46.33333333,111.0,W,28.0,30.0,-111.475,3/1/1991 12:00:00 AM,6/30/2011 12:00:00 AM,0,0
1582401,15824,WQL,Bluff Airport,"Bluff, AK",1,United States,US,Alaska,AK,2.0,35824,"Bluff, AK",1,64.0,N,35.0,26.0,64.59055556,163.0,W,46.0,31.0,-163.77527778,3/1/1991 12:00:00 AM,,0,1
1582501,15825,WQM,Chennault Industrial Airpark,"Lake Charles, LA",72,United States,US,Louisiana,LA,22.0,31205,"Lake Charles, LA",72,30.0,N,12.0,45.0,30.2125,93.0,W,8.0,36.0,-93.14333333,3/1/1991 12:00:00 AM,12/31/2009 12:00:00 AM,0,0
1582502,15825,CWF,Chennault International,"Lake Charles, LA",72,United States,US,Louisiana,LA,22.0,31205,"Lake Charles, LA",72,30.0,N,12.0,38.0,30.21055556,93.0,W,8.0,35.0,-93.14305556,1/1/2010 12:00:00 AM,,0,1
1582601,15826,WQN,Taylor County,"Campbellsville, KY",52,United States,US,Kentucky,KY,21.0,35826,"Campbellsville, KY",52,37.0,N,21.0,30.0,37.35833333,85.0,W,18.0,34.0,-85.30944444,3/1/1991 12:00:00 AM,,0,1
1582701,15827,WQO,Rosamond Skypark,"Rosamond, CA",91,United States,US,California,CA,6.0,35827,"Rosamond, CA",91,34.0,N,52.0,15.0,34.87083333,118.0,W,12.0,30.0,-118.20833333,3/1/1991 12:00:00 AM,6/30/2011 12:00:00 AM,0,0
1582801,15828,WQP,Oceano County,"Oceano, CA",91,United States,US,California,CA,6.0,35828,"Oceano, CA",91,35.0,N,6.0,5.0,35.10138889,120.0,W,37.0,16.0,-120.62111111,3/1/1991 12:00:00 AM,6/30/2011 12:00:00 AM,0,0
1582901,15829,WQQ,Custer State Park,"Fairburn, SD",67,United States,US,South Dakota,SD,46.0,35829,"Fairburn, SD",67,43.0,N,43.0,36.0,43.72666667,103.0,W,21.0,2.0,-103.35055556,1/1/1950 12:00:00 AM,6/30/2011 12:00:00 AM,0,0
1583001,15830,WQR,Tibbetts,"Naknek, AK",1,United States,US,Alaska,AK,2.0,33714,"Naknek, AK",1,58.0,N,44.0,3.0,58.73416667,157.0,W,0.0,26.0,-157.00722222,3/1/1992 12:00:00 AM,,0,1
1583101,15831,WQS,Poplar Airport,"Poplar, MT",84,United States,US,Montana,MT,30.0,35831,"Poplar, MT",84,48.0,N,7.0,0.0,48.11666667,105.0,W,11.0,15.0,-105.1875,3/1/1992 12:00:00 AM,1/31/2011 12:00:00 AM,0,0
1583201,15832,WQT,Bridger Municipal,"Bridger, MT",84,United States,US,Montana,MT,30.0,35832,"Bridger, MT",84,45.0,N,17.0,30.0,45.29166667,108.0,W,55.0,30.0,-108.925,3/1/1992 12:00:00 AM,6/30/2011 12:00:00 AM,0,0
1583301,15833,WQU,Portales Municipal,"Portales, NM",86,United States,US,New Mexico,NM,35.0,35833,"Portales, NM",86,34.0,N,8.0,43.0,34.14527778,103.0,W,24.0,35.0,-103.40972222,3/1/1992 12:00:00 AM,6/30/2011 12:00:00 AM,0,0
1583501,15835,WQW,David River Airport,"David River, AK",1,United States,US,Alaska,AK,2.0,35835,"David River, AK",1,55.0,N,54.0,52.0,55.91444444,161.0,W,38.0,15.0,-161.6375,3/1/1992 12:00:00 AM,,0,1
1583601,15836,WQX,Kiavak Airport,"Kiavak, AK",1,United States,US,Alaska,AK,2.0,35836,"Kiavak, AK",1,57.0,N,1.0,0.0,57.01666667,153.0,W,40.0,0.0,-153.66666667,3/1/1992 12:00:00 AM,,0,1
1583701,15837,WQY,Port Wakefield Airport,"Port Wakefield, AK",1,United States,US,Alaska,AK,2.0,35837,"Port Wakefield, AK",1,58.0,N,3.0,10.0,58.05277778,153.0,W,3.0,0.0,-153.05,1/1/1950 12:00:00 AM,,0,1
1583801,15838,WQZ,Chignik Lake Airport,"Chignik Lake, AK",1,United States,US,Alaska,AK,2.0,32631,"Chignik, AK",1,56.0,N,15.0,18.0,56.255,158.0,W,46.0,32.0,-158.77555556,1/1/1950 12:00:00 AM,6/30/2011 12:00:00 AM,0,0
1583901,15839,WRB,Robins AFB,"Macon, GA",34,United States,US,Georgia,GA,13.0,33155,"Macon, GA",34,32.0,N,38.0,24.0,32.64,83.0,W,35.0,31.0,-83.59194444,1/1/1950 12:00:00 AM,6/30/2011 12:00:00 AM,0,0
1584101,15841,WRG,Wrangell Airport,"Wrangell, AK",1,United States,US,Alaska,AK,2.0,35841,"Wrangell, AK",1,56.0,N,29.0,4.0,56.48444444,132.0,W,22.0,0.0,-132.36666667,1/1/1950 12:00:00 AM,6/30/2011 12:00:00 AM,0,0
1584201,15842,WRI,McGuire AFB,"Fort Dix, NJ",21,United States,US,New Jersey,NJ,34.0,35842,"Fort Dix, NJ",21,40.0,N,0.0,56.0,40.01555556,74.0,W,35.0,38.0,-74.59388889,1/1/1950 12:00:00 AM,6/30/2011 12:00:00 AM,0,0
1584301,15843,WRL,Worland Municipal,"Worland, WY",88,United States,US,Wyoming,WY,56.0,35843,"Worland, WY",88,43.0,N,58.0,3.0,43.9675,107.0,W,57.0,11.0,-107.95305556,1/1/1950 12:00:00 AM,6/30/2011 12:00:00 AM,0,0
1584601,15846,WSB,Steamboat Bay Airport,"Steamboat Bay, AK",1,United States,US,Alaska,AK,2.0,35846,"Steamboat Bay, AK",1,55.0,N,31.0,0.0,55.51666667,133.0,W,38.0,0.0,-133.63333333,1/1/1950 12:00:00 AM,,0,1
1584701,15847,WSG,Washington County,"Washington, PA",23,United States,US,Pennsylvania,PA,42.0,35847,"Washington, PA",23,40.0,N,8.0,12.0,40.13666667,80.0,W,17.0,32.0,-80.29222222,9/1/1979 12:00:00 AM,6/30/2011 12:00:00 AM,0,0
1584801,15848,WSH,Brookhaven,"Shirley, NY",22,United States,US,New York,NY,36.0,35848,"Shirley, NY",22,40.0,N,49.0,20.0,40.82222222,72.0,W,52.0,24.0,-72.87333333,3/1/1978 12:00:00 AM,6/30/2011 12:00:00 AM,0,0
1585001,15850,WSJ,San Juan Airport,"San Juan, AK",1,United States,US,Alaska,AK,2.0,35850,"San Juan, AK",1,57.0,N,43.0,52.0,57.73111111,153.0,W,19.0,6.0,-153.31833333,1/1/1950 12:00:00 AM,,0,1
1585201,15852,WSM,Wiseman Airport,"Wiseman, AK",1,United States,US,Alaska,AK,2.0,35852,"Wiseman, AK",1,67.0,N,24.0,6.0,67.40166667,150.0,W,7.0,0.0,-150.11666667,1/1/1950 12:00:00 AM,6/30/2011 12:00:00 AM,0,0
1585301,15853,WSN,South Naknek 2,"South Naknek, AK",1,United States,US,Alaska,AK,2.0,35853,"South Naknek, AK",1,58.0,N,42.0,27.0,58.7075,157.0,W,0.0,55.0,-157.01527778,1/1/1950 12:00:00 AM,6/30/2011 12:00:00 AM,0,0
1585501,15855,WST,Westerly State,"Westerly, RI",15,United States,US,Rhode Island,RI,44.0,35855,"Westerly, RI",15,41.0,N,21.0,8.0,41.35222222,71.0,W,48.0,15.0,-71.80416667,1/1/1950 12:00:00 AM,6/30/2011 12:00:00 AM,0,0
1585601,15856,WSX,Westsound Airport,"Westsound, WA",93,United States,US,Washington,WA,53.0,35856,"Westsound, WA",93,48.0,N,40.0,0.0,48.66666667,122.0,W,53.0,0.0,-122.88333333,12/1/1986 12:00:00 AM,,0,1
1585901,15859,WTC,World Trade Center Heliport,"New York, NY",22,United States,US,New York,NY,36.0,31703,"New York City, NY (Metropolitan Area)",22,40.0,N,42.0,45.0,40.7125,74.0,W,0.0,54.0,-74.015,9/1/1978 12:00:00 AM,,0,1
1586101,15861,WTK,Noatak Airport,"Noatak, AK",1,United States,US,Alaska,AK,2.0,31464,"Noatak, AK",1,67.0,N,33.0,47.0,67.56305556,162.0,W,59.0,3.0,-162.98416667,1/1/1950 12:00:00 AM,6/30/2011 12:00:00 AM,0,0
1586201,15862,WTL,Tuntutuliak Airport,"Tuntutuliak, AK",1,United States,US,Alaska,AK,2.0,35862,"Tuntutuliak, AK",1,60.0,N,21.0,0.0,60.35,162.0,W,38.0,0.0,-162.63333333,1/1/1950 12:00:00 AM,6/30/2011 12:00:00 AM,0,0
1586401,15864,WTR,Whiteriver Airport,"Whiteriver, AZ",81,United States,US,Arizona,AZ,4.0,35864,"Whiteriver, AZ",81,33.0,N,48.0,30.0,33.80833333,109.0,W,58.0,45.0,-109.97916667,12/1/1979 12:00:00 AM,6/30/2011 12:00:00 AM,0,0
1586601,15866,WTT,Whittier Airport,"Whittier, AK",1,United States,US,Alaska,AK,2.0,35866,"Whittier, AK",1,60.0,N,46.0,23.0,60.77305556,148.0,W,41.0,2.0,-148.68388889,9/1/1981 12:00:00 AM,6/30/2011 12:00:00 AM,0,0
1586901,15869,WUJ,Duchesne Municipal,"Duchesne, UT",87,United States,US,Utah,UT,49.0,35869,"Duchesne, UT",87,40.0,N,11.0,36.0,40.19333333,110.0,W,22.0,50.0,-110.38055556,9/1/1975 12:00:00 AM,6/30/2011 12:00:00 AM,0,0
1587001,15870,WUQ,Avco,"Ocean Shores, WA",93,United States,US,Washington,WA,53.0,35870,"Ocean Shores, WA",93,47.0,N,0.0,20.0,47.00555556,124.0,W,9.0,30.0,-124.15833333,1/1/1950 12:00:00 AM,,0,1
1587301,15873,WV1,Mcs-Pad Heliport,"Charleston, WV",39,United States,US,West Virginia,WV,54.0,35873,"Charleston, WV",39,38.0,N,17.0,40.0,38.29444444,81.0,W,33.0,56.0,-81.56555556,7/1/2005 12:00:00 AM,,0,1
1587701,15877,WVI,Watsonville Municipal,"Watsonville, CA",91,United States,US,California,CA,6.0,35877,"Watsonville, CA",91,36.0,N,56.0,9.0,36.93583333,121.0,W,47.0,19.0,-121.78861111,12/1/1988 12:00:00 AM,6/30/2011 12:00:00 AM,0,0
1587901,15879,WVL,Waterville Robert Lafleur,"Augusta/Waterville, ME",12,United States,US,Maine,ME,23.0,30414,"Augusta/Waterville, ME",12,44.0,N,32.0,2.0,44.53388889,69.0,W,40.0,33.0,-69.67583333,1/1/1950 12:00:00 AM,6/30/2011 12:00:00 AM,0,0
1588101,15881,WWA,Wasilla Airport,"Wasilla, AK",1,United States,US,Alaska,AK,2.0,35849,"Wasilla, AK",1,61.0,N,34.0,19.0,61.57194444,149.0,W,32.0,26.0,-149.54055556,7/1/1998 12:00:00 AM,6/30/2011 12:00:00 AM,0,0
1588201,15882,WWD,Cape May County,"Cape May, NJ",21,United States,US,New Jersey,NJ,34.0,35882,"Cape May, NJ",21,39.0,N,0.0,23.0,39.00638889,74.0,W,54.0,32.0,-74.90888889,1/1/1950 12:00:00 AM,6/30/2011 12:00:00 AM,0,0
1588501,15885,WWP,Whale Pass Airport,"Whale Pass, AK",1,United States,US,Alaska,AK,2.0,35885,"Whale Pass, AK",1,56.0,N,7.0,0.0,56.11666667,133.0,W,7.0,0.0,-133.11666667,9/1/1980 12:00:00 AM,,0,1
1588601,15886,WWR,West Woodward,"Woodward, OK",73,United States,US,Oklahoma,OK,40.0,35886,"Woodward, OK",73,36.0,N,26.0,12.0,36.43666667,99.0,W,31.0,16.0,-99.52111111,1/1/1950 12:00:00 AM,6/30/2011 12:00:00 AM,0,0
1588701,15887,WWT,Newtok Airport,"Newtok, AK",1,United States,US,Alaska,AK,2.0,35887,"Newtok, AK",1,60.0,N,55.0,22.0,60.92277778,164.0,W,38.0,55.0,-164.64861111,1/1/1950 12:00:00 AM,6/30/2011 12:00:00 AM,0,0
1589201,15892,WY1,Ralph Wenz Field,"Pinedale, WY",88,United States,US,Wyoming,WY,56.0,35892,"Pinedale, WY",88,42.0,N,47.0,44.0,42.79555556,109.0,W,48.0,26.0,-109.80722222,7/1/2009 12:00:00 AM,6/30/2011 12:00:00 AM,0,0
1589401,15894,WYB,Yes Bay Lodge Seaplane Base,"Yes Bay, AK",1,United States,US,Alaska,AK,2.0,35894,"Yes Bay, AK",1,55.0,N,54.0,58.0,55.91611111,131.0,W,48.0,4.0,-131.80111111,1/1/2002 12:00:00 AM,,0,1
1589701,15897,WYS,Yellowstone,"West Yellowstone, MT",84,United States,US,Montana,MT,30.0,35897,"West Yellowstone, MT",84,44.0,N,41.0,12.0,44.68666667,111.0,W,6.0,17.0,-111.10472222,1/1/1950 12:00:00 AM,6/30/2011 12:00:00 AM,0,0
1590701,15907,XES,Americana,"Lake Geneva, WI",45,United States,US,Wisconsin,WI,55.0,35907,"Lake Geneva, WI",45,42.0,N,36.0,52.0,42.61444444,88.0,W,23.0,24.0,-88.39,1/1/1950 12:00:00 AM,,0,1
1591501,15915,XMD,Madison Municipal,"Madison, SD",67,United States,US,South Dakota,SD,46.0,35915,"Madison, SD",67,44.0,N,1.0,0.0,44.01666667,97.0,W,5.0,0.0,-97.08333333,1/1/1950 12:00:00 AM,6/30/2011 12:00:00 AM,0,0
1591901,15919,XNA,Northwest Arkansas Regional,"Fayetteville, AR",71,United States,US,Arkansas,AR,5.0,31834,"Fayetteville, AR",71,36.0,N,16.0,55.0,36.28194444,94.0,W,18.0,25.0,-94.30694444,11/1/1998 12:00:00 AM,9/30/2011 12:00:00 AM,0,0
1593001,15930,XSD,Tonopah Test Range,"Tonopah, NV",85,United States,US,Nevada,NV,32.0,35308,"Tonopah, NV",85,37.0,N,47.0,56.0,37.79888889,116.0,W,46.0,51.0,-116.78083333,1/1/1950 12:00:00 AM,,0,1
1593101,15931,XSM,St. Mary's County Regional,"Leonardtown, MD",35,United States,US,Maryland,MD,24.0,35931,"Leonardtown, MD",35,38.0,N,18.0,56.0,38.31555556,76.0,W,33.0,6.0,-76.55166667,6/1/1978 12:00:00 AM,6/30/2011 12:00:00 AM,0,0
1593401,15934,XWA,Granite Point Ndb,"Granite Point, AK",1,United States,US,Alaska,AK,2.0,35934,"Granite Point, AK",1,60.0,N,57.0,42.0,60.96166667,151.0,W,19.0,54.0,-151.33166667,3/1/1990 12:00:00 AM,9/30/2019 12:00:00 AM,0,0
1593402,15934,A8K,Granite Point Ndb,"Granite Point, AK",1,United States,US,Alaska,AK,2.0,35934,"Granite Point, AK",1,60.0,N,57.0,42.0,60.96166667,151.0,W,19.0,54.0,-151.33166667,10/1/2019 12:00:00 AM,,0,1
1593601,15936,XWC,Yantarni Bay Airport,"Yantarni Bay, AK",1,United States,US,Alaska,AK,2.0,35936,"Yantarni Bay, AK",1,56.0,N,53.0,0.0,56.88333333,156.0,W,34.0,0.0,-156.56666667,3/1/1990 12:00:00 AM,,0,1
1593801,15938,XWE,Copalis State,"Copalis, WA",93,United States,US,Washington,WA,53.0,35938,"Copalis, WA",93,47.0,N,7.0,39.0,47.1275,124.0,W,10.0,45.0,-124.17916667,3/1/1990 12:00:00 AM,6/30/2011 12:00:00 AM,0,0
1593901,15939,XWF,Jerome County,"Jerome, ID",83,United States,US,Idaho,ID,16.0,35939,"Jerome, ID",83,42.0,N,43.0,32.0,42.72555556,114.0,W,27.0,17.0,-114.45472222,1/1/1950 12:00:00 AM,6/30/2011 12:00:00 AM,0,0
1594101,15941,XWH,Aztec Municipal,"Aztec, NM",86,United States,US,New Mexico,NM,35.0,35941,"Aztec, NM",86,36.0,N,50.0,5.0,36.83472222,108.0,W,1.0,40.0,-108.02777778,3/1/1990 12:00:00 AM,6/30/2011 12:00:00 AM,0,0
1594301,15943,XWJ,Dexter Regional,"Dexter, ME",12,United States,US,Maine,ME,23.0,35943,"Dexter, ME",12,45.0,N,0.0,18.0,45.005,69.0,W,14.0,12.0,-69.23666667,3/1/1990 12:00:00 AM,6/30/2011 12:00:00 AM,0,0
1594401,15944,XWK,Port Orchard Airport,"Port Orchard, WA",93,United States,US,Washington,WA,53.0,35944,"Port Orchard, WA",93,47.0,N,26.0,0.0,47.43333333,122.0,W,39.0,53.0,-122.66472222,3/1/1990 12:00:00 AM,6/30/2011 12:00:00 AM,0,0
1594501,15945,XWL,McCarley Field,"Blackfoot, ID",83,United States,US,Idaho,ID,16.0,35945,"Blackfoot, ID",83,43.0,N,12.0,45.0,43.2125,112.0,W,20.0,45.0,-112.34583333,3/1/1990 12:00:00 AM,6/30/2011 12:00:00 AM,0,0
1594701,15947,XWN,William P Gwinn,"Jupiter, FL",33,United States,US,Florida,FL,12.0,35947,"Jupiter, FL",33,26.0,N,53.0,53.0,26.89805556,80.0,W,19.0,39.0,-80.3275,3/1/1991 12:00:00 AM,6/30/2011 12:00:00 AM,0,0
1594801,15948,XWO,Kimball Municipal/Robert E. Arraj Field,"Kimball, NE",65,United States,US,Nebraska,NE,31.0,35948,"Kimball, NE",65,41.0,N,11.0,17.0,41.18805556,103.0,W,40.0,37.0,-103.67694444,3/1/1991 12:00:00 AM,6/30/2011 12:00:00 AM,0,0
1595201,15952,XWS,Oliktok LRRS,"Oliktok, AK",1,United States,US,Alaska,AK,2.0,35952,"Oliktok, AK",1,70.0,N,30.0,0.0,70.5,149.0,W,52.0,35.0,-149.87638889,1/1/1950 12:00:00 AM,6/30/2011 12:00:00 AM,0,0
1595301,15953,XWT,Nushagak Bay Airport,"Nushagak Bay, AK",1,United States,US,Alaska,AK,2.0,35953,"Nushagak Bay, AK",1,57.0,N,27.0,0.0,57.45,158.0,W,0.0,0.0,-158.0,3/1/1991 12:00:00 AM,,0,1
1595401,15954,XWU,Perry County,"Marion, AL",51,United States,US,Alabama,AL,1.0,35954,"Marion, AL",51,32.0,N,33.0,30.0,32.55833333,87.0,W,18.0,35.0,-87.30972222,3/1/1991 12:00:00 AM,,0,1
1595601,15956,XWW,Teton Peaks,"Driggs, ID",83,United States,US,Idaho,ID,16.0,35956,"Driggs, ID",83,43.0,N,44.0,15.0,43.7375,111.0,W,6.0,15.0,-111.10416667,3/1/1991 12:00:00 AM,6/30/2011 12:00:00 AM,0,0
1596301,15963,XXD,Smiley Johnson Municipal/Bass Field,"Clarendon, TX",74,United States,US,Texas,TX,48.0,35963,"Clarendon, TX",74,34.0,N,54.0,38.0,34.91055556,100.0,W,52.0,10.0,-100.86944444,3/1/1988 12:00:00 AM,6/30/2011 12:00:00 AM,0,0
1596401,15964,XXE,Lakewood Airport,"Lakewood, NJ",21,United States,US,New Jersey,NJ,34.0,35964,"Lakewood, NJ",21,40.0,N,3.0,57.0,40.06583333,74.0,W,10.0,48.0,-74.18,3/1/1988 12:00:00 AM,6/30/2011 12:00:00 AM,0,0
1596601,15966,XXG,Arthur D. Little Heliport,"Cambridge, MA",13,United States,US,Massachusetts,MA,25.0,32495,"Cambridge, MA",13,42.0,N,30.0,0.0,42.5,71.0,W,7.0,4.0,-71.11777778,3/1/1988 12:00:00 AM,,0,1
1597101,15971,XXN,Ells Field-Willits Municipal,"Willits, CA",91,United States,US,California,CA,6.0,35971,"Willits, CA",91,39.0,N,27.0,4.0,39.45111111,123.0,W,22.0,8.0,-123.36888889,12/1/1987 12:00:00 AM,6/30/2011 12:00:00 AM,0,0
1597201,15972,XXO,Hurricane Airport,"Hurricane, UT",87,United States,US,Utah,UT,49.0,35972,"Hurricane, UT",87,37.0,N,8.0,20.0,37.13888889,113.0,W,18.0,20.0,-113.30555556,12/1/1987 12:00:00 AM,6/30/2011 12:00:00 AM,0,0
1597301,15973,XXP,Lampson,"Lakeport, CA",91,United States,US,California,CA,6.0,35973,"Lakeport, CA",91,38.0,N,59.0,25.0,38.99027778,122.0,W,53.0,55.0,-122.89861111,12/1/1987 12:00:00 AM,6/30/2011 12:00:00 AM,0,0
1597501,15975,XXR,Mariposa-Yosemite,"Mariposa, CA",91,United States,US,California,CA,6.0,35975,"Mariposa, CA",91,37.0,N,30.0,39.0,37.51083333,120.0,W,2.0,27.0,-120.04083333,12/1/1987 12:00:00 AM,6/30/2011 12:00:00 AM,0,0
1597601,15976,XXS,Hobby Field,"Creswell, OR",92,United States,US,Oregon,OR,41.0,35976,"Creswell, OR",92,43.0,N,56.0,0.0,43.93333333,123.0,W,0.0,0.0,-123.0,12/1/1987 12:00:00 AM,6/30/2011 12:00:00 AM,0,0
1597701,15977,XXT,Polson Airport,"Polson, MT",84,United States,US,Montana,MT,30.0,35977,"Polson, MT",84,47.0,N,41.0,44.0,47.69555556,114.0,W,11.0,3.0,-114.18416667,1/1/1950 12:00:00 AM,6/30/2011 12:00:00 AM,0,0
1597801,15978,XXU,Ashland Municipal-Sumner Parker Field,"Ashland, OR",92,United States,US,Oregon,OR,41.0,35978,"Ashland, OR",92,42.0,N,11.0,28.0,42.19111111,122.0,W,39.0,32.0,-122.65888889,12/1/1979 12:00:00 AM,6/30/2011 12:00:00 AM,0,0
1597901,15979,XXV,Decatur Shores,"Decatur, WA",93,United States,US,Washington,WA,53.0,35979,"Decatur, WA",93,48.0,N,30.0,15.0,48.50416667,122.0,W,48.0,50.0,-122.81388889,1/1/1950 12:00:00 AM,6/30/2011 12:00:00 AM,0,0
1598001,15980,XXW,Lake City Municipal,"Lake City, FL",33,United States,US,Florida,FL,12.0,35980,"Lake City, FL",33,30.0,N,10.0,50.0,30.18055556,82.0,W,34.0,47.0,-82.57972222,1/1/1950 12:00:00 AM,6/30/2011 12:00:00 AM,0,0
1598006,15980,LCQ,Lake City Gateway,"Lake City, FL",33,United States,US,Florida,FL,12.0,35980,"Lake City, FL",33,30.0,N,10.0,55.0,30.18194444,82.0,W,34.0,37.0,-82.57694444,10/1/2019 12:00:00 AM,,0,1
1598101,15981,XXX,Intermountain Regional,"Mena, AR",71,United States,US,Arkansas,AR,5.0,35981,"Mena, AR",71,34.0,N,32.0,56.0,34.54888889,94.0,W,12.0,26.0,-94.20722222,1/1/1950 12:00:00 AM,9/30/2001 12:00:00 AM,0,0
1598201,15982,XXY,Rohnerville,"Fortuna, CA",91,United States,US,California,CA,6.0,35982,"Fortuna, CA",91,40.0,N,33.0,15.0,40.55416667,124.0,W,7.0,53.0,-124.13138889,3/1/1988 12:00:00 AM,6/30/2011 12:00:00 AM,0,0
1598301,15983,XXZ,Black Rock,"Zuni Pueblo, NM",86,United States,US,New Mexico,NM,35.0,35983,"Zuni Pueblo, NM",86,35.0,N,4.0,59.0,35.08305556,108.0,W,47.0,28.0,-108.79111111,3/1/1988 12:00:00 AM,6/30/2011 12:00:00 AM,0,0
1599101,15991,YAK,Yakutat Airport,"Yakutat, AK",1,United States,US,Alaska,AK,2.0,35991,"Yakutat, AK",1,59.0,N,30.0,33.0,59.50916667,139.0,W,39.0,35.0,-139.65972222,1/1/1950 12:00:00 AM,6/30/2011 12:00:00 AM,0,0
1609101,16091,YIP,Willow Run,"Detroit, MI",43,United States,US,Michigan,MI,26.0,31295,"Detroit, MI",43,42.0,N,14.0,16.0,42.23777778,83.0,W,31.0,50.0,-83.53055556,1/1/1950 12:00:00 AM,6/30/2011 12:00:00 AM,0,0
1610101,16101,YKM,Yakima Air Terminal/McAllister Field,"Yakima, WA",93,United States,US,Washington,WA,53.0,36101,"Yakima, WA",93,46.0,N,34.0,1.0,46.56694444,120.0,W,32.0,16.0,-120.53777778,1/1/1950 12:00:00 AM,6/30/2011 12:00:00 AM,0,0
1610201,16102,YKN,Chan Gurney Municipal,"Yankton, SD",67,United States,US,South Dakota,SD,46.0,36102,"Yankton, SD",67,42.0,N,55.0,1.0,42.91694444,97.0,W,23.0,11.0,-97.38638889,1/1/1950 12:00:00 AM,6/30/2011 12:00:00 AM,0,0
1613301,16133,YNG,Youngstown-Warren Regional,"Youngstown/Warren, OH",44,United States,US,Ohio,OH,39.0,36133,"Youngstown/Warren, OH",44,41.0,N,15.0,22.0,41.25611111,80.0,W,40.0,11.0,-80.66972222,1/1/1950 12:00:00 AM,6/30/2011 12:00:00 AM,0,0
1621801,16218,YUM,Yuma MCAS/Yuma International,"Yuma, AZ",81,United States,US,Arizona,AZ,4.0,33785,"Yuma, AZ",81,32.0,N,39.0,24.0,32.65666667,114.0,W,36.0,21.0,-114.60583333,1/1/1950 12:00:00 AM,9/30/2018 12:00:00 AM,0,0
1631101,16311,ZNC,Nyac Airport,"Nyac, AK",1,United States,US,Alaska,AK,2.0,36311,"Nyac, AK",1,60.0,N,58.0,53.0,60.98138889,159.0,W,59.0,28.0,-159.99111111,1/1/1950 12:00:00 AM,6/30/2011 12:00:00 AM,0,0
1633501,16335,ZXB,Double Eagle II,"Albuquerque, NM",86,United States,US,New Mexico,NM,35.0,30140,"Albuquerque, NM",86,35.0,N,8.0,48.0,35.14666667,106.0,W,48.0,18.0,-106.805,12/1/1986 12:00:00 AM,6/30/2011 12:00:00 AM,0,0
1633601,16336,ZXC,Ward Field,"Gasquet, CA",91,United States,US,California,CA,6.0,36336,"Gasquet, CA",91,41.0,N,50.0,45.0,41.84583333,123.0,W,59.0,0.0,-123.98333333,3/1/1990 12:00:00 AM,6/30/2011 12:00:00 AM,0,0
1633901,16339,ZXF,Illinois Creek Airport,"Illinois Creek, AK",1,United States,US,Alaska,AK,2.0,36339,"Illinois Creek, AK",1,64.0,N,7.0,0.0,64.11666667,157.0,W,21.0,0.0,-157.35,3/1/1990 12:00:00 AM,,0,1
1634001,16340,ZXH,Chomondely Sound Airport,"Chomondely Sound, AK",1,United States,US,Alaska,AK,2.0,36340,"Chomondely Sound, AK",1,55.0,N,14.0,21.0,55.23916667,132.0,W,6.0,51.0,-132.11416667,3/1/1990 12:00:00 AM,,0,1
1634101,16341,ZXI,Coal Bay Airport,"Coal Bay, AK",1,United States,US,Alaska,AK,2.0,36341,"Coal Bay, AK",1,55.0,N,30.0,2.0,55.50055556,132.0,W,29.0,15.0,-132.4875,3/1/1990 12:00:00 AM,,0,1
1634201,16342,ZXJ,Happy Harbour Airport,"Happy Harbour, AK",1,United States,US,Alaska,AK,2.0,36342,"Happy Harbour, AK",1,55.0,N,29.0,18.0,55.48833333,132.0,W,20.0,0.0,-132.33333333,3/1/1990 12:00:00 AM,,0,1
1634301,16343,ZXK,Lancaster Cove Airport,"Lancaster Cove, AK",1,United States,US,Alaska,AK,2.0,36343,"Lancaster Cove, AK",1,55.0,N,13.0,0.0,55.21666667,132.0,W,5.0,11.0,-132.08638889,3/1/1990 12:00:00 AM,,0,1
1634401,16344,ZXL,Reid Cove Airport,"Reid Cove, AK",1,United States,US,Alaska,AK,2.0,36344,"Reid Cove, AK",1,55.0,N,12.0,0.0,55.2,132.0,W,14.0,18.0,-132.23833333,3/1/1990 12:00:00 AM,,0,1
1634501,16345,ZXM,Saltery Cove Airport,"Saltery Cove, AK",1,United States,US,Alaska,AK,2.0,36345,"Saltery Cove, AK",1,55.0,N,24.0,31.0,55.40861111,132.0,W,19.0,45.0,-132.32916667,3/1/1990 12:00:00 AM,,0,1
1634601,16346,ZXN,Clover Bay Airport,"Clover Bay, AK",1,United States,US,Alaska,AK,2.0,36346,"Clover Bay, AK",1,55.0,N,17.0,56.0,55.29888889,132.0,W,8.0,42.0,-132.145,3/1/1990 12:00:00 AM,,0,1
1634701,16347,ZXO,El Capitan Peak,"El Capitan, AK",1,United States,US,Alaska,AK,2.0,36347,"El Capitan, AK",1,56.0,N,11.0,3.0,56.18416667,133.0,W,18.0,38.0,-133.31055556,3/1/1990 12:00:00 AM,,0,1
1634801,16348,ZXP,Salmon Bay Lake Airport,"Salmon Bay Lake, AK",1,United States,US,Alaska,AK,2.0,36348,"Salmon Bay Lake, AK",1,56.0,N,14.0,14.0,56.23722222,133.0,W,11.0,20.0,-133.18888889,3/1/1990 12:00:00 AM,,0,1
1635201,16352,ZXT,Cloverdale Municipal,"Cloverdale, CA",91,United States,US,California,CA,6.0,36352,"Cloverdale, CA",91,38.0,N,46.0,28.0,38.77444444,122.0,W,59.0,28.0,-122.99111111,3/1/1990 12:00:00 AM,6/30/2011 12:00:00 AM,0,0
1635301,16353,ZXU,Quonset State,"North Kingstown, RI",15,United States,US,Rhode Island,RI,44.0,36353,"North Kingstown, RI",15,41.0,N,35.0,50.0,41.59722222,71.0,W,24.0,44.0,-71.41222222,1/1/1950 12:00:00 AM,,0,1
1635401,16354,ZXV,Nappanee Municipal,"Nappanee, IN",42,United States,US,Indiana,IN,18.0,36354,"Nappanee, IN",42,41.0,N,26.0,46.0,41.44611111,85.0,W,56.0,5.0,-85.93472222,3/1/1990 12:00:00 AM,12/31/2005 12:00:00 AM,0,0
1635501,16355,ZXW,Skypark,"Paradise, CA",91,United States,US,California,CA,6.0,36355,"Paradise, CA",91,39.0,N,42.0,35.0,39.70972222,121.0,W,36.0,55.0,-121.61527778,3/1/1990 12:00:00 AM,6/30/2011 12:00:00 AM,0,0
1635601,16356,ZXX,Vista Field,"Kennewick, WA",93,United States,US,Washington,WA,53.0,36356,"Kennewick, WA",93,46.0,N,13.0,6.0,46.21833333,119.0,W,12.0,34.0,-119.20944444,3/1/1990 12:00:00 AM,6/30/2011 12:00:00 AM,0,0
1635701,16357,ZXY,Blake Field,"Delta, CO",82,United States,US,Colorado,CO,8.0,36357,"Delta, CO",82,38.0,N,47.0,0.0,38.78333333,108.0,W,3.0,55.0,-108.06527778,3/1/1990 12:00:00 AM,6/30/2011 12:00:00 AM,0,0
1635801,16358,ZXZ,Waterville Airport,"Waterville, WA",93,United States,US,Washington,WA,53.0,36358,"Waterville, WA",93,47.0,N,39.0,15.0,47.65416667,120.0,W,3.0,15.0,-120.05416667,3/1/1990 12:00:00 AM,6/30/2011 12:00:00 AM,0,0
1636101,16361,ZZV,Zanesville Municipal,"Zanesville, OH",44,United States,US,Ohio,OH,39.0,36361,"Zanesville, OH",44,39.0,N,56.0,34.0,39.94277778,81.0,W,53.0,33.0,-81.8925,1/1/1950 12:00:00 AM,6/30/2011 12:00:00 AM,0,0
1636301,16363,FHB,Fernandina Beach Municipal,"Fernandina Beach, FL",33,United States,US,Florida,FL,12.0,36363,"Fernandina Beach, FL",33,30.0,N,36.0,43.0,30.61194444,81.0,W,27.0,40.0,-81.46111111,1/1/2010 12:00:00 AM,,0,1
1639001,16390,BVU,Beluga Airport,"Beluga, AK",1,United States,US,Alaska,AK,2.0,36390,"Beluga, AK",1,61.0,N,10.0,23.0,61.17305556,151.0,W,2.0,35.0,-151.04305556,3/1/1993 12:00:00 AM,6/30/2011 12:00:00 AM,0,0
1641201,16412,TX8,Slaton Municipal,"Slaton, TX",74,United States,US,Texas,TX,48.0,36412,"Slaton, TX",74,33.0,N,29.0,5.0,33.48472222,101.0,W,39.0,39.0,-101.66083333,1/1/2010 12:00:00 AM,1/31/2012 12:00:00 AM,0,0
1641401,16414,MS2,Picayune Municipal,"Picayune, MS",53,United States,US,Mississippi,MS,28.0,36414,"Picayune, MS",53,30.0,N,29.0,15.0,30.4875,89.0,W,39.0,4.0,-89.65111111,4/1/2010 12:00:00 AM,,0,1
1641901,16419,UOS,Franklin County,"Sewanee, TN",54,United States,US,Tennessee,TN,47.0,36419,"Sewanee, TN",54,35.0,N,12.0,19.0,35.20527778,85.0,W,53.0,53.0,-85.89805556,3/1/2010 12:00:00 AM,,0,1
1642201,16422,GUF,Jack Edwards,"Gulf Shores, AL",51,United States,US,Alabama,AL,1.0,36422,"Gulf Shores, AL",51,30.0,N,17.0,26.0,30.29055556,87.0,W,40.0,18.0,-87.67166667,3/1/2010 12:00:00 AM,6/30/2011 12:00:00 AM,0,0
1642301,16423,AL4,South Alabama Regional at Bill Benton Field,"Andalusia/Opp, AL",51,United States,US,Alabama,AL,1.0,36423,"Andalusia/Opp, AL",51,31.0,N,18.0,32.0,31.30888889,86.0,W,23.0,38.0,-86.39388889,3/1/2010 12:00:00 AM,6/30/2011 12:00:00 AM,0,0
1642401,16424,MI4,Frankfort Dow Memorial Field,"Frankfort, MI",43,United States,US,Michigan,MI,26.0,36427,"Frankfort, MI",43,44.0,N,37.0,31.0,44.62527778,86.0,W,12.0,3.0,-86.20083333,4/1/2010 12:00:00 AM,6/30/2011 12:00:00 AM,0,0
1642501,16425,NY4,Potsdam Municipal,"Potsdam, NY",22,United States,US,New York,NY,36.0,36428,"Potsdam, NY",22,44.0,N,40.0,36.0,44.67666667,74.0,W,56.0,54.0,-74.94833333,4/1/2010 12:00:00 AM,3/31/2015 12:00:00 AM,0,0
1642601,16426,ADT,Ada Municipal,"Ada, OK",73,United States,US,Oklahoma,OK,40.0,36429,"Ada, OK",73,34.0,N,48.0,15.0,34.80416667,96.0,W,40.0,16.0,-96.67111111,1/1/2010 12:00:00 AM,7/31/2017 12:00:00 AM,0,0
1642701,16427,WNC,Naukati Bay Seaplane Base,"Tuxekan Island, AK",1,United States,US,Alaska,AK,2.0,36430,"Tuxekan Island, AK",1,55.0,N,50.0,59.0,55.84972222,133.0,W,13.0,40.0,-133.22777778,1/1/2010 12:00:00 AM,,0,1
1642801,16428,L41,Marble Canyon Airport,"Marble Canyon, AZ",81,United States,US,Arizona,AZ,4.0,33572,"Marble Canyon, AZ",81,36.0,N,48.0,45.0,36.8125,111.0,W,38.0,48.0,-111.64666667,1/1/2010 12:00:00 AM,6/30/2011 12:00:00 AM,0,0
1642901,16429,6B0,Middlebury State,"Middlebury, VT",16,United States,US,Vermont,VT,50.0,36431,"Middlebury, VT",16,43.0,N,59.0,5.0,43.98472222,73.0,W,5.0,45.0,-73.09583333,7/1/2010 12:00:00 AM,9/30/2011 12:00:00 AM,0,0
1643101,16431,U36,Aberdeen Municipal,"Aberdeen, ID",83,United States,US,Idaho,ID,16.0,36433,"Aberdeen, ID",83,42.0,N,55.0,16.0,42.92111111,112.0,W,52.0,52.0,-112.88111111,7/1/2010 12:00:00 AM,6/30/2011 12:00:00 AM,0,0
1644101,16441,CT1,Robertson Field,"Plainville, CT",11,United States,US,Connecticut,CT,9.0,36442,"Plainville, CT",11,41.0,N,41.0,25.0,41.69027778,72.0,W,51.0,53.0,-72.86472222,7/1/2010 12:00:00 AM,9/30/2011 12:00:00 AM,0,0
1644201,16442,NY5,Sky Acres,"Millbrook, NY",22,United States,US,New York,NY,36.0,36443,"Millbrook, NY",22,41.0,N,42.0,27.0,41.7075,73.0,W,44.0,17.0,-73.73805556,7/1/2010 12:00:00 AM,,0,1
1644501,16445,ID1,Driggs-Reed Memorial,"Driggs, ID",83,United States,US,Idaho,ID,16.0,35956,"Driggs, ID",83,43.0,N,44.0,31.0,43.74194444,111.0,W,5.0,52.0,-111.09777778,7/1/2010 12:00:00 AM,6/30/2011 12:00:00 AM,0,0
1644901,16449,PGR,Kirk Field,"Paragould, AR",71,United States,US,Arkansas,AR,5.0,36448,"Paragould, AR",71,36.0,N,3.0,50.0,36.06388889,90.0,W,30.0,33.0,-90.50916667,7/1/2010 12:00:00 AM,,0,1
1645101,16451,AZ4,Sheepy Hollow Ranch,"Salome, AZ",81,United States,US,Arizona,AZ,4.0,36449,"Salome, AZ",81,33.0,N,47.0,15.0,33.7875,113.0,W,38.0,33.0,-113.6425,7/1/2010 12:00:00 AM,,0,1
1645301,16453,SD2,Gregory Municipal Flynn Field,"Gregory, SD",67,United States,US,South Dakota,SD,46.0,36451,"Gregory, SD",67,43.0,N,13.0,18.0,43.22166667,99.0,W,24.0,12.0,-99.40333333,10/1/2010 12:00:00 AM,,0,1
1645401,16454,VGC,Hamilton Municipal,"Hamilton, NY",22,United States,US,New York,NY,36.0,36452,"Hamilton, NY",22,42.0,N,50.0,38.0,42.84388889,75.0,W,33.0,41.0,-75.56138889,10/1/2010 12:00:00 AM,6/30/2011 12:00:00 AM,0,0
1645501,16455,AL5,Demopolis Municipal,"Demopolis, AL",51,United States,US,Alabama,AL,1.0,36453,"Demopolis, AL",51,32.0,N,27.0,50.0,32.46388889,87.0,W,57.0,15.0,-87.95416667,10/1/2010 12:00:00 AM,3/31/2015 12:00:00 AM,0,0
1645901,16459,S24,Sandusky County Regional,"Fremont, OH",44,United States,US,Ohio,OH,39.0,36456,"Fremont, OH",44,41.0,N,17.0,45.0,41.29583333,83.0,W,2.0,14.0,-83.03722222,4/1/2010 12:00:00 AM,,0,1
1646301,16463,MD1,Freeway,"Michellville, MD",35,United States,US,Maryland,MD,24.0,36460,"Michellville, MD",35,38.0,N,56.0,29.0,38.94138889,76.0,W,46.0,21.0,-76.7725,1/1/2011 12:00:00 AM,,0,1
1646801,16468,MS3,Philadelphia Municipal,"Philadelphia, MS",53,United States,US,Mississippi,MS,28.0,36462,"Philadelphia, MS",53,32.0,N,47.0,57.0,32.79916667,89.0,W,7.0,34.0,-89.12611111,1/1/2011 12:00:00 AM,,0,1
1646901,16469,MN4,Wadena Municipal,"Wadena, MN",63,United States,US,Minnesota,MN,27.0,36463,"Wadena, MN",63,46.0,N,27.0,1.0,46.45027778,95.0,W,12.0,39.0,-95.21083333,1/1/2011 12:00:00 AM,9/30/2011 12:00:00 AM,0,0
1647001,16470,OH8,Bluffton Airport,"Bluffton, OH",44,United States,US,Ohio,OH,39.0,36464,"Bluffton, OH",44,40.0,N,53.0,8.0,40.88555556,83.0,W,52.0,7.0,-83.86861111,4/1/1976 12:00:00 AM,,0,1
1647201,16472,AA7,Independence Creek Airport,"Independence Creek, AK",1,United States,US,Alaska,AK,2.0,36466,"Independence Creek, AK",1,65.0,N,40.0,25.0,65.67361111,162.0,W,27.0,51.0,-162.46416667,1/1/2011 12:00:00 AM,,0,1
1647301,16473,BEC,Beech Factory,"Wichita, KS",62,United States,US,Kansas,KS,20.0,30928,"Wichita, KS",62,37.0,N,41.0,40.0,37.69444444,97.0,W,12.0,54.0,-97.215,3/1/2011 12:00:00 AM,5/31/2012 12:00:00 AM,0,0
1647401,16474,GA4,Jackson County,"Jefferson, GA",34,United States,US,Georgia,GA,13.0,36467,"Jefferson, GA",34,34.0,N,10.0,33.0,34.17583333,83.0,W,33.0,42.0,-83.56166667,3/1/2011 12:00:00 AM,9/30/2011 12:00:00 AM,0,0
1647901,16479,MA2,Turners Falls,"Montague, MA",13,United States,US,Massachusetts,MA,25.0,36469,"Montague, MA",13,42.0,N,35.0,29.0,42.59138889,72.0,W,31.0,22.0,-72.52277778,1/1/2011 12:00:00 AM,9/30/2011 12:00:00 AM,0,0
1648701,16487,MA3,Taunton Municipal King Field,"Taunton, MA",13,United States,US,Massachusetts,MA,25.0,36477,"Taunton, MA",13,41.0,N,52.0,28.0,41.87444444,71.0,W,1.0,0.0,-71.01666667,4/1/2011 12:00:00 AM,12/31/2011 12:00:00 AM,0,0
1648901,16489,AK1,Kelly Creek Airstrip,"Seward Peninsula, AK",1,United States,US,Alaska,AK,2.0,36479,"Seward Peninsula, AK",1,65.0,N,46.0,22.0,65.77277778,165.0,W,53.0,25.0,-165.89027778,1/1/2011 12:00:00 AM,,0,1
1649001,16490,AK2,Bear Fish Camp Airport,"Bear Fish Camp, AK",1,United States,US,Alaska,AK,2.0,36480,"Bear Fish Camp, AK",1,60.0,N,42.0,37.0,60.71027778,151.0,W,43.0,16.0,-151.72111111,1/1/2011 12:00:00 AM,,0,1
1649101,16491,PNN,Princeton Municipal,"Princeton, ME",12,United States,US,Maine,ME,23.0,36490,"Princeton, ME",12,45.0,N,12.0,2.0,45.20055556,67.0,W,33.0,52.0,-67.56444444,4/1/2011 12:00:00 AM,,0,1
1649501,16495,CT2,Simsbury Airport,"Simsbury, CT",11,United States,US,Connecticut,CT,9.0,36485,"Simsbury, CT",11,41.0,N,55.0,58.0,41.93277778,72.0,W,46.0,37.0,-72.77694444,4/1/2011 12:00:00 AM,,0,1
1649601,16496,WV2,Logan County,"Logan, WV",39,United States,US,West Virginia,WV,54.0,36486,"Logan, WV",39,37.0,N,51.0,20.0,37.85555556,81.0,W,54.0,57.0,-81.91583333,4/1/2011 12:00:00 AM,,0,1
1649701,16497,AL6,H. L. Sonny Callahan,"Fairhope, AL",51,United States,US,Alabama,AL,1.0,36487,"Fairhope, AL",51,30.0,N,27.0,38.0,30.46055556,87.0,W,52.0,37.0,-87.87694444,4/1/2011 12:00:00 AM,,0,1
1649801,16498,NY7,Skaneateles Aero Drome,"Skaneateles, NY",22,United States,US,New York,NY,36.0,36488,"Skaneateles, NY",22,42.0,N,54.0,50.0,42.91388889,76.0,W,26.0,27.0,-76.44083333,4/1/2011 12:00:00 AM,,0,1
1649901,16499,NY6,Fulton County,"Johnstown, NY",22,United States,US,New York,NY,36.0,36489,"Johnstown, NY",22,42.0,N,59.0,53.0,42.99805556,74.0,W,19.0,46.0,-74.32944444,4/1/2011 12:00:00 AM,,0,1
1650001,16500,MN5,Red Wing Regional,"Red Wing, MN",63,United States,US,Minnesota,MN,27.0,36492,"Red Wing, MN",63,44.0,N,35.0,22.0,44.58944444,92.0,W,29.0,6.0,-92.485,4/1/2011 12:00:00 AM,,0,1
1650201,16502,NC6,Henderson Oxford,"Oxford, NC",36,United States,US,North Carolina,NC,37.0,36494,"Oxford, NC",36,36.0,N,21.0,42.0,36.36166667,78.0,W,31.0,45.0,-78.52916667,6/1/2011 12:00:00 AM,3/31/2015 12:00:00 AM,0,0
1650301,16503,ME2,Islesboro Airport,"Islesboro, ME",12,United States,US,Maine,ME,23.0,36495,"Islesboro, ME",12,44.0,N,18.0,9.0,44.3025,68.0,W,54.0,38.0,-68.91055556,6/1/2011 12:00:00 AM,,0,1
1650401,16504,PA3,Cherry Ridge,"Honesdale, PA",23,United States,US,Pennsylvania,PA,42.0,36496,"Honesdale, PA",23,41.0,N,30.0,55.0,41.51527778,75.0,W,15.0,5.0,-75.25138889,6/1/2011 12:00:00 AM,10/31/2011 12:00:00 AM,0,0
1650501,16505,AK3,Gold King Creek,"Fairbanks, AK",1,United States,US,Alaska,AK,2.0,31517,"Fairbanks, AK",1,64.0,N,11.0,53.0,64.19805556,147.0,W,55.0,43.0,-147.92861111,7/1/2011 12:00:00 AM,,0,1
1650801,16508,AK4,Squaw Lake Airport,"Squaw Lake, AK",1,United States,US,Alaska,AK,2.0,36500,"Squaw Lake, AK",1,67.0,N,34.0,50.0,67.58055556,148.0,W,9.0,53.0,-148.16472222,6/1/2011 12:00:00 AM,,0,1
1650901,16509,TN9,Gatlinburg-Pigeon Forge,"Sevierville, TN",54,United States,US,Tennessee,TN,47.0,36501,"Sevierville, TN",54,35.0,N,51.0,28.0,35.85777778,83.0,W,31.0,43.0,-83.52861111,7/1/2011 12:00:00 AM,,0,1
1651001,16510,NC7,Michael J. Smith Field,"Beaufort, NC",36,United States,US,North Carolina,NC,37.0,36502,"Beaufort, NC",36,34.0,N,44.0,1.0,34.73361111,76.0,W,39.0,38.0,-76.66055556,7/1/2011 12:00:00 AM,4/30/2013 12:00:00 AM,0,0
1651101,16511,IN3,Indianapolis Metro,"Indianapolis, IN",42,United States,US,Indiana,IN,18.0,32337,"Indianapolis, IN",42,39.0,N,56.0,7.0,39.93527778,86.0,W,2.0,42.0,-86.045,7/1/2011 12:00:00 AM,,0,1
1651201,16512,NY8,Mattituck Airport,"Mattituck, NY",22,United States,US,New York,NY,36.0,36503,"Mattituck, NY",22,40.0,N,59.0,13.0,40.98694444,72.0,W,31.0,9.0,-72.51916667,7/1/2011 12:00:00 AM,,0,1
1651501,16515,WA9,Anderson Field,"Brewster, WA",93,United States,US,Washington,WA,53.0,36506,"Brewster, WA",93,48.0,N,6.0,18.0,48.105,119.0,W,43.0,14.0,-119.72055556,9/1/2011 12:00:00 AM,6/30/2019 12:00:00 AM,0,0
1651701,16517,CA6,Chemehuevi Valley Airport,"Chemehuevi Valley, CA",91,United States,US,California,CA,6.0,36507,"Chemehuevi Valley, CA",91,34.0,N,31.0,44.0,34.52888889,114.0,W,25.0,55.0,-114.43194444,9/1/2011 12:00:00 AM,,0,1
1651901,16519,PA4,Carlisle Airport,"Carlisle, PA",23,United States,US,Pennsylvania,PA,42.0,36509,"Carlisle, PA",23,40.0,N,11.0,16.0,40.18777778,77.0,W,10.0,27.0,-77.17416667,10/1/2011 12:00:00 AM,,0,1
1652001,16520,DE2,Summit,"Middletown, DE",31,United States,US,Delaware,DE,10.0,36510,"Middletown, DE",31,39.0,N,31.0,16.0,39.52111111,75.0,W,43.0,25.0,-75.72361111,10/1/2011 12:00:00 AM,9/30/2022 12:00:00 AM,0,0
1652101,16521,BPI,Miley Memorial Field,"Big Piney, WY",88,United States,US,Wyoming,WY,56.0,36511,"Big Piney, WY",88,42.0,N,35.0,6.0,42.585,110.0,W,6.0,40.0,-110.11111111,10/1/2011 12:00:00 AM,6/30/2012 12:00:00 AM,0,0
1652401,16524,PGC,Grant County,"Petersburg, WV",39,United States,US,West Virginia,WV,54.0,36514,"Petersburg, WV",39,38.0,N,59.0,42.0,38.995,79.0,W,8.0,45.0,-79.14583333,10/1/2011 12:00:00 AM,,0,1
1652501,16525,PA5,Brandywine,"West Chester, PA",23,United States,US,Pennsylvania,PA,42.0,36515,"West Chester, PA",23,39.0,N,59.0,24.0,39.99,75.0,W,34.0,55.0,-75.58194444,7/1/2011 12:00:00 AM,3/31/2019 12:00:00 AM,0,0
1652601,16526,MA4,Marshfield Municipal George Harlow Field,"Marshfield, MA",13,United States,US,Massachusetts,MA,25.0,36516,"Marshfield, MA",13,42.0,N,5.0,54.0,42.09833333,70.0,W,40.0,20.0,-70.67222222,10/1/2011 12:00:00 AM,3/31/2015 12:00:00 AM,0,0
1652701,16527,MVC,Monroe County,"Monroeville, AL",51,United States,US,Alabama,AL,1.0,36517,"Monroeville, AL",51,31.0,N,27.0,29.0,31.45805556,87.0,W,21.0,4.0,-87.35111111,1/1/2012 12:00:00 AM,8/31/2017 12:00:00 AM,0,0
1652801,16528,VA5,Hanover County Municipal,"Richmond, VA",38,United States,US,Virginia,VA,51.0,34524,"Richmond, VA",38,37.0,N,42.0,32.0,37.70888889,77.0,W,26.0,12.0,-77.43666667,1/1/2012 12:00:00 AM,,0,1
1653201,16532,OH9,Medina Municipal,"Medina, OH",44,United States,US,Ohio,OH,39.0,36520,"Medina, OH",44,41.0,N,7.0,53.0,41.13138889,81.0,W,45.0,54.0,-81.765,1/1/2012 12:00:00 AM,,0,1
1653401,16534,FL6,Airglades,"Clewiston, FL",33,United States,US,Florida,FL,12.0,36521,"Clewiston, FL",33,26.0,N,44.0,7.0,26.73527778,81.0,W,3.0,4.0,-81.05111111,3/1/2012 12:00:00 AM,,0,1
1653601,16536,TOI,Troy Municipal,"Troy, AL",51,United States,US,Alabama,AL,1.0,36523,"Troy, AL",51,31.0,N,51.0,37.0,31.86027778,86.0,W,0.0,44.0,-86.01222222,1/1/2012 12:00:00 AM,5/31/2014 12:00:00 AM,0,0
1653701,16537,LA1,Natchitoches Regional,"Notchitoches, LA",72,United States,US,Louisiana,LA,22.0,36524,"Notchitoches, LA",72,31.0,N,44.0,9.0,31.73583333,93.0,W,5.0,57.0,-93.09916667,1/1/2012 12:00:00 AM,,0,1
1653801,16538,CTZ,Clinton Sampson County,"Clinton, NC",36,United States,US,North Carolina,NC,37.0,36525,"Clinton, NC",36,34.0,N,58.0,30.0,34.975,78.0,W,21.0,56.0,-78.36555556,1/1/2012 12:00:00 AM,,0,1
1653901,16539,IN4,Eagle Creek Airpark,"Indianapolis, IN",42,United States,US,Indiana,IN,18.0,32337,"Indianapolis, IN",42,39.0,N,49.0,51.0,39.83083333,86.0,W,17.0,40.0,-86.29444444,1/1/2012 12:00:00 AM,,0,1
1654001,16540,ME3,Belfast Municipal,"Belfast, ME",12,United States,US,Maine,ME,23.0,36526,"Belfast, ME",12,44.0,N,24.0,34.0,44.40944444,69.0,W,0.0,43.0,-69.01194444,3/1/2012 12:00:00 AM,,0,1
1654101,16541,OBE,Okeechobee County,"Okeechobee, FL",33,United States,US,Florida,FL,12.0,36527,"Okeechobee, FL",33,27.0,N,16.0,0.0,27.26666667,80.0,W,51.0,1.0,-80.85027778,3/1/2012 12:00:00 AM,9/30/2022 12:00:00 AM,0,0
1654201,16542,RBW,Lowcountry Regional,"Walterboro, SC",37,United States,US,South Carolina,SC,45.0,36528,"Walterboro, SC",37,32.0,N,55.0,16.0,32.92111111,80.0,W,38.0,26.0,-80.64055556,10/1/2011 12:00:00 AM,,0,1
1654301,16543,MA5,Northampton Airport,"Northampton, MA",13,United States,US,Massachusetts,MA,25.0,36529,"Northampton, MA",13,42.0,N,19.0,41.0,42.32805556,72.0,W,36.0,40.0,-72.61111111,3/1/2012 12:00:00 AM,10/31/2017 12:00:00 AM,0,0
1654701,16547,IA4,Pella Regional Health Center Heliport,"Pella, IA",61,United States,US,Iowa,IA,19.0,36533,"Pella, IA",61,41.0,N,24.0,4.0,41.40111111,92.0,W,56.0,45.0,-92.94583333,5/1/2012 12:00:00 AM,9/30/2015 12:00:00 AM,0,0
1654801,16548,NH1,Hampton Airfield,"Hampton, NH",14,United States,US,New Hampshire,NH,33.0,36534,"Hampton, NH",14,42.0,N,57.0,45.0,42.9625,70.0,W,49.0,43.0,-70.82861111,4/1/2012 12:00:00 AM,11/30/2017 12:00:00 AM,0,0
1654901,16549,TX9,Winters Municipal,"Winters, TX",74,United States,US,Texas,TX,48.0,36535,"Winters, TX",74,31.0,N,56.0,50.0,31.94722222,99.0,W,59.0,9.0,-99.98583333,4/1/2012 12:00:00 AM,,0,1
1655201,16552,NC8,Burlington Alamance Regional,"Burlington, NC",36,United States,US,North Carolina,NC,37.0,36538,"Burlington, NC",36,36.0,N,2.0,55.0,36.04861111,79.0,W,28.0,30.0,-79.475,6/1/2012 12:00:00 AM,7/31/2013 12:00:00 AM,0,0
1655301,16553,ME4,Oxford County Regional,"Oxford, ME",12,United States,US,Maine,ME,23.0,36539,"Oxford, ME",12,44.0,N,9.0,27.0,44.1575,70.0,W,28.0,53.0,-70.48138889,6/1/2012 12:00:00 AM,,0,1
1655501,16555,JWY,Mid Way Regional,"Midlothian/Waxahachie, TX",74,United States,US,Texas,TX,48.0,36541,"Midlothian/Waxahachie, TX",74,32.0,N,27.0,30.0,32.45833333,96.0,W,54.0,45.0,-96.9125,6/1/2012 12:00:00 AM,,0,1
1655801,16558,LA2,Hammond Northshore Regional,"Hammond, LA",72,United States,US,Louisiana,LA,22.0,36544,"Hammond, LA",72,30.0,N,31.0,18.0,30.52166667,90.0,W,25.0,6.0,-90.41833333,6/1/2012 12:00:00 AM,6/30/2025 12:00:00 AM,0,0
1656001,16560,OR4,Bend Municipal,"Bend, OR",92,United States,US,Oregon,OR,41.0,36546,"Bend, OR",92,44.0,N,5.0,40.0,44.09444444,121.0,W,12.0,1.0,-121.20027778,7/1/2012 12:00:00 AM,,0,1
1656101,16561,AZ5,Springerville Municipal,"Springerville, AZ",81,United States,US,Arizona,AZ,4.0,36547,"Springerville, AZ",81,34.0,N,7.0,46.0,34.12944444,109.0,W,18.0,39.0,-109.31083333,7/1/2012 12:00:00 AM,10/31/2017 12:00:00 AM,0,0
1656301,16563,OEO,L O Simenstad Municipal,"Osceola, WI",45,United States,US,Wisconsin,WI,55.0,36549,"Osceola, WI",45,45.0,N,18.0,34.0,45.30944444,92.0,W,41.0,24.0,-92.69,7/1/2012 12:00:00 AM,,0,1
1656601,16566,NV2,Jean Airport,"Jean, NV",85,United States,US,Nevada,NV,32.0,36552,"Jean, NV",85,35.0,N,46.0,6.0,35.76833333,115.0,W,19.0,47.0,-115.32972222,9/1/2012 12:00:00 AM,,0,1
1656701,16567,7AK,Akun Airport,"Akun, AK",1,United States,US,Alaska,AK,2.0,36553,"Akun, AK",1,54.0,N,8.0,41.0,54.14472222,165.0,W,36.0,15.0,-165.60416667,10/1/2012 12:00:00 AM,,0,1
1656801,16568,NJ4,Ocean City Municipal,"Ocean City, NJ",21,United States,US,New Jersey,NJ,34.0,36554,"Ocean City, NJ",21,39.0,N,15.0,48.0,39.26333333,74.0,W,36.0,27.0,-74.6075,12/1/2012 12:00:00 AM,9/30/2022 12:00:00 AM,0,0
1656901,16569,NY9,Hornell Municipal,"Hornell, NY",22,United States,US,New York,NY,36.0,36555,"Hornell, NY",22,42.0,N,22.0,56.0,42.38222222,77.0,W,40.0,56.0,-77.68222222,10/1/2012 12:00:00 AM,,0,1
1657101,16571,1NY,Penn Yan Airport,"Penn Yan, NY",22,United States,US,New York,NY,36.0,36557,"Penn Yan, NY",22,42.0,N,38.0,13.0,42.63694444,77.0,W,3.0,10.0,-77.05277778,1/1/2013 12:00:00 AM,10/31/2017 12:00:00 AM,0,0
1657201,16572,NV3,Searchlight Airport,"Searchlight, NV",85,United States,US,Nevada,NV,32.0,36558,"Searchlight, NV",85,35.0,N,26.0,40.0,35.44444444,114.0,W,54.0,34.0,-114.90944444,1/1/2013 12:00:00 AM,,0,1
1657301,16573,BBW,Broken Bow Municipal Kieth Glaze Field,"Broken Bow, NE",65,United States,US,Nebraska,NE,31.0,36559,"Broken Bow, NE",65,41.0,N,26.0,11.0,41.43638889,99.0,W,38.0,32.0,-99.64222222,1/1/2013 12:00:00 AM,11/30/2016 12:00:00 AM,0,0
1657701,16577,SC4,Berkeley County,"Moncks Corner, SC",37,United States,US,South Carolina,SC,45.0,36563,"Moncks Corner, SC",37,33.0,N,11.0,8.0,33.18555556,80.0,W,2.0,10.0,-80.03611111,1/1/2013 12:00:00 AM,9/30/2022 12:00:00 AM,0,0
1658001,16580,AK5,Qugruc Airport,"Qugruc, AK",1,United States,US,Alaska,AK,2.0,36566,"Qugruc, AK",1,70.0,N,22.0,13.0,70.37027778,150.0,W,25.0,16.0,-150.42111111,1/1/2013 12:00:00 AM,,0,1
1658101,16581,AK6,Gold King 2 Airport,"Gold King 2, AK",1,United States,US,Alaska,AK,2.0,36567,"Gold King 2, AK",1,64.0,N,4.0,17.0,64.07138889,148.0,W,0.0,0.0,-148.0,1/1/2013 12:00:00 AM,,0,1
1658201,16582,GA5,Thomson McDuffie County,"Thomson, GA",34,United States,US,Georgia,GA,13.0,36568,"Thomson, GA",34,33.0,N,31.0,47.0,33.52972222,82.0,W,31.0,1.0,-82.51694444,1/1/2013 12:00:00 AM,,0,1
1658301,16583,SC5,Summerville Airport,"Summerville, SC",37,United States,US,South Carolina,SC,45.0,36569,"Summerville, SC",37,33.0,N,3.0,48.0,33.06333333,80.0,W,16.0,46.0,-80.27944444,4/1/2013 12:00:00 AM,2/28/2018 12:00:00 AM,0,0
1658401,16584,AK7,Hunter Creek Mine,"Rampart, AK",1,United States,US,Alaska,AK,2.0,34559,"Rampart, AK",1,65.0,N,28.0,38.0,65.47722222,150.0,W,3.0,3.0,-150.05083333,4/1/2013 12:00:00 AM,,0,1
1658501,16585,NJ5,Sussex Airport,"Sussex, NJ",21,United States,US,New Jersey,NJ,34.0,36570,"Sussex, NJ",21,41.0,N,12.0,1.0,41.20027778,74.0,W,37.0,23.0,-74.62305556,7/1/2013 12:00:00 AM,,0,1
1658801,16588,VT1,Mount Snow,"West Dover, VT",16,United States,US,Vermont,VT,50.0,36573,"West Dover, VT",16,42.0,N,55.0,38.0,42.92722222,72.0,W,51.0,56.0,-72.86555556,1/1/2013 12:00:00 AM,11/30/2013 12:00:00 AM,0,0
1658901,16589,MN6,Hallock Municipal,"Hallock, MN",63,United States,US,Minnesota,MN,27.0,36574,"Hallock, MN",63,48.0,N,45.0,10.0,48.75277778,96.0,W,56.0,35.0,-96.94305556,9/1/2013 12:00:00 AM,,0,1
1659401,16594,CT3,Windham,"Willimantic, CT",11,United States,US,Connecticut,CT,9.0,36578,"Willimantic, CT",11,41.0,N,44.0,39.0,41.74416667,72.0,W,10.0,49.0,-72.18027778,11/1/2013 12:00:00 AM,,0,1
1659801,16598,CA7,Tracy Municipal,"Tracy, CA",91,United States,US,California,CA,6.0,36582,"Tracy, CA",91,37.0,N,41.0,20.0,37.68888889,121.0,W,26.0,30.0,-121.44166667,2/1/2014 12:00:00 AM,,0,1
1660301,16603,DHB,Deer Harbor Marina,"Deer Harbor, WA",93,United States,US,Washington,WA,53.0,36587,"Deer Harbor, WA",93,48.0,N,37.0,15.0,48.62083333,123.0,W,0.0,11.0,-123.00305556,1/1/2014 12:00:00 AM,,0,1
1662101,16621,AK8,Zips Airport,"Zips, AK",1,United States,US,Alaska,AK,2.0,36605,"Zips, AK",1,60.0,N,26.0,0.0,60.43333333,151.0,W,29.0,0.0,-151.48333333,1/1/2014 12:00:00 AM,,0,1
1662401,16624,VT2,Warren Sugarbush,"Warren, VT",16,United States,US,Vermont,VT,50.0,36608,"Warren, VT",16,44.0,N,7.0,3.0,44.1175,72.0,W,49.0,37.0,-72.82694444,4/1/2014 12:00:00 AM,,0,1
1662501,16625,NJ6,Flying W,"Lumberton, NJ",21,United States,US,New Jersey,NJ,34.0,36609,"Lumberton, NJ",21,39.0,N,56.0,3.0,39.93416667,74.0,W,48.0,26.0,-74.80722222,4/1/2014 12:00:00 AM,,0,1
1662701,16627,ME5,Bethel Regional,"Bethel, ME",12,United States,US,Maine,ME,23.0,36611,"Bethel, ME",12,44.0,N,25.0,31.0,44.42527778,70.0,W,48.0,36.0,-70.81,4/1/2014 12:00:00 AM,,0,1
1662801,16628,WI3,Ephraim Gibralter Creek,"Ehpriam, WI",45,United States,US,Wisconsin,WI,55.0,36612,"Ehpriam, WI",45,45.0,N,8.0,8.0,45.13555556,87.0,W,11.0,17.0,-87.18805556,4/1/2014 12:00:00 AM,3/31/2015 12:00:00 AM,0,0
1663001,16630,AK9,Tolstoi Bay Airport,"Tolstoi Bay, AK",1,United States,US,Alaska,AK,2.0,36614,"Tolstoi Bay, AK",1,55.0,N,44.0,0.0,55.73333333,132.0,W,26.0,0.0,-132.43333333,6/1/2014 12:00:00 AM,,0,1
1663301,16633,ME6,Cole Dyke,"Bethel2, ME",12,United States,US,Maine,ME,23.0,36617,"Bethel2, ME",12,44.0,N,30.0,2.0,44.50055556,71.0,W,52.0,42.0,-71.87833333,7/1/2014 12:00:00 AM,,0,1
1663401,16634,MQI,Quincy Airport,"Quincy, MA",13,United States,US,Massachusetts,MA,25.0,36618,"Quincy, MA",13,42.0,N,15.0,0.0,42.25,71.0,W,0.0,0.0,-71.0,7/1/2014 12:00:00 AM,,0,1
1663501,16635,NM1,Alexander Municipal,"Belen, NM",86,United States,US,New Mexico,NM,35.0,36619,"Belen, NM",86,34.0,N,38.0,42.0,34.645,106.0,W,50.0,1.0,-106.83361111,6/1/2014 12:00:00 AM,,0,1
1663901,16639,AZ6,Gila Bend Municipal,"Gila Bend, AZ",81,United States,US,Arizona,AZ,4.0,36623,"Gila Bend, AZ",81,32.0,N,57.0,37.0,32.96027778,112.0,W,40.0,25.0,-112.67361111,6/1/2014 12:00:00 AM,,0,1
1664001,16640,NC9,Richmond County,"Rockingham, NC",36,United States,US,North Carolina,NC,37.0,36624,"Rockingham, NC",36,34.0,N,53.0,29.0,34.89138889,79.0,W,45.0,35.0,-79.75972222,6/1/2014 12:00:00 AM,,0,1
1664301,16643,PA6,Pittsburgh Northeast,"Pittsburgh, PA",23,United States,US,Pennsylvania,PA,42.0,30198,"Pittsburgh, PA",23,40.0,N,36.0,13.0,40.60361111,79.0,W,49.0,34.0,-79.82611111,6/1/2014 12:00:00 AM,4/30/2015 12:00:00 AM,0,0
1664401,16644,CT4,Candlelight Farms,"New Milford, CT",11,United States,US,Connecticut,CT,9.0,36628,"New Milford, CT",11,41.0,N,34.0,9.0,41.56916667,73.0,W,27.0,43.0,-73.46194444,6/1/2014 12:00:00 AM,,0,1
1664701,16647,FAQ,Fitiuta,"Fitiuta Village, TT",5,United States,US,U.S. Pacific Trust Territories and Possessions,TT,75.0,36631,"Fitiuta Village, TT",5,14.0,S,12.0,58.0,-14.21611111,169.0,W,25.0,25.0,-169.42361111,7/1/2014 12:00:00 AM,11/30/2015 12:00:00 AM,0,0
1665101,16651,WA1,Camp Orkila Seaplane Base,"Camp Orkila Eastsound, WA",93,United States,US,Washington,WA,53.0,36635,"Camp Orkila Eastsound, WA",93,48.0,N,41.0,8.0,48.68555556,122.0,W,56.0,5.0,-122.93472222,1/1/2014 12:00:00 AM,,0,1
1665401,16654,WA3,Shaw Islands Water Aerodrome,"Shaw Island, WA",93,United States,US,Washington,WA,53.0,36638,"Shaw Island, WA",93,48.0,N,35.0,7.0,48.58527778,123.0,W,0.0,31.0,-123.00861111,1/1/2014 12:00:00 AM,,0,1
1665601,16656,CT5,Danielson Airport,"Danielson, CT",11,United States,US,Connecticut,CT,9.0,36640,"Danielson, CT",11,41.0,N,49.0,11.0,41.81972222,71.0,W,54.0,3.0,-71.90083333,6/1/2014 12:00:00 AM,,0,1
1665801,16658,T1X,Gainesville Municipal,"Gainesville, TX",74,United States,US,Texas,TX,48.0,36642,"Gainesville, TX",74,33.0,N,39.0,8.0,33.65222222,97.0,W,11.0,50.0,-97.19722222,10/1/2014 12:00:00 AM,11/30/2019 12:00:00 AM,0,0
1665802,16658,GLE,Gainesville Municipal,"Gainesville, TX",74,United States,US,Texas,TX,48.0,36642,"Gainesville, TX",74,33.0,N,39.0,8.0,33.65222222,97.0,W,11.0,50.0,-97.19722222,12/1/2019 12:00:00 AM,,0,1
1665901,16659,KIP,Kickapoo Downtown,"Wichita Falls, TX",74,United States,US,Texas,TX,48.0,34960,"Wichita Falls, TX",74,33.0,N,51.0,38.0,33.86055556,98.0,W,29.0,25.0,-98.49027778,10/1/2014 12:00:00 AM,,0,1
1666101,16661,NE3,York Municipal,"York, NE",65,United States,US,Nebraska,NE,31.0,36644,"York, NE",65,40.0,N,53.0,47.0,40.89638889,97.0,W,37.0,27.0,-97.62416667,10/1/2014 12:00:00 AM,,0,1
1666201,16662,AA2,Icicle Seafoods,"Naknek-1, AK",1,United States,US,Alaska,AK,2.0,36645,"Naknek-1, AK",1,58.0,N,42.0,34.0,58.70944444,157.0,W,4.0,17.0,-157.07138889,1/1/2014 12:00:00 AM,,0,1
1666301,16663,IN6,Clark Regional,"Jeffersonville, IN",42,United States,US,Indiana,IN,18.0,36646,"Jeffersonville, IN",42,38.0,N,21.0,56.0,38.36555556,85.0,W,44.0,17.0,-85.73805556,1/1/2015 12:00:00 AM,9/30/2018 12:00:00 AM,0,0
1666501,16665,BBD,Curtis Field,"Brady, TX",74,United States,US,Texas,TX,48.0,36648,"Brady, TX",74,31.0,N,10.0,45.0,31.17916667,99.0,W,19.0,26.0,-99.32388889,3/1/2015 12:00:00 AM,,0,1
1666601,16666,DE3,Delware Airpark,"Dover-Cheswold, DE",31,United States,US,Delaware,DE,10.0,36649,"Dover-Cheswold, DE",31,39.0,N,13.0,6.0,39.21833333,75.0,W,35.0,48.0,-75.59666667,1/1/2015 12:00:00 AM,,0,1
1666801,16668,A1K,Point Thomson Airstrip,"Deadhorse1, AK",1,United States,US,Alaska,AK,2.0,36651,"Deadhorse1, AK",1,70.0,N,8.0,10.0,70.13611111,146.0,W,17.0,24.0,-146.29,1/1/2015 12:00:00 AM,4/30/2021 12:00:00 AM,0,0
1666901,16669,AL7,Walker County Bevill Field,"Jasper, AL",51,United States,US,Alabama,AL,1.0,36652,"Jasper, AL",51,33.0,N,54.0,7.0,33.90194444,87.0,W,18.0,50.0,-87.31388889,1/1/2015 12:00:00 AM,,0,1
1667201,16672,PA7,New Garden,"Toughkenamon, PA",23,United States,US,Pennsylvania,PA,42.0,36655,"Toughkenamon, PA",23,39.0,N,49.0,50.0,39.83055556,75.0,W,46.0,11.0,-75.76972222,4/1/2015 12:00:00 AM,,0,1
1667301,16673,GA6,Cherokee County,"Canton, GA",34,United States,US,Georgia,GA,13.0,36656,"Canton, GA",34,34.0,N,18.0,44.0,34.31222222,84.0,W,25.0,20.0,-84.42222222,4/1/2015 12:00:00 AM,10/31/2017 12:00:00 AM,0,0
1667801,16678,WHP,Whiteman,"Los Angeles, CA",91,United States,US,California,CA,6.0,32575,"Los Angeles, CA (Metropolitan Area)",91,34.0,N,15.0,34.0,34.25944444,118.0,W,24.0,48.0,-118.41333333,4/1/2015 12:00:00 AM,,0,1
1667901,16679,MRF,Marfa Municipal,"Marfa, TX",74,United States,US,Texas,TX,48.0,36661,"Marfa, TX",74,30.0,N,22.0,16.0,30.37111111,104.0,W,1.0,3.0,-104.0175,4/1/2015 12:00:00 AM,,0,1
1668001,16680,N1Y,Canandaigua Airport,"Canandaigua, NY",22,United States,US,New York,NY,36.0,36662,"Canandaigua, NY",22,42.0,N,54.0,32.0,42.90888889,77.0,W,19.0,31.0,-77.32527778,4/1/2015 12:00:00 AM,10/31/2017 12:00:00 AM,0,0
1668101,16681,CT6,Goodspeed,"East Haddam, CT",11,United States,US,Connecticut,CT,9.0,36663,"East Haddam, CT",11,41.0,N,26.0,44.0,41.44555556,72.0,W,27.0,20.0,-72.45555556,4/1/2015 12:00:00 AM,,0,1
1668201,16682,GTY,Gettysburg Regional,"Gettysburg, PA",23,United States,US,Pennsylvania,PA,42.0,36664,"Gettysburg, PA",23,39.0,N,50.0,29.0,39.84138889,77.0,W,16.0,29.0,-77.27472222,4/1/2015 12:00:00 AM,10/31/2017 12:00:00 AM,0,0
1668301,16683,MI6,Dowagiac Municipal,"Dowagiac, MI",43,United States,US,Michigan,MI,26.0,36665,"Dowagiac, MI",43,41.0,N,59.0,35.0,41.99305556,86.0,W,7.0,41.0,-86.12805556,4/1/2015 12:00:00 AM,9/30/2022 12:00:00 AM,0,0
1668401,16684,PA8,Perkiomen Valley,"Collegeville, PA",23,United States,US,Pennsylvania,PA,42.0,36666,"Collegeville, PA",23,40.0,N,12.0,15.0,40.20416667,75.0,W,25.0,49.0,-75.43027778,4/1/2015 12:00:00 AM,,0,1
1668801,16688,GA0,Heart of Georgia Regional,"Eastman, GA",34,United States,US,Georgia,GA,13.0,36670,"Eastman, GA",34,32.0,N,12.0,59.0,32.21638889,83.0,W,7.0,43.0,-83.12861111,9/1/2015 12:00:00 AM,,0,1
1668901,16689,PA9,Rock,"Tarentum, PA",23,United States,US,Pennsylvania,PA,42.0,36671,"Tarentum, PA",23,40.0,N,38.0,32.0,40.64222222,79.0,W,51.0,22.0,-79.85611111,7/1/2015 12:00:00 AM,,0,1
1669201,16692,MT2,Three Forks Airport,"Three Forks, MT",84,United States,US,Montana,MT,30.0,31814,"Three Forks, MT",84,45.0,N,52.0,41.0,45.87805556,111.0,W,34.0,10.0,-111.56944444,6/1/2015 12:00:00 AM,,0,1
1669401,16694,T2X,Hereford Municipal,"Hereford, TX",74,United States,US,Texas,TX,48.0,36675,"Hereford, TX",74,34.0,N,51.0,38.0,34.86055556,102.0,W,19.0,33.0,-102.32583333,9/1/2015 12:00:00 AM,11/30/2017 12:00:00 AM,0,0
1669501,16695,TN5,Lafayette Municipal,"Lafayette, TN",54,United States,US,Tennessee,TN,47.0,36676,"Lafayette, TN",54,36.0,N,31.0,12.0,36.52,86.0,W,3.0,29.0,-86.05805556,10/1/2015 12:00:00 AM,,0,1
1669601,16696,A3K,Smith Bay Airport,"Smith Bay, AK",1,United States,US,Alaska,AK,2.0,36677,"Smith Bay, AK",1,70.0,N,45.0,57.0,70.76583333,154.0,W,13.0,51.0,-154.23083333,10/1/2015 12:00:00 AM,,0,1
1669701,16697,VA6,Smith Mountain Lake,"Moneta, VA",38,United States,US,Virginia,VA,51.0,36678,"Moneta, VA",38,37.0,N,6.0,28.0,37.10777778,79.0,W,35.0,33.0,-79.5925,10/1/2015 12:00:00 AM,,0,1
1669801,16698,A4K,Dune Lake Airport,"Dune Lake, AK",1,United States,US,Alaska,AK,2.0,36679,"Dune Lake, AK",1,64.0,N,25.0,17.0,64.42138889,149.0,W,53.0,40.0,-149.89444444,10/1/2015 12:00:00 AM,,0,1
1669901,16699,JCT,Kimble County,"Junction, TX",74,United States,US,Texas,TX,48.0,36680,"Junction, TX",74,30.0,N,30.0,40.0,30.51111111,99.0,W,45.0,46.0,-99.76277778,10/1/2015 12:00:00 AM,10/31/2017 12:00:00 AM,0,0
1670201,16702,T3X,El Coyote Ranch,"Encino, TX",74,United States,US,Texas,TX,48.0,36683,"Encino, TX",74,26.0,N,51.0,30.0,26.85833333,98.0,W,13.0,18.0,-98.22166667,12/1/2015 12:00:00 AM,10/31/2017 12:00:00 AM,0,0
1670401,16704,NY3,Ledgedale Airpark,"Brockport, NY",22,United States,US,New York,NY,36.0,36685,"Brockport, NY",22,43.0,N,10.0,52.0,43.18111111,77.0,W,54.0,56.0,-77.91555556,10/1/2015 12:00:00 AM,,0,1
1670901,16709,T5X,Castroville Municipal,"Castroville, TX",74,United States,US,Texas,TX,48.0,36689,"Castroville , TX",74,29.0,N,20.0,33.0,29.3425,98.0,W,51.0,4.0,-98.85111111,1/1/2016 12:00:00 AM,10/31/2017 12:00:00 AM,0,0
1671001,16710,MD2,Maryland,"Indian Head, MD",35,United States,US,Maryland,MD,24.0,36690,"Indian Head, MD",35,38.0,N,35.0,49.0,38.59694444,77.0,W,4.0,21.0,-77.0725,1/1/2016 12:00:00 AM,10/31/2017 12:00:00 AM,0,0
1671101,16711,NV4,Reno Stead,"Reno, NV",85,United States,US,Nevada,NV,32.0,34570,"Reno, NV",85,39.0,N,40.0,5.0,39.66805556,119.0,W,52.0,35.0,-119.87638889,4/1/2016 12:00:00 AM,,0,1
1671501,16715,N2Y,Finger Lakes Regional,"Seneca Falls, NY",22,United States,US,New York,NY,36.0,36694,"Seneca Falls, NY",22,42.0,N,53.0,1.0,42.88361111,76.0,W,46.0,52.0,-76.78111111,4/1/2016 12:00:00 AM,9/30/2022 12:00:00 AM,0,0
1671901,16719,N2C,Charlotte Monroe Executive,"Monroe, NC",36,United States,US,North Carolina,NC,37.0,36698,"Monroe, NC",36,35.0,N,1.0,3.0,35.0175,80.0,W,37.0,19.0,-80.62194444,4/1/2016 12:00:00 AM,10/31/2017 12:00:00 AM,0,0
1672001,16720,A6K,Van Curlers Sandbar,"Fairbanks1, AK",1,United States,US,Alaska,AK,2.0,36699,"Fairbanks1, AK",1,65.0,N,2.0,41.0,65.04472222,145.0,W,25.0,23.0,-145.42305556,4/1/2016 12:00:00 AM,,0,1
1672101,16721,VA7,Bridgewater Air Park,"Bridgewater, VA",38,United States,US,Virginia,VA,51.0,36700,"Bridgewater, VA",38,38.0,N,22.0,0.0,38.36666667,78.0,W,57.0,37.0,-78.96027778,4/1/2016 12:00:00 AM,6/30/2025 12:00:00 AM,0,0
1672201,16722,O1H,Holmes County,"Millersburg, OH",44,United States,US,Ohio,OH,39.0,36701,"Millersburg, OH",44,40.0,N,32.0,12.0,40.53666667,81.0,W,57.0,21.0,-81.95583333,4/1/2016 12:00:00 AM,10/31/2017 12:00:00 AM,0,0
1672301,16723,A7K,Nakochna Airport,"Nakochna, AK",1,United States,US,Alaska,AK,2.0,36702,"Nakochna, AK",1,62.0,N,2.0,10.0,62.03611111,151.0,W,27.0,8.0,-151.45222222,4/1/2016 12:00:00 AM,,0,1
1672401,16724,N3Y,Ticonderoga Municipal,"Ticonderoga, NY",22,United States,US,New York,NY,36.0,36703,"Ticonderoga, NY",22,43.0,N,52.0,38.0,43.87722222,73.0,W,24.0,47.0,-73.41305556,4/1/2016 12:00:00 AM,,0,1
1672501,16725,NV5,Black Rock City,"Gerlach, NV",85,United States,US,Nevada,NV,32.0,36704,"Gerlach, NV",85,40.0,N,45.0,26.0,40.75722222,119.0,W,12.0,46.0,-119.21277778,6/1/2016 12:00:00 AM,11/30/2016 12:00:00 AM,0,0
1672701,16727,NJ7,Old Bridge,"New Jersey, NJ",21,United States,US,New Jersey,NJ,34.0,36706,"New Jersey, NJ",21,40.0,N,19.0,48.0,40.33,74.0,W,20.0,48.0,-74.34666667,6/1/2016 12:00:00 AM,,0,1
1672801,16728,N3C,Macon County,"Franklin, NC",36,United States,US,North Carolina,NC,37.0,36707,"Franklin, NC",36,35.0,N,13.0,20.0,35.22222222,83.0,W,25.0,12.0,-83.42,6/1/2016 12:00:00 AM,10/31/2017 12:00:00 AM,0,0
1672901,16729,O2H,Knox County,"Mount Vernon, OH",44,United States,US,Ohio,OH,39.0,36708,"Mount Vernon, OH",44,40.0,N,19.0,44.0,40.32888889,82.0,W,31.0,34.0,-82.52611111,6/1/2016 12:00:00 AM,,0,1
1673001,16730,NH2,Gorham Airport,"Gorham, NH",14,United States,US,New Hampshire,NH,33.0,36709,"Gorham, NH",14,44.0,N,23.0,41.0,44.39472222,71.0,W,11.0,53.0,-71.19805556,6/1/2016 12:00:00 AM,11/30/2016 12:00:00 AM,0,0
1673101,16731,NH3,Dean Memorial,"Haverhill, NH",14,United States,US,New Hampshire,NH,33.0,36710,"Haverhill, NH",14,44.0,N,4.0,49.0,44.08027778,72.0,W,0.0,28.0,-72.00777778,6/1/2016 12:00:00 AM,,0,1
1673601,16736,ME7,Stonington Municipal,"Stonington, ME",12,United States,US,Maine,ME,23.0,36715,"Stonington, ME",12,44.0,N,10.0,24.0,44.17333333,68.0,W,40.0,49.0,-68.68027778,6/1/2016 12:00:00 AM,,0,1
1673701,16737,AL8,Scottsboro Municipal Word Field,"Scottsboro, AL",51,United States,US,Alabama,AL,1.0,36716,"Scottsboro, AL",51,34.0,N,41.0,19.0,34.68861111,86.0,W,0.0,21.0,-86.00583333,6/1/2016 12:00:00 AM,10/31/2017 12:00:00 AM,0,0
1673801,16738,AR3,Bentonville Municipal Louise M Thaden Field,"Bentonville, AR",71,United States,US,Arkansas,AR,5.0,36717,"Bentonville, AR",71,36.0,N,20.0,43.0,36.34527778,94.0,W,13.0,10.0,-94.21944444,6/1/2016 12:00:00 AM,10/31/2017 12:00:00 AM,0,0
1673901,16739,O3H,Bolton Field,"Columbus, OH",44,United States,US,Ohio,OH,39.0,31066,"Columbus, OH",44,39.0,N,54.0,4.0,39.90111111,83.0,W,8.0,13.0,-83.13694444,6/1/2016 12:00:00 AM,,0,1
1674001,16740,O4H,Delaware Municipal Jim Moore Field,"Delaware, OH",44,United States,US,Ohio,OH,39.0,36718,"Delaware, OH",44,40.0,N,16.0,47.0,40.27972222,83.0,W,6.0,53.0,-83.11472222,6/1/2016 12:00:00 AM,2/28/2017 12:00:00 AM,0,0
1674101,16741,T1N,Robert Sibley,"Selmer, TN",54,United States,US,Tennessee,TN,47.0,36719,"Selmer, TN",54,35.0,N,12.0,11.0,35.20305556,88.0,W,29.0,54.0,-88.49833333,6/1/2016 12:00:00 AM,,0,1
1674201,16742,IN7,Greenwood Municipal,"Indianapolis, IN",42,United States,US,Indiana,IN,18.0,32337,"Indianapolis, IN",42,39.0,N,37.0,39.0,39.6275,86.0,W,5.0,17.0,-86.08805556,6/1/2016 12:00:00 AM,7/31/2017 12:00:00 AM,0,0
1674301,16743,MS4,Panola County,"Batesville, MS",53,United States,US,Mississippi,MS,28.0,36720,"Batesville, MS",53,34.0,N,21.0,49.0,34.36361111,89.0,W,53.0,34.0,-89.89277778,6/1/2016 12:00:00 AM,,0,1
1674401,16744,IL2,Effingham County Memorial,"Effingham, IL",41,United States,US,Illinois,IL,17.0,36721,"Effingham, IL",41,39.0,N,4.0,14.0,39.07055556,88.0,W,32.0,1.0,-88.53361111,6/1/2016 12:00:00 AM,6/30/2025 12:00:00 AM,0,0
1674501,16745,T6X,Houston Executive,"Houston, TX",74,United States,US,Texas,TX,48.0,31453,"Houston, TX",74,29.0,N,48.0,18.0,29.805,95.0,W,53.0,52.0,-95.89777778,6/1/2016 12:00:00 AM,,0,1
1674601,16746,GNT,Grants Milan Municipal,"Grants, NM",86,United States,US,New Mexico,NM,35.0,36722,"Grants, NM",86,35.0,N,10.0,2.0,35.16722222,107.0,W,54.0,7.0,-107.90194444,9/1/2016 12:00:00 AM,,0,1
1674801,16748,DYL,Doylestown Airport,"Doylestown, PA",23,United States,US,Pennsylvania,PA,42.0,36724,"Doylestown, PA",23,40.0,N,19.0,59.0,40.33305556,75.0,W,7.0,20.0,-75.12222222,10/1/2016 12:00:00 AM,,0,1
1674901,16749,T7X,Wildcat Canyon,"China Spring, TX",74,United States,US,Texas,TX,48.0,36725,"China Spring, TX",74,31.0,N,40.0,43.0,31.67861111,97.0,W,21.0,45.0,-97.3625,10/1/2016 12:00:00 AM,,0,1
1675001,16750,N4C,Raleigh Exec Jetport at Sanford Lee County,"Sanford, NC",36,United States,US,North Carolina,NC,37.0,36726,"Sanford, NC",36,35.0,N,34.0,57.0,35.5825,79.0,W,6.0,5.0,-79.10138889,10/1/2016 12:00:00 AM,,0,1
1675101,16751,FL7,Coral Creek,"Placida, FL",33,United States,US,Florida,FL,12.0,36727,"Placida, FL",33,26.0,N,51.0,13.0,26.85361111,82.0,W,15.0,9.0,-82.2525,10/1/2016 12:00:00 AM,10/31/2017 12:00:00 AM,0,0
1675401,16754,N5C,Columbus County Municipal,"Whiteville, NC",36,United States,US,North Carolina,NC,37.0,36730,"Whiteville, NC",36,34.0,N,16.0,22.0,34.27277778,78.0,W,42.0,54.0,-78.715,1/1/2017 12:00:00 AM,6/30/2025 12:00:00 AM,0,0
1675501,16755,T8X,McKinney National,"Dallas, TX",74,United States,US,Texas,TX,48.0,30194,"Dallas/Fort Worth, TX",74,33.0,N,10.0,37.0,33.17694444,96.0,W,35.0,20.0,-96.58888889,11/1/2016 12:00:00 AM,10/31/2017 12:00:00 AM,0,0
1675801,16758,BWC,Brawley Municipal,"Brawley, CA",91,United States,US,California,CA,6.0,36733,"Brawley, CA",91,32.0,N,59.0,35.0,32.99305556,115.0,W,31.0,1.0,-115.51694444,1/1/2017 12:00:00 AM,7/31/2017 12:00:00 AM,0,0
1676001,16760,BFG,Bullfrog Basin,"Glen Canyon, UT",87,United States,US,Utah,UT,49.0,36735,"Glen Canyon, UT",87,37.0,N,32.0,45.0,37.54583333,110.0,W,42.0,48.0,-110.71333333,1/1/2017 12:00:00 AM,,0,1
1676101,16761,O5H,Wood County,"Bowling Green, OH",44,United States,US,Ohio,OH,39.0,36736,"Bowling Green, OH",44,41.0,N,23.0,28.0,41.39111111,83.0,W,37.0,49.0,-83.63027778,1/1/2017 12:00:00 AM,,0,1
1676201,16762,LA3,Port of South Louisiana Executive,"Reserve, LA",72,United States,US,Louisiana,LA,22.0,36737,"Reserve, LA",72,30.0,N,5.0,15.0,30.0875,90.0,W,34.0,58.0,-90.58277778,1/1/2017 12:00:00 AM,10/31/2017 12:00:00 AM,0,0
1676401,16764,FME,Tipton,"Fort Meade, MD",35,United States,US,Maryland,MD,24.0,36739,"Fort Meade, MD",35,39.0,N,5.0,7.0,39.08527778,76.0,W,45.0,34.0,-76.75944444,3/1/2017 12:00:00 AM,,0,1
1676501,16765,LNR,Tri County Regional,"Lone Rock, WI",45,United States,US,Wisconsin,WI,55.0,36740,"Lone Rock, WI",45,43.0,N,12.0,43.0,43.21194444,90.0,W,10.0,47.0,-90.17972222,4/1/2017 12:00:00 AM,,0,1
1676701,16767,APH,A P Hill AAF,"Fort A P Hill, VA",38,United States,US,Virginia,VA,51.0,36742,"Fort A P Hill, VA",38,38.0,N,4.0,8.0,38.06888889,77.0,W,19.0,6.0,-77.31833333,6/1/2016 12:00:00 AM,11/30/2017 12:00:00 AM,0,0
1676901,16769,N6C,Siler City Municipal,"Siler City, NC",36,United States,US,North Carolina,NC,37.0,36744,"Siler City, NC",36,35.0,N,42.0,15.0,35.70416667,79.0,W,30.0,15.0,-79.50416667,6/1/2017 12:00:00 AM,10/31/2017 12:00:00 AM,0,0
1677001,16770,CO1,Monte Vista Municipal,"Monte Vista, CO",82,United States,US,Colorado,CO,8.0,36745,"Monte Vista, CO",82,37.0,N,31.0,43.0,37.52861111,106.0,W,2.0,45.0,-106.04583333,6/1/2017 12:00:00 AM,10/31/2017 12:00:00 AM,0,0
1677101,16771,RNH,New Richmond Regional,"New Richmond, WI",45,United States,US,Wisconsin,WI,55.0,36746,"New Richmond, WI",45,45.0,N,8.0,52.0,45.14777778,92.0,W,32.0,21.0,-92.53916667,6/1/2017 12:00:00 AM,,0,1
1677401,16774,VA8,Richmond Executive Chesterfield County,"Richmond, VA",38,United States,US,Virginia,VA,51.0,34524,"Richmond, VA",38,37.0,N,24.0,23.0,37.40638889,77.0,W,31.0,29.0,-77.52472222,6/1/2017 12:00:00 AM,10/31/2017 12:00:00 AM,0,0
1677501,16775,MO3,Richland Municipal,"Richland, MO",64,United States,US,Missouri,MO,29.0,36749,"Richland, MO",64,37.0,N,52.0,30.0,37.875,92.0,W,24.0,29.0,-92.40805556,6/1/2017 12:00:00 AM,,0,1
1677602,16776,T2N,Cleveland Regional Jetport,"Clevland, TN",54,United States,US,Tennessee,TN,47.0,36750,"Clevland, TN",54,35.0,N,12.0,41.0,35.21138889,84.0,W,47.0,59.0,-84.79972222,11/1/2017 12:00:00 AM,10/31/2018 12:00:00 AM,0,0
1677701,16777,P1A,Nemacolin,"Farmington, PA",23,United States,US,Pennsylvania,PA,42.0,36751,"Farmington, PA",23,39.0,N,48.0,20.0,39.80555556,79.0,W,32.0,56.0,-79.54888889,6/1/2017 12:00:00 AM,9/30/2022 12:00:00 AM,0,0
1677801,16778,WI4,Middleton Municipal Morey Field,"Middleton, WI",45,United States,US,Wisconsin,WI,55.0,36752,"Middleton, WI",45,43.0,N,6.0,51.0,43.11416667,89.0,W,31.0,54.0,-89.53166667,6/1/2017 12:00:00 AM,9/30/2022 12:00:00 AM,0,0
1678001,16780,O6H,Ashland County,"Ashland, OH",44,United States,US,Ohio,OH,39.0,36754,"Ashland, OH",44,40.0,N,54.0,11.0,40.90305556,82.0,W,15.0,20.0,-82.25555556,9/1/2017 12:00:00 AM,,0,1
1678301,16783,GA7,Greene County Regional,"Greensboro, GA",34,United States,US,Georgia,GA,13.0,36757,"Greensboro, GA",34,33.0,N,35.0,53.0,33.59805556,83.0,W,8.0,18.0,-83.13833333,10/1/2017 12:00:00 AM,,0,1
1678401,16784,KY6,Mayfield Graves County,"Mayfield, KY",52,United States,US,Kentucky,KY,21.0,36758,"Mayfield, KY",52,36.0,N,46.0,11.0,36.76972222,88.0,W,35.0,5.0,-88.58472222,10/1/2017 12:00:00 AM,,0,1
1678501,16785,T9X,Dimmit County,"Carrizo Springs, TX",74,United States,US,Texas,TX,48.0,36759,"Carrizo Springs, TX",74,28.0,N,31.0,20.0,28.52222222,99.0,W,49.0,25.0,-99.82361111,10/1/2017 12:00:00 AM,,0,1
1678701,16787,RNM,Ramona Airport,"Ramona, CA",91,United States,US,California,CA,6.0,33570,"San Diego, CA",91,33.0,N,2.0,21.0,33.03916667,116.0,W,54.0,55.0,-116.91527778,10/1/2017 12:00:00 AM,,0,1
1678801,16788,OPN,Thomaston Upson County,"Thomaston, GA",34,United States,US,Georgia,GA,13.0,36761,"Thomaston, GA",34,32.0,N,57.0,18.0,32.955,84.0,W,15.0,51.0,-84.26416667,10/1/2017 12:00:00 AM,,0,1
1678901,16789,VHN,Culberson County,"Van Horn, TX",74,United States,US,Texas,TX,48.0,36762,"Van Horn, TX",74,31.0,N,3.0,28.0,31.05777778,104.0,W,47.0,2.0,-104.78388889,10/1/2017 12:00:00 AM,,0,1
1679001,16790,AL9,Merkel Field Sylacauga Municipal,"Sylacauga, AL",51,United States,US,Alabama,AL,1.0,36763,"Sylacauga, AL",51,33.0,N,10.0,19.0,33.17194444,86.0,W,18.0,20.0,-86.30555556,10/1/2017 12:00:00 AM,,0,1
1679101,16791,TRL,Terrell Municipal,"Terrell, TX",74,United States,US,Texas,TX,48.0,36764,"Terrell, TX",74,32.0,N,42.0,31.0,32.70861111,96.0,W,16.0,2.0,-96.26722222,10/1/2017 12:00:00 AM,,0,1
1679201,16792,NJ8,Greenwood Lake,"West Milford, NJ",21,United States,US,New Jersey,NJ,34.0,36765,"West Milford, NJ",21,41.0,N,7.0,42.0,41.12833333,74.0,W,20.0,48.0,-74.34666667,10/1/2017 12:00:00 AM,,0,1
1679301,16793,WI5,Monroe Municipal,"Moroe, WI",45,United States,US,Wisconsin,WI,55.0,36766,"Moroe, WI",45,42.0,N,36.0,54.0,42.615,89.0,W,35.0,25.0,-89.59027778,10/1/2017 12:00:00 AM,,0,1
1679501,16795,MN7,Anoka County Blaine,"Minneapolis, MN",63,United States,US,Minnesota,MN,27.0,31650,"Minneapolis/St. Paul, MN",63,45.0,N,8.0,42.0,45.145,93.0,W,12.0,37.0,-93.21027778,1/1/2018 12:00:00 AM,,0,1
1679601,16796,EST,Estherville Municipal,"Estherville, IA",61,United States,US,Iowa,IA,19.0,36769,"Estherville, IA",61,43.0,N,24.0,27.0,43.4075,94.0,W,44.0,47.0,-94.74638889,1/1/2018 12:00:00 AM,,0,1
1680101,16801,P2A,Penns Landing Heliport,"Philadelphia, PA",23,United States,US,Pennsylvania,PA,42.0,34100,"Philadelphia, PA",23,39.0,N,56.0,14.0,39.93722222,75.0,W,8.0,29.0,-75.14138889,1/1/2018 12:00:00 AM,,0,1
1680301,16803,A5K,Paxson Airport,"Paxson, AK",1,United States,US,Alaska,AK,2.0,36775,"Paxson, AK",1,63.0,N,1.0,28.0,63.02444444,145.0,W,30.0,2.0,-145.50055556,2/1/2018 12:00:00 AM,,0,1
1680401,16804,AA9,Napaimute Pioneer Airfield,"Napaimute, AK",1,United States,US,Alaska,AK,2.0,36776,"Napaimute, AK",1,61.0,N,32.0,11.0,61.53638889,158.0,W,44.0,20.0,-158.73888889,4/1/2018 12:00:00 AM,,0,1
1680501,16805,NE4,Smith Field,"Champion, NE",65,United States,US,Nebraska,NE,31.0,36777,"Champion, NE",65,40.0,N,28.0,55.0,40.48194444,101.0,W,48.0,47.0,-101.81305556,1/1/2018 12:00:00 AM,,0,1
1680701,16807,MA6,Hopedale Industrial Park,"Hopedale, MA",13,United States,US,Massachusetts,MA,25.0,36779,"Hopedale, MA",13,42.0,N,6.0,23.0,42.10638889,71.0,W,30.0,36.0,-71.51,1/1/2018 12:00:00 AM,,0,1
1681001,16810,A2L,Isbell Field,"Fort Payne, AL",51,United States,US,Alabama,AL,1.0,36782,"Fort Payne, AL",51,34.0,N,28.0,25.0,34.47361111,85.0,W,43.0,17.0,-85.72138889,4/1/2018 12:00:00 AM,,0,1
1681101,16811,A1L,Cullman Regional Folsom Field,"Cullman, AL",51,United States,US,Alabama,AL,1.0,36783,"Cullman, AL",51,34.0,N,16.0,7.0,34.26861111,86.0,W,51.0,29.0,-86.85805556,4/1/2018 12:00:00 AM,,0,1
1681201,16812,GA8,Monroe Walton County,"Monroe, GA",34,United States,US,Georgia,GA,13.0,36784,"Monroe, GA",34,33.0,N,46.0,57.0,33.7825,83.0,W,41.0,34.0,-83.69277778,4/1/2018 12:00:00 AM,9/30/2022 12:00:00 AM,0,0
1681301,16813,NH4,Moultonboro Airport,"Moultonboro, NH",14,United States,US,New Hampshire,NH,33.0,36785,"Moultonboro, NH",14,43.0,N,46.0,6.0,43.76833333,71.0,W,23.0,12.0,-71.38666667,1/1/2018 12:00:00 AM,9/30/2018 12:00:00 AM,0,0
1681501,16815,N4Y,Southampton Heliport,"Southampton, NY",22,United States,US,New York,NY,36.0,36787,"Southampton, NY",22,40.0,N,50.0,50.0,40.84722222,72.0,W,27.0,50.0,-72.46388889,1/1/2018 12:00:00 AM,9/30/2018 12:00:00 AM,0,0
1681601,16816,FL8,Deland Municipal Sidney H Taylor Field,"Deland, FL",33,United States,US,Florida,FL,12.0,36788,"Deland, FL",33,29.0,N,4.0,1.0,29.06694444,81.0,W,17.0,1.0,-81.28361111,1/1/2018 12:00:00 AM,6/30/2025 12:00:00 AM,0,0
1681701,16817,NV6,Calvada Meadows,"Pahrump, NV",85,United States,US,Nevada,NV,32.0,36789,"Pahrump, NV",85,36.0,N,16.0,19.0,36.27194444,115.0,W,59.0,43.0,-115.99527778,4/1/2018 12:00:00 AM,,0,1
1681801,16818,N8K,McGahan Industrial Park,"Nikisha, AK",1,United States,US,Alaska,AK,2.0,36790,"Nikisha, AK",1,60.0,N,43.0,31.0,60.72527778,151.0,W,18.0,8.0,-151.30222222,4/1/2018 12:00:00 AM,,0,1
1681901,16819,LA4,False River Regional,"New Roads, LA",72,United States,US,Louisiana,LA,22.0,36791,"New Roads, LA",72,30.0,N,43.0,6.0,30.71833333,91.0,W,28.0,43.0,-91.47861111,4/1/2018 12:00:00 AM,,0,1
1682001,16820,FFL,Fairfield Municipal,"Fairfield, IA",61,United States,US,Iowa,IA,19.0,36792,"Fairfield, IA",61,41.0,N,3.0,21.0,41.05583333,91.0,W,58.0,51.0,-91.98083333,4/1/2018 12:00:00 AM,,0,1
1682101,16821,MI7,South Haven Area Regional,"South Haven, MI",43,United States,US,Michigan,MI,26.0,36793,"South Haven, MI",43,42.0,N,21.0,5.0,42.35138889,86.0,W,15.0,21.0,-86.25583333,4/1/2018 12:00:00 AM,,0,1
1682301,16823,CO6,Central Colorado Regional,"Buena, CO",82,United States,US,Colorado,CO,8.0,36795,"Buena, CO",82,38.0,N,48.0,51.0,38.81416667,106.0,W,7.0,14.0,-106.12055556,7/1/2018 12:00:00 AM,,0,1
1682801,16828,PSQ,Philadelphia Seaplane Base,"Essington, PA",23,United States,US,Pennsylvania,PA,42.0,36800,"Essington, PA",23,39.0,N,51.0,32.0,39.85888889,75.0,W,17.0,59.0,-75.29972222,1/1/2018 12:00:00 AM,,0,1
1682901,16829,LNA,Palm Beach County Park,"West Palm Beach, FL",33,United States,US,Florida,FL,12.0,36801,"West Palm Beach, FL",33,26.0,N,35.0,35.0,26.59305556,80.0,W,5.0,6.0,-80.085,1/1/2018 12:00:00 AM,,0,1
1683001,16830,2NY,Sands Point Seaplane Base,"Port Washington, NY",22,United States,US,New York,NY,36.0,36802,"Port Washington, NY",22,40.0,N,49.0,39.0,40.8275,73.0,W,43.0,1.0,-73.71694444,1/1/2018 12:00:00 AM,,0,1
1683101,16831,3NY,Sebonac,"Suffolk, NY",22,United States,US,New York,NY,36.0,36803,"Suffolk, NY",22,40.0,N,53.0,55.0,40.89861111,72.0,W,24.0,38.0,-72.41055556,1/1/2018 12:00:00 AM,,0,1
1683201,16832,QNY,New York Skyports Seaplane Base,"New York, NY",22,United States,US,New York,NY,36.0,31703,"New York City, NY (Metropolitan Area)",22,40.0,N,44.0,2.0,40.73388889,73.0,W,58.0,22.0,-73.97277778,8/1/2018 12:00:00 AM,8/31/2018 12:00:00 AM,0,0
1683204,16832,NYS,New York Skyports Seaplane Base,"New York, NY",22,United States,US,New York,NY,36.0,31703,"New York City, NY (Metropolitan Area)",22,40.0,N,44.0,2.0,40.73388889,73.0,W,58.0,22.0,-73.97277778,5/1/2023 12:00:00 AM,,0,1
1683701,16837,AZ7,Colorado City Municipal,"Colorado City, AZ",81,United States,US,Arizona,AZ,4.0,36809,"Colorado City, AZ",81,36.0,N,57.0,36.0,36.96,113.0,W,0.0,50.0,-113.01388889,6/1/2018 12:00:00 AM,,0,1
1683801,16838,VA9,Hampton Roads Executive,"Norfolk, VA",38,United States,US,Virginia,VA,51.0,33667,"Norfolk, VA (Metropolitan Area)",38,36.0,N,46.0,51.0,36.78083333,76.0,W,27.0,5.0,-76.45138889,8/1/2018 12:00:00 AM,,0,1
1683901,16839,HNB,Huntingburg Airport,"Huntingburg, IN",42,United States,US,Indiana,IN,18.0,36811,"Huntingburg, IN",42,38.0,N,14.0,57.0,38.24916667,86.0,W,57.0,13.0,-86.95361111,7/1/2018 12:00:00 AM,9/30/2022 12:00:00 AM,0,0
1684001,16840,1TN,Beech River Regional,"Lexington Parsons, TN",54,United States,US,Tennessee,TN,47.0,36812,"Lexington Parsons, TN",54,35.0,N,39.0,23.0,35.65638889,88.0,W,11.0,43.0,-88.19527778,7/1/2018 12:00:00 AM,,0,1
1684201,16842,1GA,Henry County,"Hampton, GA",34,United States,US,Georgia,GA,13.0,36814,"Hampton, GA",34,33.0,N,23.0,24.0,33.39,84.0,W,19.0,52.0,-84.33111111,12/1/2018 12:00:00 AM,9/30/2022 12:00:00 AM,0,0
1684301,16843,1CA,Rio Vista Municipal,"Rio Vista, CA",91,United States,US,California,CA,6.0,36815,"Rio Vista, CA",91,38.0,N,11.0,36.0,38.19333333,121.0,W,42.0,13.0,-121.70361111,10/1/2018 12:00:00 AM,,0,1
1684401,16844,2CA,Delano Municipal,"Delano, CA",91,United States,US,California,CA,6.0,36816,"Delano, CA",91,35.0,N,44.0,44.0,35.74555556,119.0,W,14.0,11.0,-119.23638889,10/1/2018 12:00:00 AM,,0,1
1684601,16846,FL9,Lake Wales Municipal,"Lake Wales, FL",33,United States,US,Florida,FL,12.0,36819,"Lake Wales, FL",33,27.0,N,53.0,38.0,27.89388889,81.0,W,37.0,14.0,-81.62055556,10/1/2018 12:00:00 AM,9/30/2022 12:00:00 AM,0,0
1684701,16847,IL3,Litchfield Municipal,"Litchfield, IL",41,United States,US,Illinois,IL,17.0,36820,"Litchfield, IL",41,39.0,N,9.0,45.0,39.1625,89.0,W,40.0,29.0,-89.67472222,10/1/2018 12:00:00 AM,,0,1
1684801,16848,2GA,Camilla Mitchell County,"Camilla, GA",34,United States,US,Georgia,GA,13.0,36821,"Camilla, GA",34,31.0,N,12.0,47.0,31.21305556,84.0,W,14.0,7.0,-84.23527778,1/1/2019 12:00:00 AM,,0,1
1684901,16849,AIO,Atlantic Municipal,"Atlantic, IA",61,United States,US,Iowa,IA,19.0,36822,"Atlantic, IA",61,41.0,N,24.0,14.0,41.40388889,95.0,W,2.0,55.0,-95.04861111,1/1/2019 12:00:00 AM,,0,1
1685001,16850,UT2,A A Helicopters Inc,"North Salt Lake, UT",87,United States,US,Utah,UT,49.0,36823,"North Salt Lake, UT",87,40.0,N,51.0,30.0,40.85833333,111.0,W,56.0,5.0,-111.93472222,1/1/2019 12:00:00 AM,,0,1
1685101,16851,NJ9,Cross Keys Airport,"Cross Keys, NJ",21,United States,US,New Jersey,NJ,34.0,36824,"Cross Keys, NJ",21,39.0,N,42.0,20.0,39.70555556,75.0,W,1.0,59.0,-75.03305556,1/1/2019 12:00:00 AM,,0,1
1685301,16853,1TX,Moore County,"Dumas, TX",74,United States,US,Texas,TX,48.0,36826,"Dumas, TX",74,35.0,N,51.0,27.0,35.8575,102.0,W,0.0,48.0,-102.01333333,1/1/2019 12:00:00 AM,,0,1
1685601,16856,VJI,Virginia Highlands,"Abingdon, VA",38,United States,US,Virginia,VA,51.0,36829,"Abingdon, VA",38,36.0,N,41.0,14.0,36.68722222,82.0,W,2.0,0.0,-82.03333333,4/1/2019 12:00:00 AM,6/30/2025 12:00:00 AM,0,0
1685701,16857,SSF,Stinson Municipal,"San Antonio, TX",74,United States,US,Texas,TX,48.0,33214,"San Antonio, TX",74,29.0,N,20.0,13.0,29.33694444,98.0,W,28.0,16.0,-98.47111111,4/1/2019 12:00:00 AM,,0,1
1686001,16860,WI6,Waupaca Municipal,"Waupaca, WI",45,United States,US,Wisconsin,WI,55.0,36831,"Waupaca, WI",45,44.0,N,20.0,0.0,44.33333333,89.0,W,1.0,11.0,-89.01972222,4/1/2019 12:00:00 AM,,0,1
1686101,16861,N1J,Hackettstown Airport,"Hackettstown, NJ",21,United States,US,New Jersey,NJ,34.0,36832,"Hackettstown, NJ",21,40.0,N,49.0,12.0,40.82,74.0,W,51.0,19.0,-74.85527778,4/1/2019 12:00:00 AM,,0,1
1686301,16863,N5Y,South Albany,"South Bethlehem, NY",22,United States,US,New York,NY,36.0,36834,"South Bethlehem, NY",22,42.0,N,33.0,39.0,42.56083333,73.0,W,50.0,2.0,-73.83388889,4/1/2019 12:00:00 AM,,0,1
1686501,16865,HDE,Brewster Field,"Holdrege, NE",65,United States,US,Nebraska,NE,31.0,36836,"Holdrege, NE",65,40.0,N,27.0,6.0,40.45166667,99.0,W,20.0,10.0,-99.33611111,7/1/2019 12:00:00 AM,6/30/2025 12:00:00 AM,0,0
1686701,16867,N6Y,Joseph Y Resnick,"Ellenville, NY",22,United States,US,New York,NY,36.0,36838,"Ellenville, NY",22,41.0,N,43.0,40.0,41.72777778,74.0,W,22.0,39.0,-74.3775,6/1/2019 12:00:00 AM,4/30/2023 12:00:00 AM,0,0
1686801,16868,NH5,Hawthorne Feather Airpark,"Hillsboro, NH",14,United States,US,New Hampshire,NH,33.0,36839,"Hillsboro, NH",14,43.0,N,3.0,41.0,43.06138889,71.0,W,54.0,19.0,-71.90527778,6/1/2019 12:00:00 AM,,0,1
1687101,16871,CT7,Chester Airport,"Chester, CT",11,United States,US,Connecticut,CT,9.0,36841,"Chester, CT",11,41.0,N,23.0,1.0,41.38361111,72.0,W,30.0,21.0,-72.50583333,6/1/2019 12:00:00 AM,,0,1
1687201,16872,LA5,South Lafourche Leonard Miller Jr,"Galliano, LA",72,United States,US,Louisiana,LA,22.0,36842,"Galliano, LA",72,29.0,N,26.0,28.0,29.44111111,90.0,W,15.0,40.0,-90.26111111,7/1/2019 12:00:00 AM,,0,1
1687301,16873,NM2,Spaceport America,"Truth Or Consequences, NM",86,United States,US,New Mexico,NM,35.0,35159,"Truth Or Consequences, NM",86,32.0,N,59.0,22.0,32.98944444,106.0,W,58.0,10.0,-106.96944444,7/1/2019 12:00:00 AM,,0,1
1687501,16875,3GA,Early County,"Blakely, GA",34,United States,US,Georgia,GA,13.0,36843,"Blakely, GA",34,31.0,N,23.0,51.0,31.3975,84.0,W,53.0,41.0,-84.89472222,10/1/2019 12:00:00 AM,,0,1
1687601,16876,SC6,Charleston Executive,"Charleston, SC",37,United States,US,South Carolina,SC,45.0,30994,"Charleston, SC",37,32.0,N,42.0,4.0,32.70111111,80.0,W,0.0,12.0,-80.00333333,10/1/2019 12:00:00 AM,6/30/2025 12:00:00 AM,0,0
1687901,16879,T4X,Llano Municipal,"Llano, TX",74,United States,US,Texas,TX,48.0,36846,"Llano, TX",74,30.0,N,47.0,3.0,30.78416667,98.0,W,39.0,36.0,-98.66,10/1/2019 12:00:00 AM,,0,1
1688001,16880,3TX,Lancaster Regional,"Lancaster, TX",74,United States,US,Texas,TX,48.0,36847,"Lancaster, TX",74,32.0,N,34.0,39.0,32.5775,96.0,W,43.0,3.0,-96.7175,10/1/2019 12:00:00 AM,,0,1
1688301,16883,N7C,Tri County,"Ahoskie, NC",36,United States,US,North Carolina,NC,37.0,36849,"Ahoskie, NC",36,36.0,N,17.0,51.0,36.2975,77.0,W,10.0,15.0,-77.17083333,1/1/2020 12:00:00 AM,9/30/2022 12:00:00 AM,0,0
1688601,16886,AR4,Delta Regional,"Colt, AR",71,United States,US,Arkansas,AR,5.0,36852,"Colt, AR",71,35.0,N,7.0,12.0,35.11999999,90.0,W,49.0,35.0,-90.82638889,7/1/2020 12:00:00 AM,,0,1
1689701,16897,2TX,Brenham Municipal,"Brenham, TX",74,United States,US,Texas,TX,48.0,36862,"Brenham, TX",74,30.0,N,13.0,11.0,30.21972222,96.0,W,22.0,28.0,-96.37444444,1/1/2021 12:00:00 AM,,0,1
1689801,16898,2TN,Mark Anton,"Dayton, TN",54,United States,US,Tennessee,TN,47.0,36863,"Dayton, TN",54,35.0,N,29.0,10.0,35.48611111,84.0,W,55.0,52.0,-84.93111111,1/1/2021 12:00:00 AM,,0,1
1690001,16900,4TX,Lajitas International,"Lajitas, TX",74,United States,US,Texas,TX,48.0,36865,"Lajitas, TX",74,29.0,N,16.0,38.0,29.27722222,103.0,W,41.0,9.0,-103.68583333,1/1/2021 12:00:00 AM,,0,1
1690101,16901,2FL,North Palm Beach County Gen Aviation,"West Palm Beach, FL",33,United States,US,Florida,FL,12.0,36801,"West Palm Beach, FL",33,26.0,N,50.0,45.0,26.84583333,80.0,W,13.0,20.0,-80.22222222,1/1/2021 12:00:00 AM,,0,1
1690201,16902,BMT,Beaumont Municipal,"Beaumont, TX",74,United States,US,Texas,TX,48.0,30728,"Beaumont/Port Arthur, TX",74,30.0,N,4.0,13.0,30.07027778,94.0,W,12.0,54.0,-94.215,1/1/2021 12:00:00 AM,,0,1
1690301,16903,ME8,Eastport Municipal,"Eastport, ME",12,United States,US,Maine,ME,23.0,36866,"Eastport, ME",12,44.0,N,54.0,36.0,44.91,67.0,W,0.0,46.0,-67.01277778,1/1/2021 12:00:00 AM,,0,1
1690401,16904,4NY,Johnson Landing Strip,"Millbrook, NY",22,United States,US,New York,NY,36.0,36443,"Millbrook, NY",22,41.0,N,49.0,9.0,41.81916667,73.0,W,38.0,36.0,-73.64333333,1/1/2021 12:00:00 AM,,0,1
1690501,16905,UT3,Spanish Fork Springville Woodhouse Field,"Spanish Fork, UT",87,United States,US,Utah,UT,49.0,36867,"Spanish Fork, UT",87,40.0,N,8.0,42.0,40.145,111.0,W,40.0,4.0,-111.66777778,1/1/2021 12:00:00 AM,9/30/2022 12:00:00 AM,0,0
1690601,16906,ID3,Sandpoint Airport,"Sandpoint, ID",83,United States,US,Idaho,ID,16.0,36868,"Sandpoint, ID",83,48.0,N,17.0,58.0,48.29944444,116.0,W,33.0,37.0,-116.56027778,1/1/2021 12:00:00 AM,,0,1
1690701,16907,3CA,Garberville Airport,"Garberville, CA",91,United States,US,California,CA,6.0,36869,"Garberville, CA",91,40.0,N,5.0,8.0,40.08555556,123.0,W,48.0,51.0,-123.81416667,1/1/2021 12:00:00 AM,,0,1
1690801,16908,1WA,Deer Park Airport,"Deer Park, WA",93,United States,US,Washington,WA,53.0,36870,"Deer Park, WA",93,47.0,N,58.0,1.0,47.96694444,117.0,W,25.0,43.0,-117.42861111,1/1/2021 12:00:00 AM,6/30/2025 12:00:00 AM,0,0
1690901,16909,5TX,South Texas International at Edinburg,"Edinburg, TX",74,United States,US,Texas,TX,48.0,36871,"Edinburg, TX",74,26.0,N,26.0,30.0,26.44166667,98.0,W,7.0,20.0,-98.12222222,1/1/2021 12:00:00 AM,,0,1
1691001,16910,LOW,Louisa County Freeman Field,"Louisa, VA",38,United States,US,Virginia,VA,51.0,36872,"Louisa, VA",38,38.0,N,0.0,35.0,38.00972222,77.0,W,58.0,12.0,-77.97,1/1/2021 12:00:00 AM,,0,1
1691101,16911,ID4,Caldwell Industrial,"Caldwell, ID",83,United States,US,Idaho,ID,16.0,36873,"Caldwell, ID",83,43.0,N,38.0,31.0,43.64194444,116.0,W,38.0,9.0,-116.63583333,1/1/2021 12:00:00 AM,9/30/2022 12:00:00 AM,0,0
1691401,16914,4CL,El Mirage Field Adelanto,"El Mirage, CA",91,United States,US,California,CA,6.0,36875,"El Mirage, CA",91,34.0,N,37.0,30.0,34.625,117.0,W,36.0,18.0,-117.605,1/1/2021 12:00:00 AM,9/30/2022 12:00:00 AM,0,0
1691501,16915,MO4,Clinton Regional,"Clinton, MO",64,United States,US,Missouri,MO,29.0,36876,"Clinton, MO",64,38.0,N,21.0,17.0,38.35472222,93.0,W,40.0,45.0,-93.67916667,1/1/2021 12:00:00 AM,,0,1
1691601,16916,6TX,Real County,"Leakey, TX",74,United States,US,Texas,TX,48.0,36877,"Leakey, TX",74,29.0,N,44.0,44.0,29.74555556,99.0,W,45.0,39.0,-99.76083333,1/1/2021 12:00:00 AM,,0,1
1691701,16917,HPY,Baytown Airport,"Baytown, TX",74,United States,US,Texas,TX,48.0,36878,"Baytown, TX",74,29.0,N,47.0,10.0,29.78611111,94.0,W,57.0,10.0,-94.95277778,1/1/2021 12:00:00 AM,,0,1
1691801,16918,CO7,Meeker Coulter Field,"Meeker, CO",82,United States,US,Colorado,CO,8.0,36879,"Meeker, CO",82,40.0,N,2.0,56.0,40.04888889,107.0,W,53.0,9.0,-107.88583333,1/1/2021 12:00:00 AM,,0,1
1691901,16919,7TX,Possum Kingdom,"Graford, TX",74,United States,US,Texas,TX,48.0,36880,"Graford, TX",74,32.0,N,55.0,24.0,32.92333333,98.0,W,26.0,13.0,-98.43694444,1/1/2021 12:00:00 AM,,0,1
1692001,16920,4CA,University,"Davis, CA",91,United States,US,California,CA,6.0,36881,"Davis, CA",91,38.0,N,31.0,53.0,38.53138889,121.0,W,47.0,11.0,-121.78638889,1/1/2021 12:00:00 AM,,0,1
1692201,16922,IN9,Daviess County,"Washington, IN",42,United States,US,Indiana,IN,18.0,36882,"Washington, IN",42,38.0,N,42.0,2.0,38.70055556,87.0,W,7.0,47.0,-87.12972222,1/1/2021 12:00:00 AM,9/30/2022 12:00:00 AM,0,0
1692401,16924,N2J,Solberg Hunterdon,"Reading, NJ",21,United States,US,New Jersey,NJ,34.0,36884,"Reading, NJ",21,40.0,N,34.0,58.0,40.58277778,74.0,W,44.0,12.0,-74.73666667,1/1/2021 12:00:00 AM,9/30/2022 12:00:00 AM,0,0
1692501,16925,5NY,Malone Dufort,"Malone, NY",22,United States,US,New York,NY,36.0,36885,"Malone, NY",22,44.0,N,51.0,13.0,44.85361111,74.0,W,19.0,44.0,-74.32888889,1/1/2021 12:00:00 AM,,0,1
1692601,16926,8TX,McGregor Executive,"Waco, TX",74,United States,US,Texas,TX,48.0,30155,"Waco, TX",74,31.0,N,29.0,6.0,31.485,97.0,W,19.0,0.0,-97.31666667,1/1/2021 12:00:00 AM,4/30/2023 12:00:00 AM,0,0
1692701,16927,N8C,Cape Fear Regional Jetport Howie Franklin,"Oak Island, NC",36,United States,US,North Carolina,NC,37.0,36886,"Oak Island, NC",36,33.0,N,55.0,51.0,33.93083333,78.0,W,4.0,24.0,-78.07333333,1/1/2021 12:00:00 AM,,0,1
1693401,16934,2NC,Asheboro Regional,"Asheboro, NC",36,United States,US,North Carolina,NC,37.0,36892,"Asheboro, NC",36,35.0,N,39.0,16.0,35.65444444,79.0,W,53.0,41.0,-79.89472222,1/1/2019 12:00:00 AM,,0,1
1693601,16936,MT3,Ennis Big Sky,"Ennis, MT",84,United States,US,Montana,MT,30.0,36894,"Ennis, MT",84,45.0,N,16.0,28.0,45.27444444,111.0,W,38.0,56.0,-111.64888889,1/1/2019 12:00:00 AM,9/30/2022 12:00:00 AM,0,0
1693701,16937,ME9,Greenville Municipal,"Greenville, ME",12,United States,US,Maine,ME,23.0,36895,"Greenville, ME",12,45.0,N,27.0,46.0,45.46277778,69.0,W,33.0,6.0,-69.55166667,1/1/2021 12:00:00 AM,,0,1
1693801,16938,ETB,West Bend Municipal,"West Bend, WI",45,United States,US,Wisconsin,WI,55.0,36896,"West Bend, WI",45,43.0,N,25.0,20.0,43.42222222,88.0,W,7.0,41.0,-88.12805556,7/1/2021 12:00:00 AM,,0,1
1694001,16940,3TN,Elizabethton Municipal,"Elizabethon, TN",54,United States,US,Tennessee,TN,47.0,36898,"Elizabethon, TN",54,36.0,N,22.0,18.0,36.37166667,82.0,W,10.0,22.0,-82.17277778,1/1/2021 12:00:00 AM,,0,1
1694101,16941,MO5,North Central Missouri Regional,"Brookfield, MO",64,United States,US,Missouri,MO,29.0,36899,"Brookfield, MO",64,39.0,N,46.0,17.0,39.77138888,93.0,W,0.0,46.0,-93.01277778,1/1/2021 12:00:00 AM,,0,1
1694201,16942,9TX,Center Municipal,"Center, TX",74,United States,US,Texas,TX,48.0,36900,"Center, TX",74,31.0,N,49.0,54.0,31.83166667,94.0,W,9.0,23.0,-94.15638889,1/1/2021 12:00:00 AM,,0,1
1694701,16947,T82,Gillespie County,"Fredericksburg, TX",74,United States,US,Texas,TX,48.0,36905,"Fredericksburg, TX",74,30.0,N,14.0,36.0,30.24333333,98.0,W,54.0,33.0,-98.90916667,10/1/2021 12:00:00 AM,,0,1
1694801,16948,MKN,Comanche County City,"Comanche, TX",74,United States,US,Texas,TX,48.0,34617,"Comanche, TX",74,31.0,N,55.0,13.0,31.92027778,98.0,W,35.0,57.0,-98.59916667,10/1/2021 12:00:00 AM,,0,1
1695101,16951,1VA,Warrenton Fauquier,"Warrenton, VA",38,United States,US,Virginia,VA,51.0,36908,"Warrenton, VA",38,38.0,N,35.0,11.0,38.58638889,77.0,W,42.0,38.0,-77.71055556,1/1/2022 12:00:00 AM,,0,1
1695201,16952,MS5,Cleveland Municipal,"Cleveland, MS",53,United States,US,Mississippi,MS,28.0,36909,"Cleveland, MS",53,33.0,N,45.0,45.0,33.7625,90.0,W,45.0,29.0,-90.75805556,1/1/2022 12:00:00 AM,,0,1
1695301,16953,HTV,Huntsville Municipal,"Huntsville, TX",74,United States,US,Texas,TX,48.0,36910,"Huntsville, TX",74,30.0,N,44.0,49.0,30.74694444,95.0,W,35.0,14.0,-95.58722222,1/1/2022 12:00:00 AM,,0,1
1695801,16958,XT1,New Braunfels Regional,"New Braunfels, TX",74,United States,US,Texas,TX,48.0,30423,"Austin, TX",74,29.0,N,42.0,21.0,29.70583333,98.0,W,2.0,36.0,-98.04333333,1/1/2022 12:00:00 AM,9/30/2022 12:00:00 AM,0,0
1695901,16959,1PA,Joseph A Hardy Connellsville,"Connellsville, PA",23,United States,US,Pennsylvania,PA,42.0,36911,"Connellsville, PA",23,39.0,N,57.0,33.0,39.95916667,79.0,W,39.0,27.0,-79.6575,1/1/2022 12:00:00 AM,,0,1
1696101,16961,XT2,Bridgeport Municipal,"Bridgeport, TX",74,United States,US,Texas,TX,48.0,36913,"Bridgeport, TX",74,33.0,N,10.0,26.0,33.17388889,97.0,W,49.0,42.0,-97.82833333,1/1/2022 12:00:00 AM,,0,1
1696201,16962,XT3,Granbury Regional,"Granbury, TX",74,United States,US,Texas,TX,48.0,36914,"Granbury, TX",74,32.0,N,26.0,40.0,32.44444444,97.0,W,49.0,1.0,-97.81694444,1/1/2022 12:00:00 AM,9/30/2022 12:00:00 AM,0,0
1696401,16964,SD3,Hot Springs Municipal,"Hot Springs, SD",67,United States,US,South Dakota,SD,46.0,36916,"Hot Springs, SD",67,43.0,N,22.0,6.0,43.36833333,103.0,W,23.0,18.0,-103.38833333,1/1/2022 12:00:00 AM,,0,1
1696801,16968,NM3,Moriarty Municipal,"Moriarty, NM",86,United States,US,New Mexico,NM,35.0,36920,"Moriarty, NM",86,34.0,N,58.0,41.0,34.97805556,106.0,W,0.0,0.0,-106.0,4/1/2022 12:00:00 AM,,0,1
1696901,16969,NV7,Silver Springs Airport,"Silver Springs, NV",85,United States,US,Nevada,NV,32.0,36921,"Silver Springs, NV",85,39.0,N,24.0,11.0,39.40305556,119.0,W,15.0,4.0,-119.25111111,1/1/2022 12:00:00 AM,,0,1
1697201,16972,SD4,Sturgis Municipal,"Sturgis, SD",67,United States,US,South Dakota,SD,46.0,36924,"Sturgis, SD",67,44.0,N,25.0,7.0,44.41861111,103.0,W,22.0,40.0,-103.37777778,6/1/2022 12:00:00 AM,,0,1
1697301,16973,AZ8,Ruby Star Airpark,"Green Valley, AZ",81,United States,US,Arizona,AZ,4.0,36925,"Green Valley, AZ",81,31.0,N,54.0,33.0,31.90916667,111.0,W,7.0,15.0,-111.12083333,6/1/2022 12:00:00 AM,,0,1
1697401,16974,MD3,Harford County,"Churchville, MD",35,United States,US,Maryland,MD,24.0,30330,"Aberdeen, MD",35,39.0,N,34.0,1.0,39.56694444,76.0,W,12.0,9.0,-76.2025,6/1/2022 12:00:00 AM,9/30/2022 12:00:00 AM,0,0
1697501,16975,AZ9,Coolidge Municipal,"Coolidge, AZ",81,United States,US,Arizona,AZ,4.0,36926,"Coolidge, AZ",81,32.0,N,56.0,10.0,32.93611111,111.0,W,25.0,35.0,-111.42638889,6/1/2022 12:00:00 AM,6/30/2025 12:00:00 AM,0,0
1697601,16976,MLJ,Baldwin County Regional,"Milledgeville, GA",34,United States,US,Georgia,GA,13.0,36927,"Milledgeville, GA",34,33.0,N,9.0,15.0,33.15416667,83.0,W,14.0,29.0,-83.24138889,6/1/2022 12:00:00 AM,,0,1
1697801,16978,KY7,Morehead Rowan County Clyde A Thomas Regional,"Morehead, KY",52,United States,US,Kentucky,KY,21.0,36929,"Morehead, KY",52,38.0,N,12.0,54.0,38.215,83.0,W,35.0,15.0,-83.5875,3/1/2022 12:00:00 AM,,0,1
1697901,16979,MS6,Columbia Marion County,"Columbia, MS",53,United States,US,Mississippi,MS,28.0,36930,"Columbia, MS",53,31.0,N,17.0,52.0,31.29777778,89.0,W,48.0,41.0,-89.81138889,7/1/2022 12:00:00 AM,,0,1
1698001,16980,2VA,Camp Peary Landing Strip,"Williamsburg, VA",38,United States,US,Virginia,VA,51.0,33667,"Norfolk, VA (Metropolitan Area)",38,37.0,N,18.0,46.0,37.31277777,76.0,W,38.0,18.0,-76.63833333,12/1/2022 12:00:00 AM,,0,1
1698301,16983,2WK,Odessa Municipal,"Odessa, WA",93,United States,US,Washington,WA,53.0,36934,"Odessa, WA",93,47.0,N,20.0,51.0,47.3475,118.0,W,40.0,38.0,-118.67722222,4/1/2023 12:00:00 AM,,0,1
1698401,16984,XT4,Kalt Ranch,"Fulton, TX",74,United States,US,Texas,TX,48.0,36935,"Fulton, TX",74,28.0,N,9.0,16.0,28.15444444,96.0,W,58.0,37.0,-96.97694444,4/1/2023 12:00:00 AM,,0,1
1698501,16985,A9K,Era Denali Heliport,"Healy, AK",1,United States,US,Alaska,AK,2.0,32141,"Healy, AK",1,63.0,N,44.0,18.0,63.73833333,148.0,W,52.0,54.0,-148.88166667,1/1/2021 12:00:00 AM,6/30/2025 12:00:00 AM,0,0
1698601,16986,PHK,Palm Beach County Glades,"Pahokee, FL",33,United States,US,Florida,FL,12.0,36936,"Pahokee, FL",33,26.0,N,47.0,6.0,26.785,80.0,W,41.0,36.0,-80.69333333,4/1/2023 12:00:00 AM,,0,1
1698701,16987,BKT,Allen C Perkinson Blackstone AAF,"Blackstone, VA",38,United States,US,Virginia,VA,51.0,36937,"Blackstone, VA",38,37.0,N,4.0,28.0,37.07444444,77.0,W,57.0,26.0,-77.95722222,1/1/2023 12:00:00 AM,6/30/2025 12:00:00 AM,0,0
1699001,16990,1NJ,Aeroflex Andover,"Andover, NJ",21,United States,US,New Jersey,NJ,34.0,36939,"Andover, NJ",21,41.0,N,0.0,31.0,41.0086111,74.0,W,44.0,17.0,-74.73805556,1/1/2023 12:00:00 AM,,0,1
1699101,16991,3NC,Hendersonville Airport,"Hendersonville, NC",36,United States,US,North Carolina,NC,37.0,36940,"Hendersonville, NC",36,35.0,N,18.0,27.0,35.30749999,82.0,W,25.0,59.0,-82.43305556,1/1/2023 12:00:00 AM,,0,1
1699301,16993,MN8,Walker Municipal,"Walker, MN",63,United States,US,Minnesota,MN,27.0,36942,"Walker, MN",63,47.0,N,9.0,34.0,47.15944444,94.0,W,38.0,43.0,-94.64527778,6/1/2023 12:00:00 AM,,0,1
1699401,16994,4AK,Bradley Sky Ranch,"North Pole, AK",1,United States,US,Alaska,AK,2.0,36943,"North Pole, AK",1,64.0,N,45.0,33.0,64.75916667,147.0,W,23.0,16.0,-147.38777778,6/1/2023 12:00:00 AM,,0,1
1699501,16995,5AK,Lawing Airport,"Lawing, AK",1,United States,US,Alaska,AK,2.0,36944,"Lawing, AK",1,60.0,N,24.0,43.0,60.41194444,149.0,W,22.0,10.0,-149.36944444,6/1/2023 12:00:00 AM,,0,1
1699901,16999,PR1,Boqueron,"Cabo Rojo, PR",3,United States,US,Puerto Rico,PR,72.0,36947,"Cabo Rojo, PR",3,18.0,N,0.0,47.0,18.01305556,67.0,W,8.0,44.0,-67.14555556,7/1/2023 12:00:00 AM,,0,1
1700001,17000,CT9,Meriden Markham Municipal,"Meriden, CT",11,United States,US,Connecticut,CT,9.0,36948,"Meriden, CT",11,41.0,N,30.0,31.0,41.5086111,72.0,W,49.0,46.0,-72.82944444,7/1/2023 12:00:00 AM,,0,1
1700201,17002,5GA,Tom B David Field,"Calhoun, GA",34,United States,US,Georgia,GA,13.0,36949,"Calhoun, GA",34,34.0,N,27.0,19.0,34.45527778,84.0,W,56.0,21.0,-84.93916667,7/1/2023 12:00:00 AM,,0,1
1700401,17004,OR5,Condon State Pauling Field,"Condon, OR",92,United States,US,Oregon,OR,41.0,36951,"Condon, OR",92,45.0,N,14.0,48.0,45.24666667,120.0,W,9.0,59.0,-120.16638889,7/1/2023 12:00:00 AM,,0,1
1700501,17005,UNU,Dodge County,"Juneau, WI",45,United States,US,Wisconsin,WI,55.0,36952,"Juneau, WI",45,43.0,N,25.0,35.0,43.42638889,88.0,W,42.0,14.0,-88.70388889,7/1/2023 12:00:00 AM,,0,1
1700701,17007,6GA,Habersham County,"Cornelia, GA",34,United States,US,Georgia,GA,13.0,36954,"Cornelia, GA",34,34.0,N,29.0,59.0,34.49972222,83.0,W,33.0,24.0,-83.55666667,7/1/2023 12:00:00 AM,,0,1
1700801,17008,2NJ,Southern Cross,"Williamstown, NJ",21,United States,US,New Jersey,NJ,34.0,36955,"Williamstown, NJ",21,39.0,N,39.0,20.0,39.65555556,75.0,W,0.0,52.0,-75.01444444,9/1/2023 12:00:00 AM,,0,1
1701201,17012,3FL,Wauchula Municipal,"Wauchula, FL",33,United States,US,Florida,FL,12.0,36958,"Wauchula, FL",33,27.0,N,30.0,54.0,27.515,81.0,W,52.0,50.0,-81.88055556,1/1/2024 12:00:00 AM,,0,1
1701301,17013,TXX,Covey Trails,"Fulshear, TX",74,United States,US,Texas,TX,48.0,36959,"Fulshear, TX",74,29.0,N,41.0,24.0,29.69,95.0,W,50.0,26.0,-95.84055556,1/1/2024 12:00:00 AM,,0,1
1701401,17014,SC7,Allendale County,"Allendale, SC",37,United States,US,South Carolina,SC,45.0,36960,"Allendale, SC",37,32.0,N,59.0,42.0,32.99499999,81.0,W,16.0,13.0,-81.27027778,1/1/2024 12:00:00 AM,,0,1
1702001,17020,5CA,Gray Butte Field,"Palmdale, CA",91,United States,US,California,CA,6.0,34162,"Palmdale/Lancaster, CA",91,34.0,N,34.0,0.0,34.56666666,117.0,W,40.0,13.0,-117.67027778,1/1/2024 12:00:00 AM,6/30/2025 12:00:00 AM,0,0
1702101,17021,3NJ,Camden Airport,"Camden, NJ",21,United States,US,New Jersey,NJ,34.0,36964,"Camden, NJ",21,39.0,N,56.0,31.0,39.94194444,75.0,W,0.0,42.0,-75.01166667,1/1/2024 12:00:00 AM,1/31/2024 12:00:00 AM,0,0
1702301,17023,5NJ,Prudential Center Heliport,"Newark, NJ",21,United States,US,New Jersey,NJ,34.0,31703,"New York City, NY (Metropolitan Area)",22,40.0,N,44.0,0.0,40.73333333,74.0,W,10.0,19.0,-74.17194444,1/1/2024 12:00:00 AM,,0,1
1702701,17027,7NJ,Meadowlands 2 Nj Complex Heliport,"East Rutherford, NJ",21,United States,US,New Jersey,NJ,34.0,36966,"East Rutherford, NJ",21,40.0,N,48.0,56.0,40.81555556,74.0,W,4.0,14.0,-74.07055556,10/1/2023 12:00:00 AM,,0,1
1702801,17028,MD5,Johns Hopkins Hosp Crit Care Twr Heliport,"Baltimore, MD",35,United States,US,Maryland,MD,24.0,30852,"Washington, DC (Metropolitan Area)",32,39.0,N,17.0,45.0,39.29583333,76.0,W,35.0,31.0,-76.59194444,10/1/2023 12:00:00 AM,,0,1
1702901,17029,3PA,Conshohocken Heliport,"Conshohocken, PA",23,United States,US,Pennsylvania,PA,42.0,36968,"Conshohocken, PA",23,40.0,N,4.0,10.0,40.06944444,75.0,W,18.0,8.0,-75.30222222,10/1/2023 12:00:00 AM,,0,1
1703001,17030,4PA,Total Rf Heliport,"Bensalem, PA",23,United States,US,Pennsylvania,PA,42.0,36969,"Bensalem, PA",23,40.0,N,4.0,15.0,40.07083333,74.0,W,56.0,1.0,-74.93361111,10/1/2023 12:00:00 AM,,0,1
1703101,17031,1CT,Valley Farms,"Somers, CT",11,United States,US,Connecticut,CT,9.0,36970,"Somers, CT",11,42.0,N,0.0,49.0,42.01361111,72.0,W,28.0,22.0,-72.47277778,1/1/2024 12:00:00 AM,6/30/2025 12:00:00 AM,0,0
1703301,17033,OXD,Miami University,"Oxford, OH",44,United States,US,Ohio,OH,39.0,36972,"Oxford, OH",44,39.0,N,30.0,8.0,39.50222222,84.0,W,47.0,4.0,-84.78444444,1/1/2024 12:00:00 AM,,0,1
1703501,17035,6CA,Little River Airport,"Little River, CA",91,United States,US,California,CA,6.0,36974,"Little River, CA",91,39.0,N,15.0,43.0,39.26194444,123.0,W,45.0,14.0,-123.75388889,1/1/2024 12:00:00 AM,,0,1
1703601,17036,4FL,Quincy Municipal,"Quincy, FL",33,United States,US,Florida,FL,12.0,36975,"Quincy, FL",33,30.0,N,35.0,52.0,30.59777778,84.0,W,33.0,27.0,-84.5575,1/1/2024 12:00:00 AM,,0,1
1703901,17039,4NC,Western Carolina Regional,"Andrews, NC",36,United States,US,North Carolina,NC,37.0,36977,"Andrews, NC",36,35.0,N,11.0,43.0,35.19527778,83.0,W,51.0,47.0,-83.86305556,4/1/2024 12:00:00 AM,,0,1
1704201,17042,8NJ,Helo Kearny Heliport,"Kearny, NJ",21,United States,US,New Jersey,NJ,34.0,36980,"Kearny, NJ",21,40.0,N,43.0,54.0,40.73166667,74.0,W,7.0,0.0,-74.11666667,1/1/2024 12:00:00 AM,,0,1
1704301,17043,NH6,Parlin Field,"Newport, NH",14,United States,US,New Hampshire,NH,33.0,36981,"Newport, NH",14,43.0,N,23.0,13.0,43.38694444,72.0,W,11.0,15.0,-72.1875,1/1/2024 12:00:00 AM,6/30/2025 12:00:00 AM,0,0
1704401,17044,MD6,Claremont,"Elkton, MD",35,United States,US,Maryland,MD,24.0,30330,"Aberdeen, MD",35,39.0,N,34.0,27.0,39.57416666,75.0,W,52.0,11.0,-75.86972222,1/1/2024 12:00:00 AM,,0,1
1704501,17045,WI7,Baraboo Wisconsin Dells Regional,"Baraboo, WI",45,United States,US,Wisconsin,WI,55.0,36982,"Baraboo, WI",45,43.0,N,31.0,19.0,43.52194444,89.0,W,46.0,16.0,-89.77111111,6/1/2024 12:00:00 AM,,0,1
1704701,17047,MDN,Madison Municipal,"Madison, IN",42,United States,US,Indiana,IN,18.0,36984,"Madison, IN",42,38.0,N,45.0,36.0,38.76,85.0,W,27.0,53.0,-85.46472222,6/1/2024 12:00:00 AM,,0,1
1704801,17048,3VA,Middle Peninsula Regional,"West Point, VA",38,United States,US,Virginia,VA,51.0,36985,"West Point, VA",38,37.0,N,31.0,17.0,37.52138888,76.0,W,45.0,46.0,-76.76277778,1/1/2024 12:00:00 AM,,0,1
1704901,17049,5PA,Allentown Queen City Municipal,"Allentown, PA",23,United States,US,Pennsylvania,PA,42.0,36986,"Allentown, PA",23,40.0,N,34.0,13.0,40.57027778,75.0,W,29.0,18.0,-75.48833333,1/1/2024 12:00:00 AM,,0,1
1705001,17050,OWK,Central Maine of Norridgewock,"Norridgewock, ME",12,United States,US,Maine,ME,23.0,30414,"Augusta/Waterville, ME",12,44.0,N,42.0,56.0,44.71555556,69.0,W,51.0,59.0,-69.86638889,1/1/2024 12:00:00 AM,,0,1
1705101,17051,5FL,St George Island,"Apalachicola, FL",33,United States,US,Florida,FL,12.0,30122,"Apalachicola, FL",33,29.0,N,38.0,40.0,29.64444444,84.0,W,54.0,56.0,-84.91555556,1/1/2024 12:00:00 AM,,0,1
1705201,17052,6PA,Franklin County Regional,"Chambersburg, PA",23,United States,US,Pennsylvania,PA,42.0,36987,"Chambersburg, PA",23,39.0,N,58.0,23.0,39.97305556,77.0,W,38.0,36.0,-77.64333333,1/1/2024 12:00:00 AM,,0,1
1705301,17053,8AK,Willow Conocophillips,"Nuiqsut, AK",1,United States,US,Alaska,AK,2.0,33767,"Nuiqsut, AK",1,70.0,N,6.0,39.0,70.11083333,152.0,W,7.0,47.0,-152.12972222,9/1/2024 12:00:00 AM,,0,1
1705401,17054,MO6,Lees Summit Municipal,"Lees Summit, MO",64,United States,US,Missouri,MO,29.0,36988,"Lees Summit, MO",64,38.0,N,57.0,33.0,38.95916667,94.0,W,22.0,19.0,-94.37194444,1/1/2024 12:00:00 AM,6/30/2025 12:00:00 AM,0,0
1705801,17058,BXK,Buckeye Municipal,"Buckeye, AZ",81,United States,US,Arizona,AZ,4.0,36991,"Buckeye, AZ",81,33.0,N,25.0,21.0,33.4225,112.0,W,41.0,10.0,-112.68611111,7/1/2024 12:00:00 AM,,0,1
1705901,17059,N9Y,Murphy Field,"Auburn, NY",22,United States,US,New York,NY,36.0,36992,"Auburn, NY",22,42.0,N,50.0,34.0,42.84277778,76.0,W,26.0,43.0,-76.44527778,6/1/2024 12:00:00 AM,,0,1
1706001,17060,7CA,Lincoln Regional Karl Harder Field,"Lincoln, CA",91,United States,US,California,CA,6.0,36993,"Lincoln, CA",91,38.0,N,54.0,33.0,38.90916667,121.0,W,21.0,5.0,-121.35138889,9/1/2024 12:00:00 AM,,0,1
1706201,17062,6FL,Arcadia Municipal,"Arcadia, FL",33,United States,US,Florida,FL,12.0,36995,"Arcadia, FL",33,27.0,N,11.0,43.0,27.19527778,81.0,W,50.0,18.0,-81.83833333,1/1/2025 12:00:00 AM,,0,1
1706301,17063,2OH,Richard Downing,"Coshocton, OH",44,United States,US,Ohio,OH,39.0,36996,"Coshocton, OH",44,40.0,N,18.0,37.0,40.31027778,81.0,W,51.0,9.0,-81.8525,1/1/2025 12:00:00 AM,,0,1
1706401,17064,KY8,Stanton Airport,"Stanton, KY",52,United States,US,Kentucky,KY,21.0,36997,"Stanton, KY",52,37.0,N,50.0,59.0,37.84972221,83.0,W,50.0,45.0,-83.84583333,1/1/2025 12:00:00 AM,,0,1
1706501,17065,7FL,Wellington Aero Club,"West Palm Beach, FL",33,United States,US,Florida,FL,12.0,36801,"West Palm Beach, FL",33,26.0,N,38.0,48.0,26.64666667,80.0,W,17.0,42.0,-80.295,1/1/2025 12:00:00 AM,,0,1
1707401,17074,FRH,French Lick Municipal,"French Lick, IN",42,United States,US,Indiana,IN,18.0,30567,"Bedford, IN",42,38.0,N,30.0,22.0,38.50611111,86.0,W,38.0,13.0,-86.63694444,1/1/2025 12:00:00 AM,,0,1
1707501,17075,JVI,Central Jersey Regional,"Manville, NJ",21,United States,US,New Jersey,NJ,34.0,37003,"Manville, NJ",21,40.0,N,31.0,28.0,40.52444444,74.0,W,35.0,54.0,-74.59833333,1/1/2025 12:00:00 AM,,0,1
1707601,17076,8FL,Keystone Heights Airport,"Keystone Heights, FL",33,United States,US,Florida,FL,12.0,37004,"Keystone Heights, FL",33,29.0,N,50.0,41.0,29.84472222,82.0,W,2.0,51.0,-82.0475,1/1/2025 12:00:00 AM,6/30/2025 12:00:00 AM,0,0
1707701,17077,9AK,Wolf Lake,"Palmer, AK",1,United States,US,Alaska,AK,2.0,34013,"Palmer, AK",1,61.0,N,38.0,22.0,61.63944444,149.0,W,17.0,2.0,-149.28388889,1/1/2025 12:00:00 AM,,0,1
1707801,17078,IL4,Pittsfield Penstone Municipal,"Pittsfield, IL",41,United States,US,Illinois,IL,17.0,37005,"Pittsfield, IL",41,39.0,N,38.0,20.0,39.63888888,90.0,W,46.0,43.0,-90.77861111,1/1/2025 12:00:00 AM,,0,1
1707901,17079,N40,Sky Manor,"Pittstown, NJ",21,United States,US,New Jersey,NJ,34.0,36832,"Hackettstown, NJ",21,40.0,N,33.0,57.0,40.56583332,74.0,W,58.0,46.0,-74.97944444,4/1/2025 12:00:00 AM,,0,1
1708601,17086,AFM,Ambler Airport,"Ambler, AK",1,United States,US,Alaska,AK,2.0,30139,"Ambler, AK",1,67.0,N,6.0,24.0,67.10666667,157.0,W,51.0,26.0,-157.85722222,1/1/2025 12:00:00 AM,,0,1
1708901,17089,T44,Kodiak Airport,"Kodiak, AK",1,United States,US,Alaska,AK,2.0,30070,"Kodiak, AK",1,57.0,N,46.0,51.0,57.78083333,152.0,W,23.0,29.0,-152.39138889,1/1/2025 12:00:00 AM,,0,1
1713301,17133,4PN,Merritt Field,"Eagles Mere, PA",23,United States,US,Pennsylvania,PA,42.0,37050,"Eagles Mere, PA",23,41.0,N,25.0,15.0,41.42083333,76.0,W,32.0,4.0,-76.53444444,6/1/2025 12:00:00 AM,,0,1
1715501,17155,ANW,Ainsworth Regional,"Ainsworth, NE",65,United States,US,Nebraska,NE,31.0,37071,"Ainsworth, NE",65,42.0,N,34.0,45.0,42.57916667,99.0,W,59.0,35.0,-99.99305556,9/1/2025 12:00:00 AM,,0,1
1716301,17163,05K,Wilder Runway,"Port Alsworth, AK",1,United States,US,Alaska,AK,2.0,34268,"Port Alsworth, AK",1,60.0,N,11.0,55.0,60.19861111,154.0,W,19.0,23.0,-154.32305556,10/1/2025 12:00:00 AM,,0,1
1717701,17177,JPX,East Hampton Town,"Wainscott, NY",22,United States,US,New York,NY,36.0,32222,"East Hampton, NY",22,40.0,N,57.0,34.0,40.95944444,72.0,W,15.0,6.0,-72.25166667,1/1/2025 12:00:00 AM,,0,1
1718601,17186,RVR,Green River Municipal,"Green River, UT",87,United States,US,Utah,UT,49.0,34359,"Green River, UT",87,38.0,N,57.0,42.0,38.96166667,110.0,W,13.0,38.0,-110.22722222,1/1/2025 12:00:00 AM,,0,1
1719201,17192,81W,Fishermans Bay,"Lopez Island, WA",93,United States,US,Washington,WA,53.0,33055,"Lopez Island, WA",93,48.0,N,30.0,59.0,48.51638889,122.0,W,55.0,5.0,-122.91805556,11/1/2025 12:00:00 AM,,0,1
1719301,17193,EWU,Newtok,"Mertarvik, AK",1,United States,US,Alaska,AK,2.0,36883,"Mertarvik, AK",1,60.0,N,48.0,37.0,60.81027778,164.0,W,26.0,58.0,-164.44944444,1/1/2026 12:00:00 AM,,0,1
1719501,17195,9DA,Deck,"Myerstown, PA",23,United States,US,Pennsylvania,PA,42.0,32070,"Harrisburg, PA",23,40.0,N,21.0,8.0,40.35222222,76.0,W,19.0,47.0,-76.32972222,1/1/2026 12:00:00 AM,,0,1
1721001,17210,COI,Merritt Island Airport,"Merritt Island, FL",33,United States,US,Florida,FL,12.0,33750,"Merritt Island, FL",33,28.0,N,20.0,30.0,28.34166667,80.0,W,41.0,8.0,-80.68555556,1/1/2026 12:00:00 AM,,0,1
1721501,17215,2F5,Lamesa Municipal Airport	,"Lamesa, TX",74,United States,US,Texas,TX,48.0,30582,"Big Spring, TX",74,32.0,N,45.0,22.0,32.75611111,101.0,W,55.0,12.0,-101.92,2/1/2026 12:00:00 AM,,0,1
1722801,17228,3J1,Ridgeland-Claude Dean,"Ridgeland, SC",37,United States,US,South Carolina,SC,45.0,30569,"Beaufort, SC",37,32.0,N,29.0,36.0,32.49333333,80.0,W,59.0,30.0,-80.99166667,2/1/2026 12:00:00 AM,,0,1
1722901,17229,6A1,Butler Municipal,"Butler, GA",34,United States,US,Georgia,GA,13.0,36761,"Thomaston, GA",34,32.0,N,34.0,5.0,32.56805556,84.0,W,15.0,53.0,-84.26472222,2/1/2026 12:00:00 AM,,0,1
1723101,17231,SCA,Sidney Municipal,"Sidney, OH",44,United States,US,Ohio,OH,39.0,30454,"Wapakoneta, OH",44,40.0,N,14.0,29.0,40.24138889,84.0,W,9.0,3.0,-84.15083333,3/1/2026 12:00:00 AM,,0,1
1723201,17232,ADG,Lenawee County,"Adrian, MI",43,United States,US,Michigan,MI,26.0,35165,"Toledo, OH",44,41.0,N,52.0,4.0,41.86777777,84.0,W,4.0,38.0,-84.07722222,3/1/2026 12:00:00 AM,,0,1
9999901,99999,ZZZ,Unknown Point in Alaska,Unknown Point in Alaska,1,United States,US,Alaska,AK,2.0,99999,Unknown Point in Alaska,1,,,,,,,,,,,1/1/1950 12:00:00 AM,,0,1
